t,trajectory,n_pierce,n_pierce_x,n_pierce_y,n_pierce_z,n_lines,n_lines_closed,n_lines_open,L_total,L_closed,L_max,n_peak,integrality_error
0.0,0,0,0,0,0,0,0,0,0.0,0.0,0.0,59.09535217285156,1.7881393432617188e-07
0.025,0,0,0,0,0,0,0,0,0.0,0.0,0.0,59.35039138793945,1.7881393432617188e-07
0.05,0,9,0,0,9,1,0,1,0.7710843533277512,0.0,0.7710843533277512,60.2067756652832,1.7881393432617188e-07
0.07500000000000001,0,73,0,12,61,2,0,2,6.165837347507477,0.0,3.2440342605113983,60.71242904663086,1.7881393432617188e-07
0.1,0,107,0,16,91,2,0,2,9.217100374400616,0.0,4.656742922961712,60.84103775024414,1.7881393432617188e-07
0.125,0,124,0,14,110,2,0,2,10.968577347695827,0.0,5.660522669553757,60.988441467285156,1.7881393432617188e-07
0.15,0,201,0,22,179,4,0,4,17.774032793939114,0.0,6.11906311661005,61.35436248779297,1.7881393432617188e-07
0.175,0,259,0,27,232,4,0,4,23.053856797516346,0.0,6.488068260252476,61.15305709838867,1.7881393432617188e-07
0.19999999999999998,0,288,0,31,257,4,0,4,25.623192377388477,0.0,7.049844227731228,62.38870620727539,1.7881393432617188e-07
0.22499999999999998,0,321,0,39,282,4,0,4,28.380455158650875,0.0,7.804391421377659,62.36652374267578,1.7881393432617188e-07
0.24999999999999997,0,398,1,46,351,6,0,6,35.326167561113834,0.0,8.229857876896858,65.14737701416016,1.7881393432617188e-07
0.27499999999999997,0,449,2,35,412,6,0,6,40.722200363874435,0.0,8.296006366610527,70.17347717285156,1.7881393432617188e-07
0.3,0,484,1,38,445,6,0,6,43.87029653042555,0.0,8.528701730072498,73.13668060302734,1.7881393432617188e-07
0.325,0,525,1,42,482,8,0,8,47.45994859933853,0.0,8.528701767325401,83.67790985107422,1.7881393432617188e-07
0.35000000000000003,0,589,0,53,536,8,0,8,53.007547967135906,0.0,8.608550056815147,97.12336730957031,1.7881393432617188e-07
0.37500000000000006,0,644,0,51,593,9,0,9,58.437765911221504,0.0,8.512164555490017,110.60089111328125,1.7881393432617188e-07
0.4000000000000001,0,707,1,45,661,10,0,10,64.61173128336668,0.0,8.568625830113888,122.88453674316406,1.7881393432617188e-07
0.4250000000000001,0,743,0,42,701,10,0,10,68.27922562509775,0.0,8.50531455874443,132.9424285888672,1.7881393432617188e-07
0.4500000000000001,0,815,2,52,761,11,0,11,74.47329264879227,0.0,8.601699940860271,140.6304931640625,1.7881393432617188e-07
0.47500000000000014,0,905,1,61,843,12,0,12,82.59991566091776,0.0,8.72147250175476,146.77459716796875,1.7881393432617188e-07
0.5000000000000001,0,941,3,53,885,12,0,12,86.3803323507309,0.0,8.698085457086563,152.03590393066406,1.7881393432617188e-07
0.5250000000000001,0,986,4,55,927,14,0,14,90.3837563842535,0.0,8.777933903038502,156.06936645507812,1.7881393432617188e-07
0.5500000000000002,0,1036,7,59,970,14,0,14,94.8078041896224,0.0,8.81785799562931,158.78343200683594,1.7881393432617188e-07
0.5750000000000002,0,1025,3,62,960,14,0,14,93.80402497202158,0.0,8.641624182462692,159.9447479248047,1.7881393432617188e-07
0.6000000000000002,0,1004,3,73,928,13,0,13,91.25523986667395,0.0,8.801321037113667,159.6874542236328,1.7881393432617188e-07
0.6250000000000002,0,951,3,63,885,12,0,12,86.8360363766551,0.0,8.545238763093948,156.39833068847656,1.7881393432617188e-07
0.6500000000000002,0,919,5,66,848,12,0,12,83.44116102159023,0.0,8.625087022781372,149.6827850341797,1.7881393432617188e-07
0.6750000000000003,0,851,7,54,790,12,0,12,77.47978796809912,0.0,8.6250871270895,139.98056030273438,1.7881393432617188e-07
0.7000000000000003,0,779,4,58,717,10,0,10,70.67633938789368,0.0,8.601699985563755,128.1502227783203,1.7881393432617188e-07
0.7250000000000003,0,732,2,71,659,9,0,9,65.59329874813557,0.0,8.721472479403019,116.43743133544922,1.7881393432617188e-07
0.7500000000000003,0,699,2,70,627,9,0,9,62.497267842292786,0.0,8.665011249482632,104.62260437011719,1.7881393432617188e-07
0.7750000000000004,0,640,0,62,578,8,0,8,57.443289428949356,0.0,8.721472658216953,92.95967864990234,1.7881393432617188e-07
0.8000000000000004,0,595,2,53,540,9,0,9,53.4047836214304,0.0,8.721472464501858,81.81197357177734,1.7881393432617188e-07
0.8250000000000004,0,528,0,52,476,7,0,7,47.33733869343996,0.0,8.7049355879426,71.9747085571289,1.7881393432617188e-07
0.8500000000000004,0,511,1,70,440,7,0,7,44.59778863936663,0.0,8.592013016343117,66.03992462158203,1.7881393432617188e-07
0.8750000000000004,0,480,0,73,407,6,0,6,41.70577426254749,0.0,8.479090347886086,60.95128631591797,1.7881393432617188e-07
0.9000000000000005,0,410,1,58,351,6,0,6,35.77747569233179,0.0,8.110085353255272,56.6222038269043,1.7881393432617188e-07
0.9250000000000005,0,322,0,32,290,5,0,5,28.747453525662422,0.0,7.661231867969036,56.783287048339844,1.7881393432617188e-07
0.9500000000000005,0,266,0,30,236,4,0,4,23.559171348810196,0.0,7.122842617332935,57.04843521118164,1.7881393432617188e-07
0.9750000000000005,0,237,0,34,203,6,0,6,20.43006704747677,0.0,6.624378301203251,57.09006118774414,1.7881393432617188e-07
1.0000000000000004,0,184,0,25,159,4,0,4,16.0225560516119,0.0,6.182374678552151,55.36469650268555,1.7881393432617188e-07
1.0250000000000004,0,155,1,22,132,4,0,4,13.564799450337887,0.0,5.524212844669819,53.858097076416016,1.7881393432617188e-07
1.0500000000000003,0,115,1,20,94,3,0,3,9.637723051011562,0.0,4.72489770501852,53.03268051147461,1.7881393432617188e-07
1.0750000000000002,0,71,1,13,57,2,0,2,5.916604787111282,0.0,3.4085744842886925,52.24179458618164,1.7881393432617188e-07
1.1,0,0,0,0,0,0,0,0,0.0,0.0,0.0,51.932884216308594,1.7881393432617188e-07
1.125,0,0,0,0,0,0,0,0,0.0,0.0,0.0,51.729671478271484,1.7881393432617188e-07
1.15,0,0,0,0,0,0,0,0,0.0,0.0,0.0,51.30174255371094,1.7881393432617188e-07
1.1749999999999998,0,0,0,0,0,0,0,0,0.0,0.0,0.0,50.72835159301758,1.7881393432617188e-07
1.1999999999999997,0,0,0,0,0,0,0,0,0.0,0.0,0.0,50.00022506713867,1.7881393432617188e-07
1.2249999999999996,0,0,0,0,0,0,0,0,0.0,0.0,0.0,49.618408203125,1.7881393432617188e-07
1.2499999999999996,0,0,0,0,0,0,0,0,0.0,0.0,0.0,49.36365509033203,1.7881393432617188e-07
1.2749999999999995,0,0,0,0,0,0,0,0,0.0,0.0,0.0,49.203880310058594,1.7881393432617188e-07
1.2999999999999994,0,0,0,0,0,0,0,0,0.0,0.0,0.0,49.128719329833984,1.7881393432617188e-07
1.3249999999999993,0,0,0,0,0,0,0,0,0.0,0.0,0.0,48.849822998046875,1.7881393432617188e-07
1.3499999999999992,0,0,0,0,0,0,0,0,0.0,0.0,0.0,48.46875762939453,1.7881393432617188e-07
1.3749999999999991,0,0,0,0,0,0,0,0,0.0,0.0,0.0,47.87996292114258,1.7881393432617188e-07
1.399999999999999,0,0,0,0,0,0,0,0,0.0,0.0,0.0,47.60154342651367,1.7881393432617188e-07
1.424999999999999,0,0,0,0,0,0,0,0,0.0,0.0,0.0,47.62264633178711,1.7881393432617188e-07
1.4499999999999988,0,0,0,0,0,0,0,0,0.0,0.0,0.0,47.472042083740234,1.7881393432617188e-07
1.4749999999999988,0,0,0,0,0,0,0,0,0.0,0.0,0.0,47.17756652832031,1.7881393432617188e-07
1.4999999999999987,0,0,0,0,0,0,0,0,0.0,0.0,0.0,46.72917938232422,1.7881393432617188e-07
1.5249999999999986,0,0,0,0,0,0,0,0,0.0,0.0,0.0,46.89719009399414,1.7881393432617188e-07
1.5499999999999985,0,0,0,0,0,0,0,0,0.0,0.0,0.0,47.255836486816406,1.7881393432617188e-07
1.5749999999999984,0,0,0,0,0,0,0,0,0.0,0.0,0.0,47.47245788574219,1.7881393432617188e-07
1.5999999999999983,0,0,0,0,0,0,0,0,0.0,0.0,0.0,47.5506591796875,1.7881393432617188e-07
1.6249999999999982,0,0,0,0,0,0,0,0,0.0,0.0,0.0,47.48149490356445,1.7881393432617188e-07
1.6499999999999981,0,0,0,0,0,0,0,0,0.0,0.0,0.0,47.266788482666016,1.7881393432617188e-07
1.674999999999998,0,0,0,0,0,0,0,0,0.0,0.0,0.0,46.91225814819336,1.7881393432617188e-07
1.699999999999998,0,66,0,10,56,2,0,2,5.604061298072338,0.0,3.210959814488888,46.44992446899414,1.7881393432617188e-07
1.7249999999999979,0,120,0,21,99,4,0,4,10.079726599156857,0.0,5.105596512556076,45.81435012817383,1.7881393432617188e-07
1.7499999999999978,0,166,0,28,138,3,0,3,14.158156149089336,0.0,6.1493000611662865,44.98256301879883,1.7881393432617188e-07
1.7749999999999977,0,214,0,50,164,4,0,4,17.671525038778782,0.0,6.903847321867943,44.15155029296875,1.7881393432617188e-07
1.7999999999999976,0,273,0,59,214,4,0,4,22.765875473618507,0.0,7.874552711844444,44.35614013671875,1.7881393432617188e-07
1.8249999999999975,0,320,0,55,265,5,0,5,27.453238613903522,0.0,8.549251683056355,44.89937210083008,1.7881393432617188e-07
1.8499999999999974,0,347,0,57,290,4,0,4,29.870175063610077,0.0,8.638787277042866,44.81526184082031,1.7881393432617188e-07
1.8749999999999973,0,434,0,76,358,6,0,6,37.159116454422474,0.0,8.79163397103548,44.45913314819336,1.7881393432617188e-07
1.8999999999999972,0,534,0,102,432,8,0,8,45.13735346496105,0.0,9.223950661718845,45.553348541259766,1.7881393432617188e-07
1.9249999999999972,0,605,1,107,497,8,0,8,51.52903509140015,0.0,9.263874128460884,48.59111785888672,1.7881393432617188e-07
1.949999999999997,0,637,2,93,542,8,0,8,55.319139793515205,0.0,9.496570214629173,54.77242660522461,1.7881393432617188e-07
1.974999999999997,0,658,0,86,572,8,0,8,57.936080142855644,0.0,9.574411995708942,62.66367721557617,1.7881393432617188e-07
1.999999999999997,0,710,0,96,614,9,0,9,62.17420715093613,0.0,9.546181477606297,70.85550689697266,1.7881393432617188e-07
0.0,1,0,0,0,0,0,0,0,0.0,0.0,0.0,59.437252044677734,1.7881393432617188e-07
0.025,1,0,0,0,0,0,0,0,0.0,0.0,0.0,59.38947677612305,1.7881393432617188e-07
0.05,1,10,0,1,9,1,0,1,0.8110084980726242,0.0,0.8110084980726242,59.379661560058594,1.7881393432617188e-07
0.07500000000000001,1,73,0,8,65,2,0,2,6.3916827738285065,0.0,3.2041099965572357,59.33883285522461,1.7881393432617188e-07
0.1,1,98,0,10,88,2,0,2,8.688398621976376,0.0,4.497046127915382,58.937583923339844,1.7881393432617188e-07
0.125,1,157,0,31,126,4,0,4,13.10960879176855,0.0,5.502832032740116,58.37677764892578,1.7881393432617188e-07
0.15,1,230,0,49,181,4,0,4,19.101218700408936,0.0,6.198911644518375,58.5898323059082,1.7881393432617188e-07
0.175,1,273,0,44,229,4,0,4,23.44341165572405,0.0,7.063544228672981,58.27120590209961,1.7881393432617188e-07
0.19999999999999998,1,290,0,23,267,4,0,4,26.267654113471508,0.0,7.2922269850969315,60.43001174926758,1.7881393432617188e-07
0.22499999999999998,1,332,1,35,296,5,0,5,29.513694189488888,0.0,7.797541633248329,63.27193069458008,1.7881393432617188e-07
0.24999999999999997,1,415,0,69,346,6,0,6,35.66655953973532,0.0,8.2298578992486,64.95670318603516,1.7881393432617188e-07
0.27499999999999997,1,474,3,69,402,6,0,6,41.12790821492672,0.0,8.495627485215664,67.96085357666016,1.7881393432617188e-07
0.3,1,496,4,53,439,6,0,6,44.06708014756441,0.0,8.6085499599576,72.74110412597656,1.7881393432617188e-07
0.325,1,531,2,32,497,7,0,7,48.671029441058636,0.0,8.601699963212013,81.49844360351562,1.7881393432617188e-07
0.35000000000000003,1,594,0,52,542,8,0,8,53.60239854454994,0.0,8.625087156891823,91.4145736694336,1.7881393432617188e-07
0.37500000000000006,1,661,0,77,584,8,0,8,58.704709596931934,0.0,8.665011279284954,105.13294982910156,1.7881393432617188e-07
0.4000000000000001,1,703,0,75,628,10,0,10,62.588809944689274,0.0,8.728322632610798,119.63508605957031,1.7881393432617188e-07
0.4250000000000001,1,760,3,57,700,10,0,10,68.9014758169651,0.0,8.625087134540081,133.30992126464844,1.7881393432617188e-07
0.4500000000000001,1,791,2,36,753,11,0,11,73.06342149525881,0.0,8.641624204814434,144.6291046142578,1.7881393432617188e-07
0.47500000000000014,1,869,3,42,824,12,0,12,80.08987863361835,0.0,8.62508711963892,153.16424560546875,1.7881393432617188e-07
0.5000000000000001,1,935,2,58,875,12,0,12,85.57617393881083,0.0,8.704935669898987,158.77694702148438,1.7881393432617188e-07
0.5250000000000001,1,971,2,61,908,12,0,12,88.90490059554577,0.0,8.704935476183891,160.62098693847656,1.7881393432617188e-07
0.5500000000000002,1,1004,4,55,945,13,0,13,92.24331280589104,0.0,8.665011405944824,159.3896484375,1.7881393432617188e-07
0.5750000000000002,1,1001,5,47,949,13,0,13,92.2929244786501,0.0,8.658161245286465,156.30494689941406,1.7881393432617188e-07
0.6000000000000002,1,982,6,54,922,12,0,12,90.19098571687937,0.0,8.777933865785599,153.35577392578125,1.7881393432617188e-07
0.6250000000000002,1,972,2,71,899,12,0,12,88.40844088792801,0.0,8.897706404328346,149.83580017089844,1.7881393432617188e-07
0.6500000000000002,1,923,3,65,855,12,0,12,84.02431872487068,0.0,8.801321014761925,145.3042755126953,1.7881393432617188e-07
0.6750000000000003,1,827,3,50,774,11,0,11,75.71461099386215,0.0,8.72147261351347,139.08685302734375,1.7881393432617188e-07
0.7000000000000003,1,777,5,49,723,10,0,10,70.96348929405212,0.0,8.721472650766373,130.7037811279297,1.7881393432617188e-07
0.7250000000000003,1,718,1,48,669,10,0,10,65.47435767948627,0.0,8.545238800346851,120.96443176269531,1.7881393432617188e-07
0.7500000000000003,1,638,1,52,585,8,0,8,57.78690141439438,0.0,8.704935528337955,109.21564483642578,1.7881393432617188e-07
0.7750000000000004,1,613,1,56,556,8,0,8,55.151417411863804,0.0,8.744859777390957,96.17033386230469,1.7881393432617188e-07
0.8000000000000004,1,563,0,53,510,9,0,9,50.43336941301823,0.0,8.648474209010601,82.76780700683594,1.7881393432617188e-07
0.8250000000000004,1,521,0,46,475,7,0,7,47.00140806287527,0.0,8.625087104737759,73.4627456665039,1.7881393432617188e-07
0.8500000000000004,1,465,0,41,424,6,0,6,41.98250997066498,0.0,8.568625815212727,65.4205551147461,1.7881393432617188e-07
0.8750000000000004,1,434,0,45,389,6,0,6,38.74048212170601,0.0,8.711785554885864,59.59565353393555,1.7881393432617188e-07
0.9000000000000005,1,371,0,46,325,5,0,5,32.7645785138011,0.0,8.286319479346275,58.39096450805664,1.7881393432617188e-07
0.9250000000000005,1,338,0,44,294,5,0,5,29.66854754090309,0.0,7.9007770121097565,56.73702621459961,1.7881393432617188e-07
0.9500000000000005,1,283,0,35,248,4,0,4,24.97188103199005,0.0,7.451923854649067,53.7874755859375,1.7881393432617188e-07
0.9750000000000005,1,239,0,27,212,4,0,4,21.210390515625477,0.0,6.737300761044025,54.21022033691406,1.7881393432617188e-07
1.0000000000000004,1,173,0,18,155,4,0,4,15.329314477741718,0.0,6.022677958011627,54.621089935302734,1.7881393432617188e-07
1.0250000000000004,1,119,0,14,105,2,0,2,10.486649513244629,0.0,5.387903124094009,54.463504791259766,1.7881393432617188e-07
1.0500000000000003,1,100,0,15,85,2,0,2,8.655324451625347,0.0,4.3958171382546425,54.358158111572266,1.7881393432617188e-07
1.0750000000000002,1,73,0,10,63,2,0,2,6.2787600085139275,0.0,3.2440341785550117,54.33915710449219,1.7881393432617188e-07
1.1,1,22,1,2,19,2,0,2,1.7865575030446053,0.0,1.3046297803521156,54.13090133666992,1.7881393432617188e-07
1.125,1,0,0,0,0,0,0,0,0.0,0.0,0.0,53.62025451660156,1.7881393432617188e-07
1.15,1,0,0,0,0,0,0,0,0.0,0.0,0.0,52.876380920410156,1.7881393432617188e-07
1.1749999999999998,1,0,0,0,0,0,0,0,0.0,0.0,0.0,53.13835525512695,1.7881393432617188e-07
1.1999999999999997,1,0,0,0,0,0,0,0,0.0,0.0,0.0,53.17379379272461,1.7881393432617188e-07
1.2249999999999996,1,0,0,0,0,0,0,0,0.0,0.0,0.0,52.99467086791992,1.7881393432617188e-07
1.2499999999999996,1,0,0,0,0,0,0,0,0.0,0.0,0.0,52.62006759643555,1.7881393432617188e-07
1.2749999999999995,1,0,0,0,0,0,0,0,0.0,0.0,0.0,52.029212951660156,1.7881393432617188e-07
1.2999999999999994,1,0,0,0,0,0,0,0,0.0,0.0,0.0,51.35885238647461,1.7881393432617188e-07
1.3249999999999993,1,0,0,0,0,0,0,0,0.0,0.0,0.0,50.676490783691406,1.7881393432617188e-07
1.3499999999999992,1,0,0,0,0,0,0,0,0.0,0.0,0.0,49.76645278930664,1.7881393432617188e-07
1.3749999999999991,1,0,0,0,0,0,0,0,0.0,0.0,0.0,48.73958969116211,1.7881393432617188e-07
1.399999999999999,1,0,0,0,0,0,0,0,0.0,0.0,0.0,48.57324981689453,1.7881393432617188e-07
1.424999999999999,1,0,0,0,0,0,0,0,0.0,0.0,0.0,48.74983596801758,1.7881393432617188e-07
1.4499999999999988,1,0,0,0,0,0,0,0,0.0,0.0,0.0,48.764984130859375,1.7881393432617188e-07
1.4749999999999988,1,0,0,0,0,0,0,0,0.0,0.0,0.0,48.627586364746094,1.7881393432617188e-07
1.4999999999999987,1,0,0,0,0,0,0,0,0.0,0.0,0.0,48.3433723449707,1.7881393432617188e-07
1.5249999999999986,1,0,0,0,0,0,0,0,0.0,0.0,0.0,47.92880630493164,1.7881393432617188e-07
1.5499999999999985,1,0,0,0,0,0,0,0,0.0,0.0,0.0,47.81955337524414,1.7881393432617188e-07
1.5749999999999984,1,0,0,0,0,0,0,0,0.0,0.0,0.0,48.228363037109375,1.7881393432617188e-07
1.5999999999999983,1,0,0,0,0,0,0,0,0.0,0.0,0.0,48.50480270385742,1.7881393432617188e-07
1.6249999999999982,1,0,0,0,0,0,0,0,0.0,0.0,0.0,48.65092849731445,1.7881393432617188e-07
1.6499999999999981,1,0,0,0,0,0,0,0,0.0,0.0,0.0,48.69791030883789,1.7881393432617188e-07
1.674999999999998,1,0,0,0,0,0,0,0,0.0,0.0,0.0,48.615501403808594,1.7881393432617188e-07
1.699999999999998,1,56,0,15,41,2,0,2,4.470821857452393,0.0,2.4797997027635574,48.35335159301758,1.7881393432617188e-07
1.7249999999999979,1,105,0,20,85,2,0,2,8.798483952879906,0.0,4.430897600948811,48.012454986572266,1.7881393432617188e-07
1.7499999999999978,1,156,1,24,131,4,1,3,13.528225518763065,0.43716004490852356,5.524212762713432,47.69741439819336,1.7881393432617188e-07
1.7749999999999977,1,216,0,30,186,4,0,4,18.79635588824749,0.0,6.39168269187212,47.14415740966797,1.7881393432617188e-07
1.7999999999999976,1,277,0,53,224,4,0,4,23.320801481604576,0.0,7.329313717782497,46.09341049194336,1.7881393432617188e-07
1.8249999999999975,1,346,0,75,271,5,0,5,28.77402202039957,0.0,7.846322134137154,45.418697357177734,1.7881393432617188e-07
1.8499999999999974,1,385,2,65,318,6,0,6,32.803671434521675,0.0,7.987475536763668,45.21918487548828,1.7881393432617188e-07
1.8749999999999973,1,447,0,53,394,6,0,6,39.570034340023994,0.0,8.279469437897205,44.483551025390625,1.7881393432617188e-07
1.8999999999999972,1,514,1,69,444,6,0,6,45.0115604698658,0.0,9.040866188704967,44.75918960571289,1.7881393432617188e-07
1.9249999999999972,1,588,0,98,490,7,0,7,50.523250088095665,0.0,9.513107068836689,48.48036575317383,1.7881393432617188e-07
1.949999999999997,1,614,0,95,519,7,0,7,53.17042760550976,0.0,9.449796125292778,56.13489532470703,1.7881393432617188e-07
1.974999999999997,1,649,0,84,565,8,0,8,57.125071600079536,0.0,9.11386502534151,64.56639862060547,1.7881393432617188e-07
1.999999999999997,1,674,0,69,605,8,0,8,60.35339976102114,0.0,9.034016579389572,72.78844451904297,1.7881393432617188e-07
0.0,2,0,0,0,0,0,0,0,0.0,0.0,0.0,58.83931350708008,1.7881393432617188e-07
0.025,2,0,0,0,0,0,0,0,0.0,0.0,0.0,58.2790641784668,1.7881393432617188e-07
0.05,2,0,0,0,0,0,0,0,0.0,0.0,0.0,58.360904693603516,1.7881393432617188e-07
0.07500000000000001,2,75,0,14,61,2,0,2,6.2456857562065125,0.0,3.436805211007595,58.588478088378906,1.7881393432617188e-07
0.1,2,119,0,20,99,2,0,2,10.176112182438374,0.0,5.197138249874115,58.428916931152344,1.7881393432617188e-07
0.125,2,156,0,15,141,4,0,4,13.831913322210312,0.0,5.524213060736656,58.584129333496094,1.7881393432617188e-07
0.15,2,222,0,27,195,4,0,4,19.515822753310204,0.0,6.085988983511925,58.46864700317383,1.7881393432617188e-07
0.175,2,266,0,32,234,4,0,4,23.446248903870583,0.0,6.800612151622772,58.08930969238281,1.7881393432617188e-07
0.19999999999999998,2,307,0,42,265,4,0,4,26.833442382514477,0.0,7.458773702383041,60.71261215209961,1.7881393432617188e-07
0.22499999999999998,2,335,0,39,296,5,0,5,29.63346739113331,0.0,7.804391644895077,63.66371536254883,1.7881393432617188e-07
0.24999999999999997,2,392,1,31,360,6,0,6,35.45451741665602,0.0,8.046774230897427,64.76070404052734,1.7881393432617188e-07
0.27499999999999997,2,457,3,36,418,6,0,6,41.26788654923439,0.0,8.455703310668468,66.73383331298828,1.7881393432617188e-07
0.3,2,498,2,45,451,6,0,6,44.79623402655125,0.0,8.8247080296278,72.42529296875,1.7881393432617188e-07
0.325,2,546,2,53,491,7,0,7,48.87466372549534,0.0,8.688398458063602,81.86024475097656,1.7881393432617188e-07
0.35000000000000003,2,607,0,53,554,8,0,8,54.798949517309666,0.0,8.6883984208107,92.10253143310547,1.7881393432617188e-07
0.37500000000000006,2,624,0,37,587,8,0,8,57.312654472887516,0.0,8.488777495920658,106.34796905517578,1.7881393432617188e-07
0.4000000000000001,2,654,3,40,611,8,0,8,59.86545319110155,0.0,8.625087194144726,120.83615112304688,1.7881393432617188e-07
0.4250000000000001,2,744,1,57,686,10,0,10,67.50045987963676,0.0,8.665011323988438,134.20494079589844,1.7881393432617188e-07
0.4500000000000001,2,832,4,71,757,11,0,11,74.98262093961239,0.0,8.704935602843761,145.14149475097656,1.7881393432617188e-07
0.47500000000000014,2,890,5,61,824,12,0,12,80.92828677594662,0.0,8.665011301636696,152.73809814453125,1.7881393432617188e-07
0.5000000000000001,2,921,4,43,874,12,0,12,84.96077398955822,0.0,8.545238755643368,156.69017028808594,1.7881393432617188e-07
0.5250000000000001,2,999,5,79,915,13,0,13,90.32162149995565,0.0,8.76139671355486,158.095458984375,1.7881393432617188e-07
0.5500000000000002,2,1084,5,111,968,14,0,14,96.58301267772913,0.0,8.897706381976604,157.53404235839844,1.7881393432617188e-07
0.5750000000000002,2,1078,4,111,963,14,0,14,96.1176214441657,0.0,8.937630631029606,155.8712158203125,1.7881393432617188e-07
0.6000000000000002,2,989,3,70,916,12,0,12,90.04699522256851,0.0,8.77793388068676,153.6855926513672,1.7881393432617188e-07
0.6250000000000002,2,968,3,69,896,12,0,12,88.13582175970078,0.0,8.64162427186966,150.5437774658203,1.7881393432617188e-07
0.6500000000000002,2,931,4,74,853,12,0,12,84.17432750761509,0.0,8.77793387323618,146.53553771972656,1.7881393432617188e-07
0.6750000000000003,2,845,5,82,758,12,0,12,75.48994061350822,0.0,8.704935498535633,140.66453552246094,1.7881393432617188e-07
0.7000000000000003,2,785,2,71,712,10,0,10,70.63357812911272,0.0,8.784783974289894,132.24232482910156,1.7881393432617188e-07
0.7250000000000003,2,722,2,61,659,10,0,10,65.15368524938822,0.0,8.704935528337955,121.36477661132812,1.7881393432617188e-07
0.7500000000000003,2,658,2,58,598,9,0,9,59.25122768431902,0.0,8.585162989795208,108.5633544921875,1.7881393432617188e-07
0.7750000000000004,2,619,1,58,560,8,0,8,55.616807863116264,0.0,8.60855007916689,94.94210052490234,1.7881393432617188e-07
0.8000000000000004,2,570,0,56,514,9,0,9,50.99514593183994,0.0,8.744859725236893,81.74518585205078,1.7881393432617188e-07
0.8250000000000004,2,528,0,55,473,7,0,7,47.13972403854132,0.0,8.688398502767086,74.19947814941406,1.7881393432617188e-07
0.8500000000000004,2,477,0,58,419,6,0,6,42.20752443373203,0.0,8.552088811993599,66.1717300415039,1.7881393432617188e-07
0.8750000000000004,2,433,0,51,382,6,0,6,38.361790768802166,0.0,8.35931783169508,61.60905075073242,1.7881393432617188e-07
0.9000000000000005,2,386,0,43,343,6,0,6,34.28335988521576,0.0,8.070161081850529,58.2257194519043,1.7881393432617188e-07
0.9250000000000005,2,345,0,44,301,5,0,5,30.371476642787457,0.0,7.929007776081562,55.85634994506836,1.7881393432617188e-07
0.9500000000000005,2,303,0,46,257,4,0,4,26.22205550223589,0.0,7.538622088730335,56.003780364990234,1.7881393432617188e-07
0.9750000000000005,2,258,0,45,213,4,0,4,21.941167160868645,0.0,7.016770102083683,55.79639434814453,1.7881393432617188e-07
1.0000000000000004,2,204,1,32,171,4,0,4,17.498576164245605,0.0,6.523148588836193,54.71894073486328,1.7881393432617188e-07
1.0250000000000004,2,137,2,15,120,3,0,3,12.040512226521969,0.0,5.479445248842239,52.982364654541016,1.7881393432617188e-07
1.0500000000000003,2,107,1,17,89,2,0,2,9.104177698493004,0.0,4.616818778216839,51.8791389465332,1.7881393432617188e-07
1.0750000000000002,2,86,1,21,64,2,0,2,6.938928112387657,0.0,3.716274671256542,51.15153884887695,1.7881393432617188e-07
1.1,2,27,0,7,20,2,0,2,2.07087055593729,0.0,1.4808637499809265,50.97419357299805,1.7881393432617188e-07
1.125,2,0,0,0,0,0,0,0,0.0,0.0,0.0,50.73279571533203,1.7881393432617188e-07
1.15,2,0,0,0,0,0,0,0,0.0,0.0,0.0,50.346435546875,1.7881393432617188e-07
1.1749999999999998,2,0,0,0,0,0,0,0,0.0,0.0,0.0,49.909244537353516,1.7881393432617188e-07
1.1999999999999997,2,0,0,0,0,0,0,0,0.0,0.0,0.0,49.585899353027344,1.7881393432617188e-07
1.2249999999999996,2,0,0,0,0,0,0,0,0.0,0.0,0.0,49.11771011352539,1.7881393432617188e-07
1.2499999999999996,2,0,0,0,0,0,0,0,0.0,0.0,0.0,48.54328536987305,1.7881393432617188e-07
1.2749999999999995,2,0,0,0,0,0,0,0,0.0,0.0,0.0,48.118587493896484,1.7881393432617188e-07
1.2999999999999994,2,0,0,0,0,0,0,0,0.0,0.0,0.0,48.060909271240234,1.7881393432617188e-07
1.3249999999999993,2,0,0,0,0,0,0,0,0.0,0.0,0.0,48.19663619995117,1.7881393432617188e-07
1.3499999999999992,2,0,0,0,0,0,0,0,0.0,0.0,0.0,48.186378479003906,1.7881393432617188e-07
1.3749999999999991,2,0,0,0,0,0,0,0,0.0,0.0,0.0,48.10548782348633,1.7881393432617188e-07
1.399999999999999,2,0,0,0,0,0,0,0,0.0,0.0,0.0,48.27315902709961,1.7881393432617188e-07
1.424999999999999,2,0,0,0,0,0,0,0,0.0,0.0,0.0,48.391414642333984,1.7881393432617188e-07
1.4499999999999988,2,0,0,0,0,0,0,0,0.0,0.0,0.0,48.39895248413086,1.7881393432617188e-07
1.4749999999999988,2,0,0,0,0,0,0,0,0.0,0.0,0.0,48.29800796508789,1.7881393432617188e-07
1.4999999999999987,2,0,0,0,0,0,0,0,0.0,0.0,0.0,48.0868034362793,1.7881393432617188e-07
1.5249999999999986,2,0,0,0,0,0,0,0,0.0,0.0,0.0,47.97727584838867,1.7881393432617188e-07
1.5499999999999985,2,0,0,0,0,0,0,0,0.0,0.0,0.0,48.1912727355957,1.7881393432617188e-07
1.5749999999999984,2,0,0,0,0,0,0,0,0.0,0.0,0.0,48.26180648803711,1.7881393432617188e-07
1.5999999999999983,2,0,0,0,0,0,0,0,0.0,0.0,0.0,48.19057083129883,1.7881393432617188e-07
1.6249999999999982,2,0,0,0,0,0,0,0,0.0,0.0,0.0,48.086036682128906,1.7881393432617188e-07
1.6499999999999981,2,0,0,0,0,0,0,0,0.0,0.0,0.0,48.139137268066406,1.7881393432617188e-07
1.674999999999998,2,0,0,0,0,0,0,0,0.0,0.0,0.0,48.02656936645508,1.7881393432617188e-07
1.699999999999998,2,45,0,2,43,2,0,2,4.031655736267567,0.0,2.8351050317287445,47.71148681640625,1.7881393432617188e-07
1.7249999999999979,2,90,0,12,78,2,0,2,7.804391585290432,0.0,4.134891159832478,47.27952194213867,1.7881393432617188e-07
1.7499999999999978,2,150,0,27,123,3,0,3,12.672449059784412,0.0,5.17859473824501,46.85036849975586,1.7881393432617188e-07
1.7749999999999977,2,219,0,35,184,5,0,5,18.931321695446968,0.0,6.302147224545479,46.14567184448242,1.7881393432617188e-07
1.7999999999999976,2,266,0,33,233,4,0,4,23.446248948574066,0.0,6.981689624488354,44.93367004394531,1.7881393432617188e-07
1.8249999999999975,2,330,0,35,295,6,0,6,29.36569131165743,0.0,7.360381796956062,43.912689208984375,1.7881393432617188e-07
1.8499999999999974,2,418,0,62,356,6,0,6,36.29493188112974,0.0,8.173396617174149,44.0390739440918,1.7881393432617188e-07
1.8749999999999973,2,468,0,61,407,6,0,6,41.114209450781345,0.0,8.615400098264217,45.16339874267578,1.7881393432617188e-07
1.8999999999999972,2,507,1,53,453,6,0,6,45.26847482472658,0.0,8.965861730277538,45.50550079345703,1.7881393432617188e-07
1.9249999999999972,2,521,0,52,469,6,0,6,46.73079486936331,0.0,9.125558324158192,49.64018630981445,1.7881393432617188e-07
1.949999999999997,2,613,0,70,543,8,0,8,54.41742057353258,0.0,9.097327999770641,56.74069595336914,1.7881393432617188e-07
1.974999999999997,2,666,0,79,587,8,0,8,59.017703004181385,0.0,9.522794395685196,63.27886199951172,1.7881393432617188e-07
1.999999999999997,2,680,0,55,625,8,0,8,61.69394139200449,0.0,9.396171905100346,71.27293395996094,1.7881393432617188e-07
0.0,3,0,0,0,0,0,0,0,0.0,0.0,0.0,61.912750244140625,1.7881393432617188e-07
0.025,3,0,0,0,0,0,0,0,0.0,0.0,0.0,62.29475021362305,1.7881393432617188e-07
0.05,3,20,1,2,17,1,0,1,1.6619412899017334,0.0,1.6619412899017334,62.475929260253906,1.7881393432617188e-07
0.07500000000000001,3,63,0,8,55,2,0,2,5.484288670122623,0.0,3.096030816435814,62.44013214111328,1.7881393432617188e-07
0.1,3,90,0,9,81,2,0,2,7.973775535821915,0.0,3.991731435060501,62.261253356933594,1.7881393432617188e-07
0.125,3,141,0,13,128,4,0,4,12.499052606523037,0.0,5.235056161880493,61.6024284362793,1.7881393432617188e-07
0.15,3,212,0,21,191,4,0,4,18.862504489719868,0.0,6.022677585482597,60.71811294555664,1.7881393432617188e-07
0.175,3,265,0,35,230,4,0,4,23.180479519069195,0.0,6.976845942437649,59.783447265625,1.7881393432617188e-07
0.19999999999999998,3,280,0,27,253,4,0,4,25.07795312255621,0.0,7.162767104804516,63.74532699584961,1.7881393432617188e-07
0.22499999999999998,3,308,0,33,275,4,0,4,27.43798054754734,0.0,7.684619128704071,66.40979766845703,1.7881393432617188e-07
0.24999999999999997,3,407,3,36,368,6,0,6,36.533302538096905,0.0,8.302856422960758,67.66128540039062,1.7881393432617188e-07
0.27499999999999997,3,464,1,43,420,6,0,6,41.68851005285978,0.0,8.615400210022926,68.13788604736328,1.7881393432617188e-07
0.3,3,505,1,55,449,6,0,6,44.96278077363968,0.0,8.944480776786804,74.12361145019531,1.7881393432617188e-07
0.325,3,545,2,59,484,7,0,7,48.46774011850357,0.0,9.113864913582802,82.4846420288086,1.7881393432617188e-07
0.35000000000000003,3,607,0,45,562,8,0,8,55.25064077228308,0.0,8.874319791793823,94.15445709228516,1.7881393432617188e-07
0.37500000000000006,3,628,1,38,589,8,0,8,57.5852735042572,0.0,8.761396706104279,108.89936828613281,1.7881393432617188e-07
0.4000000000000001,3,654,1,49,604,8,0,8,59.498454220592976,0.0,8.60855009406805,123.81452941894531,1.7881393432617188e-07
0.4250000000000001,3,758,1,71,686,10,0,10,68.17187344282866,0.0,8.568625941872597,136.4038543701172,1.7881393432617188e-07
0.4500000000000001,3,827,0,67,760,12,0,12,74.88378094136715,0.0,8.76139672100544,145.4247283935547,1.7881393432617188e-07
0.47500000000000014,3,909,1,61,847,12,0,12,82.98545910418034,0.0,8.834395505487919,150.64698791503906,1.7881393432617188e-07
0.5000000000000001,3,942,3,47,892,12,0,12,86.81548670679331,0.0,8.8743197619915,154.65045166015625,1.7881393432617188e-07
0.5250000000000001,3,983,6,62,915,12,0,12,89.77921912819147,0.0,8.897706367075443,157.1031036376953,1.7881393432617188e-07
0.5500000000000002,3,1020,2,87,931,13,0,13,92.09164204448462,0.0,8.921093739569187,157.79844665527344,1.7881393432617188e-07
0.5750000000000002,3,1037,2,84,951,13,0,13,93.84311893582344,0.0,8.994092509150505,156.9289093017578,1.7881393432617188e-07
0.6000000000000002,3,991,2,59,930,13,0,13,90.84914833307266,0.0,8.794471457600594,155.4319305419922,1.7881393432617188e-07
0.6250000000000002,3,959,3,61,895,12,0,12,87.69181219488382,0.0,8.954168118536472,154.0646209716797,1.7881393432617188e-07
0.6500000000000002,3,927,2,75,850,12,0,12,83.87347761541605,0.0,8.801321052014828,150.195556640625,1.7881393432617188e-07
0.6750000000000003,3,852,3,78,771,11,0,11,76.515101313591,0.0,8.921093679964542,143.06329345703125,1.7881393432617188e-07
0.7000000000000003,3,775,2,65,708,10,0,10,70.00849065929651,0.0,8.841245122253895,132.5487060546875,1.7881393432617188e-07
0.7250000000000003,3,725,0,53,672,10,0,10,65.92321177572012,0.0,8.874319739639759,119.7602767944336,1.7881393432617188e-07
0.7500000000000003,3,674,0,59,615,10,0,10,60.75347298383713,0.0,8.914243914186954,106.20056915283203,1.7881393432617188e-07
0.7750000000000004,3,641,0,67,574,8,0,8,57.39852140843868,0.0,8.97755479812622,92.7285385131836,1.7881393432617188e-07
0.8000000000000004,3,560,1,66,493,9,0,9,49.52313752472401,0.0,8.7283226698637,84.7193374633789,1.7881393432617188e-07
0.8250000000000004,3,520,1,60,459,7,0,7,46.05810280889273,0.0,8.728322707116604,75.9396743774414,1.7881393432617188e-07
0.8500000000000004,3,489,1,46,442,6,0,6,43.900533102452755,0.0,8.744859755039215,66.61917114257812,1.7881393432617188e-07
0.8750000000000004,3,459,1,54,404,8,0,8,40.6750425696373,0.0,8.528701648116112,59.00422286987305,1.7881393432617188e-07
0.9000000000000005,3,399,0,64,335,6,0,6,34.7454651966691,0.0,8.422628939151764,58.13943862915039,1.7881393432617188e-07
0.9250000000000005,3,336,0,53,283,5,0,5,29.19347034394741,0.0,8.173396788537502,56.86357879638672,1.7881393432617188e-07
0.9500000000000005,3,277,0,34,243,4,0,4,24.45002916455269,0.0,7.543465860188007,54.251251220703125,1.7881393432617188e-07
0.9750000000000005,3,264,1,31,232,4,0,4,23.366400830447674,0.0,7.106305807828903,53.01614761352539,1.7881393432617188e-07
1.0000000000000004,3,214,0,30,184,5,0,5,18.675687201321125,0.0,6.431607007980347,53.125083923339844,1.7881393432617188e-07
1.0250000000000004,3,123,0,15,108,2,0,2,10.81573037058115,0.0,5.507675722241402,52.756072998046875,1.7881393432617188e-07
1.0500000000000003,3,104,1,14,89,2,0,2,8.98440519720316,0.0,4.576894655823708,52.28822708129883,1.7881393432617188e-07
1.0750000000000002,3,82,1,12,69,2,0,2,7.005076713860035,0.0,3.5682714357972145,52.076168060302734,1.7881393432617188e-07
1.1,3,28,0,7,21,2,0,2,2.1672561019659042,0.0,1.1517829075455666,51.736785888671875,1.7881393432617188e-07
1.125,3,0,0,0,0,0,0,0,0.0,0.0,0.0,51.16946029663086,1.7881393432617188e-07
1.15,3,0,0,0,0,0,0,0,0.0,0.0,0.0,51.220069885253906,1.7881393432617188e-07
1.1749999999999998,3,0,0,0,0,0,0,0,0.0,0.0,0.0,51.12942886352539,1.7881393432617188e-07
1.1999999999999997,3,0,0,0,0,0,0,0,0.0,0.0,0.0,51.016517639160156,1.7881393432617188e-07
1.2249999999999996,3,0,0,0,0,0,0,0,0.0,0.0,0.0,50.893192291259766,1.7881393432617188e-07
1.2499999999999996,3,0,0,0,0,0,0,0,0.0,0.0,0.0,50.59515380859375,1.7881393432617188e-07
1.2749999999999995,3,0,0,0,0,0,0,0,0.0,0.0,0.0,50.08781814575195,1.7881393432617188e-07
1.2999999999999994,3,0,0,0,0,0,0,0,0.0,0.0,0.0,49.445213317871094,1.7881393432617188e-07
1.3249999999999993,3,0,0,0,0,0,0,0,0.0,0.0,0.0,48.7044563293457,1.7881393432617188e-07
1.3499999999999992,3,0,0,0,0,0,0,0,0.0,0.0,0.0,48.33912658691406,1.7881393432617188e-07
1.3749999999999991,3,0,0,0,0,0,0,0,0.0,0.0,0.0,48.01569366455078,1.7881393432617188e-07
1.399999999999999,3,0,0,0,0,0,0,0,0.0,0.0,0.0,47.55973815917969,1.7881393432617188e-07
1.424999999999999,3,0,0,0,0,0,0,0,0.0,0.0,0.0,47.518577575683594,1.7881393432617188e-07
1.4499999999999988,3,0,0,0,0,0,0,0,0.0,0.0,0.0,47.39976119995117,1.7881393432617188e-07
1.4749999999999988,3,0,0,0,0,0,0,0,0.0,0.0,0.0,47.098941802978516,1.7881393432617188e-07
1.4999999999999987,3,0,0,0,0,0,0,0,0.0,0.0,0.0,46.949520111083984,1.7881393432617188e-07
1.5249999999999986,3,0,0,0,0,0,0,0,0.0,0.0,0.0,46.946754455566406,1.7881393432617188e-07
1.5499999999999985,3,0,0,0,0,0,0,0,0.0,0.0,0.0,46.83777618408203,1.7881393432617188e-07
1.5749999999999984,3,0,0,0,0,0,0,0,0.0,0.0,0.0,46.58464050292969,1.7881393432617188e-07
1.5999999999999983,3,0,0,0,0,0,0,0,0.0,0.0,0.0,46.22208786010742,1.7881393432617188e-07
1.6249999999999982,3,0,0,0,0,0,0,0,0.0,0.0,0.0,46.006866455078125,1.7881393432617188e-07
1.6499999999999981,3,0,0,0,0,0,0,0,0.0,0.0,0.0,46.256561279296875,1.7881393432617188e-07
1.674999999999998,3,0,0,0,0,0,0,0,0.0,0.0,0.0,46.44643020629883,1.7881393432617188e-07
1.699999999999998,3,54,0,9,45,2,0,2,4.588140107691288,0.0,2.3434899523854256,46.50327682495117,1.7881393432617188e-07
1.7249999999999979,3,95,0,10,85,3,0,3,8.331087119877338,0.0,4.167965434491634,46.24988555908203,1.7881393432617188e-07
1.7499999999999978,3,116,0,11,105,3,0,3,10.29872216284275,0.0,5.171745039522648,45.939117431640625,1.7881393432617188e-07
1.7749999999999977,3,161,0,17,144,3,0,3,14.297303587198257,0.0,5.869831100106239,45.972957611083984,1.7881393432617188e-07
1.7999999999999976,3,220,0,23,197,4,0,4,19.520666234195232,0.0,6.73730081319809,45.83224868774414,1.7881393432617188e-07
1.8249999999999975,3,340,0,45,295,5,0,5,29.776626385748386,0.0,7.668081782758236,45.0464973449707,1.7881393432617188e-07
1.8499999999999974,3,363,0,45,318,5,0,5,31.993494503200054,0.0,8.229858003556728,44.434783935546875,1.7881393432617188e-07
1.8749999999999973,3,409,0,56,353,5,0,5,35.83438540995121,0.0,8.791633918881416,45.21931076049805,1.7881393432617188e-07
1.8999999999999972,3,468,0,45,423,7,0,7,41.92120426148176,0.0,8.961017899215221,46.78147888183594,1.7881393432617188e-07
1.9249999999999972,3,569,0,66,503,7,0,7,50.470457062125206,0.0,9.073940865695477,48.762699127197266,1.7881393432617188e-07
1.949999999999997,3,597,0,64,533,9,0,9,53.23010867834091,0.0,8.87431974709034,56.04726791381836,1.7881393432617188e-07
1.974999999999997,3,640,0,69,571,8,0,8,57.01982972025871,0.0,9.193713434040546,62.96901321411133,1.7881393432617188e-07
1.999999999999997,3,697,0,68,629,9,0,9,62.55857306718826,0.0,9.283249117434025,70.19259643554688,1.7881393432617188e-07
0.0,4,0,0,0,0,0,0,0,0.0,0.0,0.0,59.209815979003906,1.7881393432617188e-07
0.025,4,0,0,0,0,0,0,0,0.0,0.0,0.0,59.78608703613281,1.7881393432617188e-07
0.05,4,0,0,0,0,0,0,0,0.0,0.0,0.0,60.183837890625,1.7881393432617188e-07
0.07500000000000001,4,62,0,8,54,2,0,2,5.331441774964333,0.0,3.1311114206910133,60.35960006713867,1.7881393432617188e-07
0.1,4,96,0,12,84,2,0,2,8.382704600691795,0.0,4.400660485029221,60.09108352661133,1.7881393432617188e-07
0.125,4,130,0,18,112,4,0,4,11.18473593890667,0.0,5.524213068187237,59.480499267578125,1.7881393432617188e-07
0.15,4,206,0,32,174,4,0,4,17.77559119462967,0.0,6.302146963775158,59.62627410888672,1.7881393432617188e-07
0.175,4,275,0,54,221,5,0,5,23.031645081937313,0.0,6.920384556055069,58.810401916503906,1.7881393432617188e-07
0.19999999999999998,4,322,0,52,270,5,0,5,27.646457947790623,0.0,7.33900099247694,60.84269332885742,1.7881393432617188e-07
0.22499999999999998,4,374,0,50,324,6,0,6,32.70327381789684,0.0,7.940701350569725,62.59653854370117,1.7881393432617188e-07
0.24999999999999997,4,422,0,50,372,6,0,6,37.35801023989916,0.0,8.093548312783241,64.83271789550781,1.7881393432617188e-07
0.27499999999999997,4,464,1,50,413,6,0,6,41.32151132822037,0.0,8.450859740376472,68.23323059082031,1.7881393432617188e-07
0.3,4,499,2,52,445,6,0,6,44.49739012867212,0.0,8.744859844446182,71.99752044677734,1.7881393432617188e-07
0.325,4,587,1,57,529,8,0,8,52.588932417333126,0.0,8.738010160624981,80.71484375,1.7881393432617188e-07
0.35000000000000003,4,620,1,56,563,8,0,8,55.82611649483442,0.0,8.76139684766531,91.65996551513672,1.7881393432617188e-07
0.37500000000000006,4,650,3,56,591,8,0,8,58.632990159094334,0.0,8.74485982209444,105.04517364501953,1.7881393432617188e-07
0.4000000000000001,4,670,3,54,613,8,0,8,60.58893129974604,0.0,8.74485968053341,119.18504333496094,1.7881393432617188e-07
0.4250000000000001,4,745,3,44,698,10,0,10,68.18968963623047,0.0,8.625087134540081,132.7596893310547,1.7881393432617188e-07
0.4500000000000001,4,783,0,44,739,10,0,10,72.04995456337929,0.0,8.545238725841045,144.6746063232422,1.7881393432617188e-07
0.47500000000000014,4,878,1,51,826,12,0,12,80.53388855606318,0.0,8.665011212229729,153.6327362060547,1.7881393432617188e-07
0.5000000000000001,4,926,1,49,876,12,0,12,85.27331732213497,0.0,8.665011264383793,158.8185272216797,1.7881393432617188e-07
0.5250000000000001,4,984,2,58,924,13,0,13,90.20267989486456,0.0,8.704935550689697,160.28518676757812,1.7881393432617188e-07
0.5500000000000002,4,1022,6,52,964,14,0,14,93.93832848966122,0.0,8.681548461318016,158.7694854736328,1.7881393432617188e-07
0.5750000000000002,4,1014,5,32,977,14,0,14,94.29647132754326,0.0,8.834395609796047,156.05332946777344,1.7881393432617188e-07
0.6000000000000002,4,992,6,50,936,13,0,13,91.1996092274785,0.0,8.954168245196342,152.824462890625,1.7881393432617188e-07
0.6250000000000002,4,965,4,61,900,12,0,12,88.21366342902184,0.0,8.857782155275345,148.88230895996094,1.7881393432617188e-07
0.6500000000000002,4,927,1,73,853,12,0,12,84.04286167770624,0.0,8.881169386208057,144.31411743164062,1.7881393432617188e-07
0.6750000000000003,4,842,1,66,775,11,0,11,76.3699355199933,0.0,8.76139672100544,138.42031860351562,1.7881393432617188e-07
0.7000000000000003,4,789,1,65,723,10,0,10,71.41434954851866,0.0,8.857782207429409,131.16961669921875,1.7881393432617188e-07
0.7250000000000003,4,730,1,54,675,10,0,10,66.32044681161642,0.0,8.721472665667534,122.04861450195312,1.7881393432617188e-07
0.7500000000000003,4,658,2,56,600,9,0,9,59.33591977506876,0.0,8.648474365472794,110.69255065917969,1.7881393432617188e-07
0.7750000000000004,4,621,0,70,551,9,0,9,55.12034898996353,0.0,8.784783959388733,97.61038970947266,1.7881393432617188e-07
0.8000000000000004,4,559,0,60,499,9,0,9,49.765072368085384,0.0,8.608549870550632,83.75225830078125,1.7881393432617188e-07
0.8250000000000004,4,537,2,63,472,7,0,7,47.47081105411053,0.0,8.909400306642056,72.47340393066406,1.7881393432617188e-07
0.8500000000000004,4,470,2,45,423,7,0,7,42.029283829033375,0.0,8.784784011542797,65.86519622802734,1.7881393432617188e-07
0.8750000000000004,4,411,1,41,369,7,0,7,36.62484420835972,0.0,8.50732121616602,60.85396194458008,1.7881393432617188e-07
0.9000000000000005,4,326,0,34,292,4,0,4,29.144689455628395,0.0,8.133472137153149,58.71269607543945,1.7881393432617188e-07
0.9250000000000005,4,309,0,42,267,4,0,4,27.08267529308796,0.0,7.679775521159172,58.00117874145508,1.7881393432617188e-07
0.9500000000000005,4,274,0,41,233,4,0,4,23.737411677837372,0.0,7.106305703520775,58.283180236816406,1.7881393432617188e-07
0.9750000000000005,4,232,0,31,201,4,0,4,20.225602015852928,0.0,6.737300798296928,56.706844329833984,1.7881393432617188e-07
1.0000000000000004,4,148,0,13,135,3,0,3,13.241906061768532,0.0,6.13560039550066,55.291141510009766,1.7881393432617188e-07
1.0250000000000004,4,120,1,14,105,2,0,2,10.526573732495308,0.0,5.427827328443527,54.65313720703125,1.7881393432617188e-07
1.0500000000000003,4,102,1,14,87,2,0,2,8.791634030640125,0.0,4.543820254504681,54.15150451660156,1.7881393432617188e-07
1.0750000000000002,4,80,1,15,64,2,0,2,6.64292149990797,0.0,3.495272897183895,53.53325271606445,1.7881393432617188e-07
1.1,4,32,1,7,24,2,0,2,2.4398755878210068,0.0,1.2598619759082794,53.725399017333984,1.7881393432617188e-07
1.125,4,0,0,0,0,0,0,0,0.0,0.0,0.0,53.65666580200195,1.7881393432617188e-07
1.15,4,0,0,0,0,0,0,0,0.0,0.0,0.0,53.39247512817383,1.7881393432617188e-07
1.1749999999999998,4,0,0,0,0,0,0,0,0.0,0.0,0.0,53.00627899169922,1.7881393432617188e-07
1.1999999999999997,4,0,0,0,0,0,0,0,0.0,0.0,0.0,52.5554313659668,1.7881393432617188e-07
1.2249999999999996,4,0,0,0,0,0,0,0,0.0,0.0,0.0,51.9525032043457,1.7881393432617188e-07
1.2499999999999996,4,0,0,0,0,0,0,0,0.0,0.0,0.0,51.1423454284668,1.7881393432617188e-07
1.2749999999999995,4,0,0,0,0,0,0,0,0.0,0.0,0.0,50.423892974853516,1.7881393432617188e-07
1.2999999999999994,4,0,0,0,0,0,0,0,0.0,0.0,0.0,49.908023834228516,1.7881393432617188e-07
1.3249999999999993,4,0,0,0,0,0,0,0,0.0,0.0,0.0,49.77842330932617,1.7881393432617188e-07
1.3499999999999992,4,0,0,0,0,0,0,0,0.0,0.0,0.0,49.78364562988281,1.7881393432617188e-07
1.3749999999999991,4,0,0,0,0,0,0,0,0.0,0.0,0.0,49.636592864990234,1.7881393432617188e-07
1.399999999999999,4,0,0,0,0,0,0,0,0.0,0.0,0.0,49.26633834838867,1.7881393432617188e-07
1.424999999999999,4,0,0,0,0,0,0,0,0.0,0.0,0.0,48.72568893432617,1.7881393432617188e-07
1.4499999999999988,4,0,0,0,0,0,0,0,0.0,0.0,0.0,48.19354248046875,1.7881393432617188e-07
1.4749999999999988,4,0,0,0,0,0,0,0,0.0,0.0,0.0,48.65867233276367,1.7881393432617188e-07
1.4999999999999987,4,0,0,0,0,0,0,0,0.0,0.0,0.0,48.9318962097168,1.7881393432617188e-07
1.5249999999999986,4,0,0,0,0,0,0,0,0.0,0.0,0.0,49.028133392333984,1.7881393432617188e-07
1.5499999999999985,4,0,0,0,0,0,0,0,0.0,0.0,0.0,48.93793869018555,1.7881393432617188e-07
1.5749999999999984,4,0,0,0,0,0,0,0,0.0,0.0,0.0,48.681949615478516,1.7881393432617188e-07
1.5999999999999983,4,0,0,0,0,0,0,0,0.0,0.0,0.0,48.26325607299805,1.7881393432617188e-07
1.6249999999999982,4,0,0,0,0,0,0,0,0.0,0.0,0.0,47.693992614746094,1.7881393432617188e-07
1.6499999999999981,4,0,0,0,0,0,0,0,0.0,0.0,0.0,46.99020004272461,1.7881393432617188e-07
1.674999999999998,4,0,0,0,0,0,0,0,0.0,0.0,0.0,46.723670959472656,1.7881393432617188e-07
1.699999999999998,4,30,0,7,23,2,0,2,2.3600271716713905,0.0,2.291872262954712,46.80179214477539,1.7881393432617188e-07
1.7249999999999979,4,87,0,16,71,2,0,2,7.317620292305946,0.0,3.7892731726169586,46.7263069152832,1.7881393432617188e-07
1.7499999999999978,4,150,0,23,127,3,0,3,12.898294351994991,0.0,5.627448223531246,46.78569412231445,1.7881393432617188e-07
1.7749999999999977,4,208,0,30,178,4,0,4,17.997040882706642,0.0,6.238835833966732,46.7176399230957,1.7881393432617188e-07
1.7999999999999976,4,253,0,35,218,4,0,4,22.10854522138834,0.0,6.880460508167744,47.30011749267578,1.7881393432617188e-07
1.8249999999999975,4,296,0,42,254,4,0,4,25.773202061653137,0.0,7.5386220291256905,46.91011047363281,1.7881393432617188e-07
1.8499999999999974,4,360,0,54,306,5,0,5,31.19618570804596,0.0,8.19678370654583,45.67820739746094,1.7881393432617188e-07
1.8749999999999973,4,391,0,53,338,5,0,5,34.38175220787525,0.0,8.53070817142725,48.74546432495117,1.7881393432617188e-07
1.8999999999999972,4,481,1,58,422,6,0,6,42.564388290047646,0.0,8.704936273396015,51.83865737915039,1.7881393432617188e-07
1.9249999999999972,4,527,0,68,459,6,0,6,46.405726701021194,0.0,9.449795708060265,53.92818069458008,1.7881393432617188e-07
1.949999999999997,4,586,0,84,502,7,0,7,51.17739894986153,0.0,9.62602998316288,56.7663459777832,1.7881393432617188e-07
1.974999999999997,4,623,0,88,535,8,0,8,54.506125785410404,0.0,9.654260359704494,64.43623352050781,1.7881393432617188e-07
1.999999999999997,4,697,0,86,611,9,0,9,61.62651368230581,0.0,9.442945934832096,72.61119842529297,1.7881393432617188e-07
0.0,5,0,0,0,0,0,0,0,0.0,0.0,0.0,60.183895111083984,1.7881393432617188e-07
0.025,5,0,0,0,0,0,0,0,0.0,0.0,0.0,60.290157318115234,1.7881393432617188e-07
0.05,5,0,0,0,0,0,0,0,0.0,0.0,0.0,60.17319869995117,1.7881393432617188e-07
0.07500000000000001,5,56,0,4,52,3,0,3,4.9108191058039665,0.0,3.3968810439109802,60.27396774291992,1.7881393432617188e-07
0.1,5,88,0,7,81,2,0,2,7.893927328288555,0.0,4.128041245043278,60.56211853027344,1.7881393432617188e-07
0.125,5,134,0,19,115,3,0,3,11.553740300238132,0.0,5.564136989414692,60.99109649658203,1.7881393432617188e-07
0.15,5,203,0,31,172,4,0,4,17.458651661872864,0.0,6.158987402915955,60.960472106933594,1.7881393432617188e-07
0.175,5,268,0,36,232,4,0,4,23.413174502551556,0.0,6.936921760439873,59.65541076660156,1.7881393432617188e-07
0.19999999999999998,5,296,0,28,268,4,0,4,26.563660688698292,0.0,7.451923951506615,60.691162109375,1.7881393432617188e-07
0.22499999999999998,5,305,0,17,288,4,0,4,28.052204743027687,0.0,7.637844681739807,61.56256103515625,1.7881393432617188e-07
0.24999999999999997,5,367,1,31,335,8,0,8,32.88033876568079,0.0,7.9503884464502335,63.48458480834961,1.7881393432617188e-07
0.27499999999999997,5,481,4,57,420,6,0,6,42.39545249938965,0.0,8.223008155822754,66.89443969726562,1.7881393432617188e-07
0.3,5,493,2,45,446,6,0,6,44.28607593476772,0.0,8.4157789722085,74.62059020996094,1.7881393432617188e-07
0.325,5,529,2,39,488,7,0,7,48.05479811877012,0.0,8.608549900352955,83.74089050292969,1.7881393432617188e-07
0.35000000000000003,5,576,0,36,540,8,0,8,52.714378751814365,0.0,8.585162878036499,94.44699096679688,1.7881393432617188e-07
0.37500000000000006,5,629,0,46,583,8,0,8,57.31466056406498,0.0,8.545238733291626,105.91322326660156,1.7881393432617188e-07
0.4000000000000001,5,725,2,62,661,10,0,10,65.33036667108536,0.0,8.70493559539318,117.99591827392578,1.7881393432617188e-07
0.4250000000000001,5,762,2,56,704,10,0,10,69.2636301368475,0.0,8.665011323988438,129.86959838867188,1.7881393432617188e-07
0.4500000000000001,5,800,1,43,756,11,0,11,73.59212298691273,0.0,8.625087194144726,141.1151123046875,1.7881393432617188e-07
0.47500000000000014,5,878,0,42,836,12,0,12,81.09850239753723,0.0,8.50531455129385,151.05606079101562,1.7881393432617188e-07
0.5000000000000001,5,919,0,42,877,12,0,12,85.07854021340609,0.0,8.505314446985722,158.65406799316406,1.7881393432617188e-07
0.5250000000000001,5,959,0,52,907,12,0,12,88.34111745655537,0.0,8.625087209045887,162.6239471435547,1.7881393432617188e-07
0.5500000000000002,5,1015,2,55,958,14,0,14,93.32009111344814,0.0,8.761396773159504,162.62904357910156,1.7881393432617188e-07
0.5750000000000002,5,1008,4,46,958,14,0,14,92.98416036367416,0.0,8.68154839426279,160.22726440429688,1.7881393432617188e-07
0.6000000000000002,5,965,5,40,920,12,0,12,89.31466012448072,0.0,8.698085509240627,156.27508544921875,1.7881393432617188e-07
0.6250000000000002,5,938,2,41,895,12,0,12,86.8251731544733,0.0,8.698085531592369,150.8401641845703,1.7881393432617188e-07
0.6500000000000002,5,906,2,55,849,12,0,12,82.97860863059759,0.0,8.681548438966274,144.2017364501953,1.7881393432617188e-07
0.6750000000000003,5,843,0,65,778,11,0,11,76.52278313040733,0.0,8.704935558140278,136.4278106689453,1.7881393432617188e-07
0.7000000000000003,5,789,1,61,727,10,0,10,71.61196332424879,0.0,8.625087082386017,127.60645294189453,1.7881393432617188e-07
0.7250000000000003,5,699,1,45,653,10,0,10,63.95312221348286,0.0,8.54523879289627,119.43464660644531,1.7881393432617188e-07
0.7500000000000003,5,616,1,27,588,8,0,8,57.021491564810276,0.0,8.54523877799511,110.1674575805664,1.7881393432617188e-07
0.7750000000000004,5,606,1,49,556,8,0,8,54.843718111515045,0.0,8.528701595962048,99.3691177368164,1.7881393432617188e-07
0.8000000000000004,5,582,0,69,513,8,0,8,51.48592955619097,0.0,8.608550108969212,86.90959930419922,1.7881393432617188e-07
0.8250000000000004,5,522,1,59,462,8,0,8,46.26696273684502,0.0,8.904556520283222,73.54551696777344,1.7881393432617188e-07
0.8500000000000004,5,472,2,41,429,6,0,6,42.516055047512054,0.0,8.64847418665886,64.62906646728516,1.7881393432617188e-07
0.8750000000000004,5,430,2,26,402,6,0,6,39.343013525009155,0.0,8.352467723190784,59.53156661987305,1.7881393432617188e-07
0.9000000000000005,5,379,1,42,336,7,0,7,33.54050650447607,0.0,8.006850026547909,58.013397216796875,1.7881393432617188e-07
0.9250000000000005,5,322,0,50,272,5,0,5,27.844072490930557,0.0,7.480154477059841,56.34333038330078,1.7881393432617188e-07
0.9500000000000005,5,264,0,37,227,4,0,4,22.999401606619358,0.0,7.0663813799619675,56.33795928955078,1.7881393432617188e-07
0.9750000000000005,5,225,0,27,198,4,0,4,19.804979108273983,0.0,6.311834439635277,56.12156295776367,1.7881393432617188e-07
1.0000000000000004,5,197,0,18,179,4,0,4,17.642567068338394,0.0,5.874674513936043,54.35798645019531,1.7881393432617188e-07
1.0250000000000004,5,148,1,20,127,5,1,4,12.846676580607891,0.4254663288593292,5.347978956997395,52.75102615356445,1.7881393432617188e-07
1.0500000000000003,5,104,0,19,85,2,0,2,8.758559688925743,0.0,4.567207396030426,52.53187942504883,1.7881393432617188e-07
1.0750000000000002,5,80,0,15,65,2,0,2,6.699382767081261,0.0,3.4932665675878525,52.74204635620117,1.7881393432617188e-07
1.1,5,39,0,7,32,2,0,2,3.171035662293434,0.0,2.2402545139193535,52.836673736572266,1.7881393432617188e-07
1.125,5,0,0,0,0,0,0,0,0.0,0.0,0.0,52.78794860839844,1.7881393432617188e-07
1.15,5,0,0,0,0,0,0,0,0.0,0.0,0.0,52.55060577392578,1.7881393432617188e-07
1.1749999999999998,5,0,0,0,0,0,0,0,0.0,0.0,0.0,52.06648254394531,1.7881393432617188e-07
1.1999999999999997,5,0,0,0,0,0,0,0,0.0,0.0,0.0,51.419830322265625,1.7881393432617188e-07
1.2249999999999996,5,0,0,0,0,0,0,0,0.0,0.0,0.0,50.89525604248047,1.7881393432617188e-07
1.2499999999999996,5,0,0,0,0,0,0,0,0.0,0.0,0.0,51.19817352294922,1.7881393432617188e-07
1.2749999999999995,5,0,0,0,0,0,0,0,0.0,0.0,0.0,51.34515380859375,1.7881393432617188e-07
1.2999999999999994,5,0,0,0,0,0,0,0,0.0,0.0,0.0,51.4261589050293,1.7881393432617188e-07
1.3249999999999993,5,0,0,0,0,0,0,0,0.0,0.0,0.0,51.413265228271484,1.7881393432617188e-07
1.3499999999999992,5,0,0,0,0,0,0,0,0.0,0.0,0.0,51.335872650146484,1.7881393432617188e-07
1.3749999999999991,5,0,0,0,0,0,0,0,0.0,0.0,0.0,51.167171478271484,1.7881393432617188e-07
1.399999999999999,5,0,0,0,0,0,0,0,0.0,0.0,0.0,50.86610794067383,1.7881393432617188e-07
1.424999999999999,5,0,0,0,0,0,0,0,0.0,0.0,0.0,50.45404052734375,1.7881393432617188e-07
1.4499999999999988,5,0,0,0,0,0,0,0,0.0,0.0,0.0,49.92275619506836,1.7881393432617188e-07
1.4749999999999988,5,0,0,0,0,0,0,0,0.0,0.0,0.0,49.27150344848633,1.7881393432617188e-07
1.4999999999999987,5,0,0,0,0,0,0,0,0.0,0.0,0.0,49.15712356567383,1.7881393432617188e-07
1.5249999999999986,5,0,0,0,0,0,0,0,0.0,0.0,0.0,49.33318328857422,1.7881393432617188e-07
1.5499999999999985,5,0,0,0,0,0,0,0,0.0,0.0,0.0,49.39107894897461,1.7881393432617188e-07
1.5749999999999984,5,0,0,0,0,0,0,0,0.0,0.0,0.0,49.29190444946289,1.7881393432617188e-07
1.5999999999999983,5,0,0,0,0,0,0,0,0.0,0.0,0.0,49.05006790161133,1.7881393432617188e-07
1.6249999999999982,5,0,0,0,0,0,0,0,0.0,0.0,0.0,48.6566276550293,1.7881393432617188e-07
1.6499999999999981,5,0,0,0,0,0,0,0,0.0,0.0,0.0,48.123924255371094,1.7881393432617188e-07
1.674999999999998,5,0,0,0,0,0,0,0,0.0,0.0,0.0,47.461368560791016,1.7881393432617188e-07
1.699999999999998,5,65,0,14,51,2,0,2,5.310061149299145,0.0,2.8185678273439407,46.67411422729492,1.7881393432617188e-07
1.7249999999999979,5,99,0,19,80,3,0,3,8.20847713202238,0.0,4.151428125798702,45.79574203491211,1.7881393432617188e-07
1.7499999999999978,5,146,1,20,125,3,0,3,12.597444079816341,0.0,5.195132218301296,45.0506706237793,1.7881393432617188e-07
1.7749999999999977,5,231,1,31,199,4,0,4,20.07275503128767,0.0,6.215448789298534,44.735965728759766,1.7881393432617188e-07
1.7999999999999976,5,278,2,36,240,4,0,4,24.32056913524866,0.0,7.061538137495518,44.036888122558594,1.7881393432617188e-07
1.8249999999999975,5,329,2,40,287,5,0,5,28.914001271128654,0.0,7.757617570459843,44.19511795043945,1.7881393432617188e-07
1.8499999999999974,5,415,0,63,352,6,0,6,35.8928529471159,0.0,8.269782185554504,44.901065826416016,1.7881393432617188e-07
1.8749999999999973,5,458,0,62,396,6,0,6,40.09389241039753,0.0,8.598863027989864,44.92262649536133,1.7881393432617188e-07
1.8999999999999972,5,491,0,54,437,6,0,6,43.69807533174753,0.0,9.097327522933483,46.09853744506836,1.7881393432617188e-07
1.9249999999999972,5,551,0,56,495,8,0,8,49.23197541385889,0.0,9.266712293028831,49.15146255493164,1.7881393432617188e-07
1.949999999999997,5,620,0,60,560,8,0,8,55.60027068853378,0.0,9.067090697586536,57.42645263671875,1.7881393432617188e-07
1.974999999999997,5,665,0,76,589,8,0,8,59.06246913224459,0.0,8.977554939687252,64.98982238769531,1.7881393432617188e-07
1.999999999999997,5,695,0,74,621,8,0,8,62.038727194070816,0.0,9.130402468144894,71.38373565673828,1.7881393432617188e-07
0.0,6,0,0,0,0,0,0,0,0.0,0.0,0.0,63.385189056396484,1.7881393432617188e-07
0.025,6,0,0,0,0,0,0,0,0.0,0.0,0.0,63.21498489379883,1.7881393432617188e-07
0.05,6,8,0,2,6,1,0,1,0.5900067687034607,0.0,0.5900067687034607,62.72795867919922,1.7881393432617188e-07
0.07500000000000001,6,76,0,16,60,2,0,2,6.31339255720377,0.0,3.2674211114645004,62.03293991088867,1.7881393432617188e-07
0.1,6,104,0,12,92,2,0,2,9.153788939118385,0.0,4.6898170709609985,61.268001556396484,1.7881393432617188e-07
0.125,6,134,0,18,116,3,0,3,11.722676329314709,0.0,5.331441752612591,60.33693313598633,1.7881393432617188e-07
0.15,6,173,0,21,152,3,0,3,15.228084497153759,0.0,5.8532936200499535,60.79814529418945,1.7881393432617188e-07
0.175,6,252,0,36,216,4,0,4,21.871005944907665,0.0,6.840536393225193,60.726200103759766,1.7881393432617188e-07
0.19999999999999998,6,300,0,46,254,4,0,4,25.93289878219366,0.0,7.601933218538761,59.645320892333984,1.7881393432617188e-07
0.22499999999999998,6,322,0,38,284,4,0,4,28.505071446299553,0.0,7.980625502765179,62.50684356689453,1.7881393432617188e-07
0.24999999999999997,6,391,1,44,346,6,0,6,34.68014793097973,0.0,8.399241797626019,65.01773071289062,1.7881393432617188e-07
0.27499999999999997,6,461,3,48,410,6,0,6,41.03235425800085,0.0,8.648474149405956,66.26313781738281,1.7881393432617188e-07
0.3,6,511,1,60,450,7,0,7,45.30310619622469,0.0,8.824708215892315,72.88690948486328,1.7881393432617188e-07
0.325,6,548,2,68,478,7,0,7,48.24874507635832,0.0,8.824708171188831,85.83843231201172,1.7881393432617188e-07
0.35000000000000003,6,564,2,54,508,8,0,8,50.62524513155222,0.0,8.70493558049202,99.80445861816406,1.7881393432617188e-07
0.37500000000000006,6,643,2,57,584,11,0,11,57.69736570119858,0.0,8.552088879048824,112.28955078125,1.7881393432617188e-07
0.4000000000000001,6,703,2,45,656,10,0,10,64.14149685204029,0.0,8.625087201595306,122.41820526123047,1.7881393432617188e-07
0.4250000000000001,6,773,5,63,705,10,0,10,69.73102785646915,0.0,8.665011443197727,131.39404296875,1.7881393432617188e-07
0.4500000000000001,6,835,2,79,754,11,0,11,75.04548488557339,0.0,8.801321096718311,138.81939697265625,1.7881393432617188e-07
0.47500000000000014,6,939,5,79,855,12,0,12,84.6348742172122,0.0,8.897706516087055,145.21580505371094,1.7881393432617188e-07
0.5000000000000001,6,963,7,59,897,12,0,12,88.02089244872332,0.0,8.817858032882214,150.63096618652344,1.7881393432617188e-07
0.5250000000000001,6,973,4,49,920,12,0,12,89.63405356556177,0.0,8.681548483669758,155.4152069091797,1.7881393432617188e-07
0.5500000000000002,6,995,3,65,927,12,0,12,90.93584541976452,0.0,8.801320970058441,160.1081085205078,1.7881393432617188e-07
0.5750000000000002,6,1027,3,86,938,13,0,13,92.70987921208143,0.0,8.801320970058441,162.7418670654297,1.7881393432617188e-07
0.6000000000000002,6,998,4,82,912,12,0,12,90.20869842916727,0.0,8.801321007311344,162.2717742919922,1.7881393432617188e-07
0.6250000000000002,6,948,4,59,885,12,0,12,86.68803267925978,0.0,8.721472583711147,158.71246337890625,1.7881393432617188e-07
0.6500000000000002,6,894,4,45,845,12,0,12,82.24544163793325,0.0,8.641624204814434,151.18113708496094,1.7881393432617188e-07
0.6750000000000003,6,862,4,61,797,12,0,12,78.31418338418007,0.0,8.744859635829926,139.90151977539062,1.7881393432617188e-07
0.7000000000000003,6,784,4,67,713,10,0,10,70.70657573640347,0.0,8.897706523537636,126.75921630859375,1.7881393432617188e-07
0.7250000000000003,6,736,4,69,663,10,0,10,65.99537850916386,0.0,8.897706359624863,113.78914642333984,1.7881393432617188e-07
0.7500000000000003,6,665,3,65,597,8,0,8,59.598851308226585,0.0,8.881169460713863,103.4728012084961,1.7881393432617188e-07
0.7750000000000004,6,637,1,70,566,8,0,8,56.6459800824523,0.0,8.665011338889599,95.4907455444336,1.7881393432617188e-07
0.8000000000000004,6,591,3,65,523,9,0,9,52.42594990134239,0.0,8.665011294186115,85.40290832519531,1.7881393432617188e-07
0.8250000000000004,6,529,0,62,467,7,0,7,46.812649577856064,0.0,8.848095320165157,73.73340606689453,1.7881393432617188e-07
0.8500000000000004,6,512,0,77,435,6,0,6,44.620727978646755,0.0,8.82470816373825,64.55713653564453,1.7881393432617188e-07
0.8750000000000004,6,469,0,69,400,6,0,6,40.84359601140022,0.0,8.568625696003437,59.47199249267578,1.7881393432617188e-07
0.9000000000000005,6,420,0,66,354,6,0,6,36.31831919401884,0.0,8.47909041494131,57.829063415527344,1.7881393432617188e-07
0.9250000000000005,6,338,0,51,287,5,0,5,29.3580102622509,0.0,7.759623609483242,57.54130935668945,1.7881393432617188e-07
0.9500000000000005,6,310,0,52,258,4,0,4,26.586216814815998,0.0,7.555159151554108,55.459510803222656,1.7881393432617188e-07
0.9750000000000005,6,267,0,44,223,4,0,4,22.893328987061977,0.0,7.033307306468487,54.74118423461914,1.7881393432617188e-07
1.0000000000000004,6,224,1,35,188,4,0,4,19.200441859662533,0.0,6.421919785439968,54.359642028808594,1.7881393432617188e-07
1.0250000000000004,6,162,2,24,136,5,0,5,13.720996379852295,0.0,5.6109111830592155,54.11058044433594,1.7881393432617188e-07
1.0500000000000003,6,105,1,16,88,3,0,3,8.92794381082058,0.0,4.487358957529068,54.03223419189453,1.7881393432617188e-07
1.0750000000000002,6,54,0,9,45,2,0,2,4.50389613956213,0.0,2.545948252081871,53.762325286865234,1.7881393432617188e-07
1.1,6,5,0,2,3,1,0,1,0.30085016787052155,0.0,0.30085016787052155,53.17164993286133,1.7881393432617188e-07
1.125,6,0,0,0,0,0,0,0,0.0,0.0,0.0,52.3317985534668,1.7881393432617188e-07
1.15,6,0,0,0,0,0,0,0,0.0,0.0,0.0,51.364986419677734,1.7881393432617188e-07
1.1749999999999998,6,0,0,0,0,0,0,0,0.0,0.0,0.0,51.051639556884766,1.7881393432617188e-07
1.1999999999999997,6,0,0,0,0,0,0,0,0.0,0.0,0.0,51.307350158691406,1.7881393432617188e-07
1.2249999999999996,6,0,0,0,0,0,0,0,0.0,0.0,0.0,51.410274505615234,1.7881393432617188e-07
1.2499999999999996,6,0,0,0,0,0,0,0,0.0,0.0,0.0,51.34812545776367,1.7881393432617188e-07
1.2749999999999995,6,0,0,0,0,0,0,0,0.0,0.0,0.0,51.091068267822266,1.7881393432617188e-07
1.2999999999999994,6,0,0,0,0,0,0,0,0.0,0.0,0.0,50.82394027709961,1.7881393432617188e-07
1.3249999999999993,6,0,0,0,0,0,0,0,0.0,0.0,0.0,50.428707122802734,1.7881393432617188e-07
1.3499999999999992,6,0,0,0,0,0,0,0,0.0,0.0,0.0,49.82218551635742,1.7881393432617188e-07
1.3749999999999991,6,0,0,0,0,0,0,0,0.0,0.0,0.0,49.11797332763672,1.7881393432617188e-07
1.399999999999999,6,0,0,0,0,0,0,0,0.0,0.0,0.0,49.242130279541016,1.7881393432617188e-07
1.424999999999999,6,0,0,0,0,0,0,0,0.0,0.0,0.0,49.25358581542969,1.7881393432617188e-07
1.4499999999999988,6,0,0,0,0,0,0,0,0.0,0.0,0.0,49.103633880615234,1.7881393432617188e-07
1.4749999999999988,6,0,0,0,0,0,0,0,0.0,0.0,0.0,48.7934455871582,1.7881393432617188e-07
1.4999999999999987,6,0,0,0,0,0,0,0,0.0,0.0,0.0,48.34165573120117,1.7881393432617188e-07
1.5249999999999986,6,0,0,0,0,0,0,0,0.0,0.0,0.0,47.73691177368164,1.7881393432617188e-07
1.5499999999999985,6,0,0,0,0,0,0,0,0.0,0.0,0.0,47.0257682800293,1.7881393432617188e-07
1.5749999999999984,6,0,0,0,0,0,0,0,0.0,0.0,0.0,46.192142486572266,1.7881393432617188e-07
1.5999999999999983,6,0,0,0,0,0,0,0,0.0,0.0,0.0,45.255165100097656,1.7881393432617188e-07
1.6249999999999982,6,0,0,0,0,0,0,0,0.0,0.0,0.0,44.23701477050781,1.7881393432617188e-07
1.6499999999999981,6,0,0,0,0,0,0,0,0.0,0.0,0.0,43.63631057739258,1.7881393432617188e-07
1.674999999999998,6,0,0,0,0,0,0,0,0.0,0.0,0.0,43.22293472290039,1.7881393432617188e-07
1.699999999999998,6,78,0,12,66,2,0,2,6.647765070199966,0.0,3.9421199336647987,42.87796401977539,1.7881393432617188e-07
1.7249999999999979,6,122,0,25,97,2,0,2,10.15473160892725,0.0,5.162057816982269,42.84007263183594,1.7881393432617188e-07
1.7499999999999978,6,147,0,30,117,2,0,2,12.282063081860542,0.0,6.22914844751358,42.88907241821289,1.7881393432617188e-07
1.7749999999999977,6,211,0,24,187,4,0,4,18.59673487395048,0.0,6.704226233065128,42.99882125854492,1.7881393432617188e-07
1.7999999999999976,6,273,0,35,238,4,0,4,23.951563365757465,0.0,7.0663813799619675,43.84149169921875,1.7881393432617188e-07
1.8249999999999975,6,318,0,44,274,5,0,5,27.712606199085712,0.0,7.491847947239876,43.86403274536133,1.7881393432617188e-07
1.8499999999999974,6,395,0,56,339,6,0,6,34.332140669226646,0.0,8.14032231271267,44.47103500366211,1.7881393432617188e-07
1.8749999999999973,6,466,0,64,402,6,0,6,40.72382406145334,0.0,8.542401663959026,45.968074798583984,1.7881393432617188e-07
1.8999999999999972,6,505,0,57,448,6,0,6,44.90631948411465,0.0,8.836401745676994,46.39451217651367,1.7881393432617188e-07
1.9249999999999972,6,529,0,52,477,7,0,7,47.377262972295284,0.0,9.034016698598862,50.26177215576172,1.7881393432617188e-07
1.949999999999997,6,609,0,65,544,8,0,8,54.34241580963135,0.0,9.113864995539188,58.41569137573242,1.7881393432617188e-07
1.974999999999997,6,636,0,57,579,8,0,8,57.311824552714825,0.0,9.090478263795376,65.19927215576172,1.7881393432617188e-07
1.999999999999997,6,690,0,66,624,8,0,8,62.00849124789238,0.0,9.266712255775928,70.7029800415039,1.7881393432617188e-07
0.0,7,0,0,0,0,0,0,0,0.0,0.0,0.0,60.48946762084961,1.7881393432617188e-07
0.025,7,0,0,0,0,0,0,0,0.0,0.0,0.0,59.56760787963867,1.7881393432617188e-07
0.05,7,11,0,3,8,1,0,1,0.8227020874619484,0.0,0.8227020874619484,59.06748962402344,1.7881393432617188e-07
0.07500000000000001,7,68,0,16,52,2,0,2,5.486294910311699,0.0,2.837111249566078,59.58366012573242,1.7881393432617188e-07
0.1,7,104,0,18,86,2,0,2,8.815021097660065,0.0,4.6801299676299095,60.14445877075195,1.7881393432617188e-07
0.125,7,130,0,23,107,2,0,2,11.038738287985325,0.0,5.763757981359959,60.272945404052734,1.7881393432617188e-07
0.15,7,199,0,38,161,6,0,6,16.738737791776657,0.0,6.523149058222771,59.89924240112305,1.7881393432617188e-07
0.175,7,252,0,37,215,4,0,4,21.84277504682541,0.0,7.282539516687393,59.55788040161133,1.7881393432617188e-07
0.19999999999999998,7,292,0,38,254,4,0,4,25.69774904847145,0.0,7.6846190467476845,60.84071731567383,1.7881393432617188e-07
0.22499999999999998,7,337,1,46,290,5,0,5,29.48702185600996,0.0,7.980625532567501,60.986019134521484,1.7881393432617188e-07
0.24999999999999997,7,448,1,75,372,6,0,6,38.45250092446804,0.0,8.598862819373608,61.92665481567383,1.7881393432617188e-07
0.27499999999999997,7,485,3,73,409,6,0,6,41.93407403677702,0.0,8.39924181252718,67.8199691772461,1.7881393432617188e-07
0.3,7,512,4,61,447,6,0,6,45.10109680891037,0.0,8.552088595926762,74.22447967529297,1.7881393432617188e-07
0.325,7,546,5,60,481,8,0,8,48.410382978618145,0.0,8.608549997210503,84.28308868408203,1.7881393432617188e-07
0.35000000000000003,7,626,6,62,558,8,0,8,55.75512341409922,0.0,8.824708104133606,94.66217803955078,1.7881393432617188e-07
0.37500000000000006,7,676,3,79,594,8,0,8,59.868186466395855,0.0,8.977554954588413,105.44257354736328,1.7881393432617188e-07
0.4000000000000001,7,745,1,93,651,10,0,10,65.6489307358861,0.0,8.937631092965603,116.58939361572266,1.7881393432617188e-07
0.4250000000000001,7,789,1,79,709,10,0,10,70.56742975115776,0.0,8.777934394776821,128.26275634765625,1.7881393432617188e-07
0.4500000000000001,7,834,3,65,766,12,0,12,75.47423534095287,0.0,8.721472628414631,139.68692016601562,1.7881393432617188e-07
0.47500000000000014,7,910,2,74,834,12,0,12,82.34784653037786,0.0,8.801321052014828,149.6302490234375,1.7881393432617188e-07
0.5000000000000001,7,978,1,96,881,12,0,12,87.68814386427402,0.0,8.824708215892315,157.07406616210938,1.7881393432617188e-07
0.5250000000000001,7,1001,3,87,911,12,0,12,90.24377872049809,0.0,8.801320984959602,161.34059143066406,1.7881393432617188e-07
0.5500000000000002,7,1001,4,63,934,13,0,13,91.474234752357,0.0,8.721472643315792,163.22731018066406,1.7881393432617188e-07
0.5750000000000002,7,1006,4,54,948,14,0,14,92.33969828486443,0.0,8.857782326638699,162.25637817382812,1.7881393432617188e-07
0.6000000000000002,7,1004,1,76,927,13,0,13,91.19877856969833,0.0,8.937630750238895,158.3473663330078,1.7881393432617188e-07
0.6250000000000002,7,968,3,69,896,12,0,12,88.10759115219116,0.0,8.897706516087055,151.93528747558594,1.7881393432617188e-07
0.6500000000000002,7,910,3,56,851,12,0,12,83.2229976952076,0.0,8.897706873714924,143.8330535888672,1.7881393432617188e-07
0.6750000000000003,7,814,2,56,756,10,0,10,74.2756786942482,0.0,8.857782639563084,136.04293823242188,1.7881393432617188e-07
0.7000000000000003,7,768,0,57,711,10,0,10,69.8419436737895,0.0,8.76139672100544,128.2119903564453,1.7881393432617188e-07
0.7250000000000003,7,695,2,58,635,9,0,9,62.7892624810338,0.0,8.665011398494244,119.15998077392578,1.7881393432617188e-07
0.7500000000000003,7,659,1,59,599,8,0,8,59.35930661857128,0.0,8.784783937036991,108.50587463378906,1.7881393432617188e-07
0.7750000000000004,7,632,3,61,568,8,0,8,56.53105154633522,0.0,8.761396884918213,96.55377960205078,1.7881393432617188e-07
0.8000000000000004,7,580,4,54,522,8,0,8,51.998476803302765,0.0,8.84124518930912,84.44530487060547,1.7881393432617188e-07
0.8250000000000004,7,512,1,53,458,6,0,6,45.72217209637165,0.0,8.977555237710476,73.93952178955078,1.7881393432617188e-07
0.8500000000000004,7,491,1,55,435,6,0,6,43.61338259279728,0.0,8.824708133935928,66.9053726196289,1.7881393432617188e-07
0.8750000000000004,7,446,0,47,399,6,0,6,39.812416575849056,0.0,8.535551637411118,61.167049407958984,1.7881393432617188e-07
0.9000000000000005,7,374,1,46,327,5,0,5,32.94081252813339,0.0,8.229858078062534,58.25554275512695,1.7881393432617188e-07
0.9250000000000005,7,315,0,39,276,5,0,5,27.733986981213093,0.0,7.764467477798462,55.46980667114258,1.7881393432617188e-07
0.9500000000000005,7,294,0,40,254,4,0,4,25.721583403646946,0.0,7.418849274516106,53.6336784362793,1.7881393432617188e-07
0.9750000000000005,7,266,0,36,230,4,0,4,23.248634487390518,0.0,6.817149169743061,53.49829864501953,1.7881393432617188e-07
1.0000000000000004,7,222,0,34,188,4,0,4,19.120593287050724,0.0,6.4783810675144196,53.72690963745117,1.7881393432617188e-07
1.0250000000000004,7,142,0,22,120,3,0,3,12.267915278673172,0.0,5.700446575880051,53.333377838134766,1.7881393432617188e-07
1.0500000000000003,7,113,0,17,96,2,0,2,9.738952398300171,0.0,4.929362580180168,52.976600646972656,1.7881393432617188e-07
1.0750000000000002,7,83,0,14,69,2,0,2,7.016770005226135,0.0,3.6130390986800194,52.70278549194336,1.7881393432617188e-07
1.1,7,34,0,6,28,2,0,2,2.773799993097782,0.0,1.5090944170951843,52.27371597290039,1.7881393432617188e-07
1.125,7,0,0,0,0,0,0,0,0.0,0.0,0.0,51.98433303833008,1.7881393432617188e-07
1.15,7,0,0,0,0,0,0,0,0.0,0.0,0.0,52.58189392089844,1.7881393432617188e-07
1.1749999999999998,7,0,0,0,0,0,0,0,0.0,0.0,0.0,52.99872589111328,1.7881393432617188e-07
1.1999999999999997,7,0,0,0,0,0,0,0,0.0,0.0,0.0,53.25965881347656,1.7881393432617188e-07
1.2249999999999996,7,0,0,0,0,0,0,0,0.0,0.0,0.0,53.3191032409668,1.7881393432617188e-07
1.2499999999999996,7,0,0,0,0,0,0,0,0.0,0.0,0.0,53.1840934753418,1.7881393432617188e-07
1.2749999999999995,7,0,0,0,0,0,0,0,0.0,0.0,0.0,52.863834381103516,1.7881393432617188e-07
1.2999999999999994,7,0,0,0,0,0,0,0,0.0,0.0,0.0,52.30974197387695,1.7881393432617188e-07
1.3249999999999993,7,0,0,0,0,0,0,0,0.0,0.0,0.0,51.585060119628906,1.7881393432617188e-07
1.3499999999999992,7,0,0,0,0,0,0,0,0.0,0.0,0.0,50.606597900390625,1.7881393432617188e-07
1.3749999999999991,7,0,0,0,0,0,0,0,0.0,0.0,0.0,50.55486297607422,1.7881393432617188e-07
1.399999999999999,7,0,0,0,0,0,0,0,0.0,0.0,0.0,50.899147033691406,1.7881393432617188e-07
1.424999999999999,7,0,0,0,0,0,0,0,0.0,0.0,0.0,51.057044982910156,1.7881393432617188e-07
1.4499999999999988,7,0,0,0,0,0,0,0,0.0,0.0,0.0,50.99892807006836,1.7881393432617188e-07
1.4749999999999988,7,0,0,0,0,0,0,0,0.0,0.0,0.0,50.739036560058594,1.7881393432617188e-07
1.4999999999999987,7,0,0,0,0,0,0,0,0.0,0.0,0.0,50.27341842651367,1.7881393432617188e-07
1.5249999999999986,7,0,0,0,0,0,0,0,0.0,0.0,0.0,49.60647201538086,1.7881393432617188e-07
1.5499999999999985,7,0,0,0,0,0,0,0,0.0,0.0,0.0,48.93912124633789,1.7881393432617188e-07
1.5749999999999984,7,0,0,0,0,0,0,0,0.0,0.0,0.0,49.03252410888672,1.7881393432617188e-07
1.5999999999999983,7,0,0,0,0,0,0,0,0.0,0.0,0.0,48.923622131347656,1.7881393432617188e-07
1.6249999999999982,7,0,0,0,0,0,0,0,0.0,0.0,0.0,48.83692169189453,1.7881393432617188e-07
1.6499999999999981,7,0,0,0,0,0,0,0,0.0,0.0,0.0,48.62437057495117,1.7881393432617188e-07
1.674999999999998,7,0,0,0,0,0,0,0,0.0,0.0,0.0,48.229827880859375,1.7881393432617188e-07
1.699999999999998,7,55,0,9,46,2,0,2,4.628512389957905,0.0,2.5411046892404556,47.643009185791016,1.7881393432617188e-07
1.7249999999999979,7,97,0,16,81,2,0,2,8.253245070576668,0.0,4.174815364181995,46.8210563659668,1.7881393432617188e-07
1.7499999999999978,7,164,0,22,142,4,0,4,14.23599836230278,0.0,5.195131994783878,45.92660903930664,1.7881393432617188e-07
1.7749999999999977,7,228,0,32,196,4,0,4,19.868290282785892,0.0,6.10252607613802,45.09676742553711,1.7881393432617188e-07
1.7999999999999976,7,276,0,41,235,4,0,4,23.93018303066492,0.0,6.993383154273033,43.925418853759766,1.7881393432617188e-07
1.8249999999999975,7,325,0,37,288,5,0,5,28.782534398138523,0.0,7.781004585325718,43.93860626220703,1.7881393432617188e-07
1.8499999999999974,7,407,0,42,365,6,0,6,36.2792257592082,0.0,8.286319203674793,44.53183364868164,1.7881393432617188e-07
1.8749999999999973,7,465,0,59,406,6,0,6,40.93797578662634,0.0,8.615400180220604,44.808685302734375,1.7881393432617188e-07
1.8999999999999972,7,496,0,65,431,6,0,6,43.615389078855515,0.0,8.864632099866867,46.92355728149414,1.7881393432617188e-07
1.9249999999999972,7,550,0,72,478,7,0,7,48.35682425647974,0.0,9.330023050308228,47.793941497802734,1.7881393432617188e-07
1.949999999999997,7,611,0,68,543,8,0,8,54.309341602027416,0.0,9.25017473846674,54.74607467651367,1.7881393432617188e-07
1.974999999999997,7,663,0,69,594,8,0,8,59.26492793112993,0.0,9.146939642727375,63.3548698425293,1.7881393432617188e-07
1.999999999999997,7,691,0,72,619,8,0,8,61.76610881835222,0.0,9.27356193214655,71.89031982421875,1.7881393432617188e-07
0.0,8,0,0,0,0,0,0,0,0.0,0.0,0.0,62.1855583190918,1.7881393432617188e-07
0.025,8,0,0,0,0,0,0,0,0.0,0.0,0.0,61.45650863647461,1.7881393432617188e-07
0.05,8,15,0,4,11,1,0,1,1.1235522255301476,0.0,1.1235522255301476,61.62466812133789,1.7881393432617188e-07
0.07500000000000001,8,65,0,14,51,2,0,2,5.281830228865147,0.0,2.9617273956537247,62.4135627746582,1.7881393432617188e-07
0.1,8,95,0,16,79,2,0,2,8.088704697787762,0.0,4.146584711968899,63.21461868286133,1.7881393432617188e-07
0.125,8,116,0,16,100,2,0,2,10.084570199251175,0.0,5.122133627533913,63.49919128417969,1.7881393432617188e-07
0.15,8,203,0,20,183,4,0,4,18.051495790481567,0.0,5.959366425871849,62.64240646362305,1.7881393432617188e-07
0.175,8,262,0,37,225,4,0,4,22.806630171835423,0.0,7.026457376778126,62.254371643066406,1.7881393432617188e-07
0.19999999999999998,8,307,0,49,258,4,0,4,26.438213601708412,0.0,7.6184703558683395,63.62464141845703,1.7881393432617188e-07
0.22499999999999998,8,356,0,55,301,5,0,5,30.75418219715357,0.0,7.987475633621216,64.01964569091797,1.7881393432617188e-07
0.24999999999999997,8,438,3,59,376,6,0,6,38.3346703723073,0.0,8.23670794069767,67.60041046142578,1.7881393432617188e-07
0.27499999999999997,8,478,2,50,426,6,0,6,42.55798579007387,0.0,8.495627470314503,69.3781509399414,1.7881393432617188e-07
0.3,8,498,1,42,455,6,0,6,45.02207946777344,0.0,8.636780738830566,71.66055297851562,1.7881393432617188e-07
0.325,8,547,1,60,486,7,0,7,48.688741728663445,0.0,8.864632345736027,80.93376922607422,1.7881393432617188e-07
0.35000000000000003,8,627,1,68,558,8,0,8,55.93575469404459,0.0,8.728322625160217,94.2403564453125,1.7881393432617188e-07
0.37500000000000006,8,663,3,68,592,8,0,8,59.236248686909676,0.0,8.82470816373825,108.44550323486328,1.7881393432617188e-07
0.4000000000000001,8,675,3,53,619,10,0,10,61.131717048585415,0.0,8.596856743097305,122.18779754638672,1.7881393432617188e-07
0.4250000000000001,8,744,3,55,686,10,0,10,67.58515226095915,0.0,8.681548364460468,134.01611328125,1.7881393432617188e-07
0.4500000000000001,8,861,2,82,777,12,0,12,77.14503301680088,0.0,8.761396795511246,143.1967315673828,1.7881393432617188e-07
0.47500000000000014,8,928,2,91,835,12,0,12,83.09471195936203,0.0,8.82470816373825,152.05972290039062,1.7881393432617188e-07
0.5000000000000001,8,952,3,75,874,12,0,12,86.19842392206192,0.0,8.744859769940376,158.2698974609375,1.7881393432617188e-07
0.5250000000000001,8,972,3,58,911,13,0,13,89.10206672549248,0.0,8.761396810412407,160.9216766357422,1.7881393432617188e-07
0.5500000000000002,8,1031,5,79,947,13,0,13,93.43418869376183,0.0,8.721472553908825,160.21238708496094,1.7881393432617188e-07
0.5750000000000002,8,1099,3,116,980,14,0,14,97.8876423612237,0.0,8.897706508636475,157.3578338623047,1.7881393432617188e-07
0.6000000000000002,8,1084,5,119,960,14,0,14,96.18778337538242,0.0,8.977554865181446,155.41090393066406,1.7881393432617188e-07
0.6250000000000002,8,1001,4,97,900,14,0,14,89.51462558656931,0.0,8.921093463897705,153.1140899658203,1.7881393432617188e-07
0.6500000000000002,8,908,3,71,834,12,0,12,82.23976717889309,0.0,8.665011398494244,148.6941375732422,1.7881393432617188e-07
0.6750000000000003,8,814,3,64,747,10,0,10,73.79530847072601,0.0,8.681548438966274,141.30931091308594,1.7881393432617188e-07
0.7000000000000003,8,786,3,76,707,10,0,10,70.3629641532898,0.0,8.78478391468525,131.0367889404297,1.7881393432617188e-07
0.7250000000000003,8,739,1,77,661,10,0,10,65.91753605008125,0.0,8.841245248913765,119.93732452392578,1.7881393432617188e-07
0.7500000000000003,8,664,2,65,597,8,0,8,59.47423602640629,0.0,8.768246926367283,109.19953155517578,1.7881393432617188e-07
0.7750000000000004,8,615,2,48,565,8,0,8,55.739418029785156,0.0,8.676705040037632,97.20426940917969,1.7881393432617188e-07
0.8000000000000004,8,598,3,58,537,8,0,8,53.535802721977234,0.0,8.784783944487572,84.36703491210938,1.7881393432617188e-07
0.8250000000000004,8,538,1,61,476,7,0,7,47.708350494503975,0.0,8.761396639049053,75.06595611572266,1.7881393432617188e-07
0.8500000000000004,8,507,1,68,438,6,0,6,44.3933239877224,0.0,8.90455648303032,65.14847564697266,1.7881393432617188e-07
0.8750000000000004,8,481,1,68,412,6,0,6,41.88729993253946,0.0,8.798484034836292,60.273765563964844,1.7881393432617188e-07
0.9000000000000005,8,398,0,44,354,6,0,6,35.38307769596577,0.0,8.253245152533054,56.7063102722168,1.7881393432617188e-07
0.9250000000000005,8,333,0,36,297,5,0,5,29.610079862177372,0.0,7.820928767323494,55.01121139526367,1.7881393432617188e-07
0.9500000000000005,8,289,0,38,251,4,0,4,25.324348866939545,0.0,7.418849460780621,54.38239288330078,1.7881393432617188e-07
0.9750000000000005,8,268,0,45,223,4,0,4,22.96148356050253,0.0,7.113155581057072,52.989933013916016,1.7881393432617188e-07
1.0000000000000004,8,167,0,29,138,3,0,3,14.169850021600723,0.0,6.381995566189289,52.94040298461914,1.7881393432617188e-07
1.0250000000000004,8,126,2,16,108,2,0,2,10.935502775013447,0.0,5.564136974513531,53.25533676147461,1.7881393432617188e-07
1.0500000000000003,8,99,1,12,86,2,0,2,8.61539988219738,0.0,4.384123384952545,52.862770080566406,1.7881393432617188e-07
1.0750000000000002,8,82,3,13,66,2,0,2,6.863923326134682,0.0,3.483579434454441,52.48224639892578,1.7881393432617188e-07
1.1,8,9,2,2,5,2,0,2,0.5053147524595261,0.0,0.3407743498682976,52.08116149902344,1.7881393432617188e-07
1.125,8,0,0,0,0,0,0,0,0.0,0.0,0.0,52.34623718261719,1.7881393432617188e-07
1.15,8,0,0,0,0,0,0,0,0.0,0.0,0.0,52.435516357421875,1.7881393432617188e-07
1.1749999999999998,8,0,0,0,0,0,0,0,0.0,0.0,0.0,52.381919860839844,1.7881393432617188e-07
1.1999999999999997,8,0,0,0,0,0,0,0,0.0,0.0,0.0,52.131980895996094,1.7881393432617188e-07
1.2249999999999996,8,0,0,0,0,0,0,0,0.0,0.0,0.0,51.73463439941406,1.7881393432617188e-07
1.2499999999999996,8,0,0,0,0,0,0,0,0.0,0.0,0.0,51.18641662597656,1.7881393432617188e-07
1.2749999999999995,8,0,0,0,0,0,0,0,0.0,0.0,0.0,50.726531982421875,1.7881393432617188e-07
1.2999999999999994,8,0,0,0,0,0,0,0,0.0,0.0,0.0,50.16618347167969,1.7881393432617188e-07
1.3249999999999993,8,0,0,0,0,0,0,0,0.0,0.0,0.0,50.674652099609375,1.7881393432617188e-07
1.3499999999999992,8,0,0,0,0,0,0,0,0.0,0.0,0.0,51.210208892822266,1.7881393432617188e-07
1.3749999999999991,8,0,0,0,0,0,0,0,0.0,0.0,0.0,51.50846481323242,1.7881393432617188e-07
1.399999999999999,8,0,0,0,0,0,0,0,0.0,0.0,0.0,51.59010314941406,1.7881393432617188e-07
1.424999999999999,8,0,0,0,0,0,0,0,0.0,0.0,0.0,51.444923400878906,1.7881393432617188e-07
1.4499999999999988,8,0,0,0,0,0,0,0,0.0,0.0,0.0,51.073402404785156,1.7881393432617188e-07
1.4749999999999988,8,0,0,0,0,0,0,0,0.0,0.0,0.0,50.671112060546875,1.7881393432617188e-07
1.4999999999999987,8,0,0,0,0,0,0,0,0.0,0.0,0.0,50.23060989379883,1.7881393432617188e-07
1.5249999999999986,8,0,0,0,0,0,0,0,0.0,0.0,0.0,49.59145736694336,1.7881393432617188e-07
1.5499999999999985,8,0,0,0,0,0,0,0,0.0,0.0,0.0,48.734901428222656,1.7881393432617188e-07
1.5749999999999984,8,0,0,0,0,0,0,0,0.0,0.0,0.0,47.695186614990234,1.7881393432617188e-07
1.5999999999999983,8,0,0,0,0,0,0,0,0.0,0.0,0.0,46.49934387207031,1.7881393432617188e-07
1.6249999999999982,8,0,0,0,0,0,0,0,0.0,0.0,0.0,46.05604553222656,1.7881393432617188e-07
1.6499999999999981,8,0,0,0,0,0,0,0,0.0,0.0,0.0,45.66038513183594,1.7881393432617188e-07
1.674999999999998,8,0,0,0,0,0,0,0,0.0,0.0,0.0,45.21506881713867,1.7881393432617188e-07
1.699999999999998,8,63,0,8,55,2,0,2,5.427827343344688,0.0,3.323882505297661,44.811370849609375,1.7881393432617188e-07
1.7249999999999979,8,91,0,15,76,2,0,2,7.759623982012272,0.0,4.066736355423927,44.99481964111328,1.7881393432617188e-07
1.7499999999999978,8,141,0,24,117,3,0,3,12.030824162065983,0.0,4.9809801653027534,45.50056838989258,1.7881393432617188e-07
1.7749999999999977,8,227,0,40,187,4,0,4,19.320214472711086,0.0,6.205761842429638,45.7607307434082,1.7881393432617188e-07
1.7999999999999976,8,263,1,34,228,4,0,4,23.044170297682285,0.0,7.033307574689388,45.298404693603516,1.7881393432617188e-07
1.8249999999999975,8,315,1,35,279,5,0,5,27.931601859629154,0.0,7.708006292581558,45.37319564819336,1.7881393432617188e-07
1.8499999999999974,8,384,0,51,333,6,0,6,33.61066746711731,0.0,8.17339663952589,46.322059631347656,1.7881393432617188e-07
1.8749999999999973,8,458,0,81,377,6,0,6,39.218741945922375,0.0,8.758559897542,46.61698913574219,1.7881393432617188e-07
1.8999999999999972,8,509,0,90,419,6,0,6,43.456868566572666,0.0,9.047716177999973,47.14812469482422,1.7881393432617188e-07
1.9249999999999972,8,523,0,62,461,6,0,6,46.38718415051699,0.0,9.170326560735703,51.093990325927734,1.7881393432617188e-07
1.949999999999997,8,609,0,56,553,8,0,8,54.90703009068966,0.0,9.306636519730091,55.279685974121094,1.7881393432617188e-07
1.974999999999997,8,666,0,81,585,8,0,8,58.933009937405586,0.0,9.250175282359123,63.17892074584961,1.7881393432617188e-07
1.999999999999997,8,705,0,98,607,8,0,8,61.76043405383825,0.0,9.250175066292286,70.48368072509766,1.7881393432617188e-07
0.0,9,0,0,0,0,0,0,0,0.0,0.0,0.0,62.804908752441406,1.7881393432617188e-07
0.025,9,0,0,0,0,0,0,0,0.0,0.0,0.0,63.43117141723633,1.7881393432617188e-07
0.05,9,0,0,0,0,0,0,0,0.0,0.0,0.0,63.74378967285156,1.7881393432617188e-07
0.07500000000000001,9,54,0,10,44,2,0,2,4.475665427744389,0.0,2.472949892282486,63.64727020263672,1.7881393432617188e-07
0.1,9,98,0,16,82,2,0,2,8.34963034838438,0.0,4.400660552084446,63.11341094970703,1.7881393432617188e-07
0.125,9,142,0,19,123,3,0,3,12.381286412477493,0.0,5.660522773861885,62.52536392211914,1.7881393432617188e-07
0.15,9,216,0,35,181,4,0,4,18.457587741315365,0.0,6.671152003109455,62.17741775512695,1.7881393432617188e-07
0.175,9,267,0,43,224,4,0,4,23.0340341553092,0.0,7.249465316534042,61.256290435791016,1.7881393432617188e-07
0.19999999999999998,9,304,0,47,257,5,0,5,26.222055301070213,0.0,7.63500751554966,59.57363510131836,1.7881393432617188e-07
0.22499999999999998,9,334,1,35,298,6,0,6,29.722555227577686,0.0,7.752773799002171,61.38069534301758,1.7881393432617188e-07
0.24999999999999997,9,420,2,42,376,6,0,6,37.56002055853605,0.0,7.910464368760586,62.83156204223633,1.7881393432617188e-07
0.27499999999999997,9,461,0,51,410,6,0,6,41.00412332266569,0.0,8.432316154241562,66.62197875976562,1.7881393432617188e-07
0.3,9,551,0,79,472,7,0,7,48.08621147274971,0.0,8.904556557536125,72.35331726074219,1.7881393432617188e-07
0.325,9,577,2,78,497,9,0,9,50.42769418656826,0.0,8.984404899179935,83.04468536376953,1.7881393432617188e-07
0.35000000000000003,9,619,2,54,563,8,0,8,55.72973071783781,0.0,8.904556564986706,96.05879974365234,1.7881393432617188e-07
0.37500000000000006,9,644,2,48,594,8,0,8,58.590611167252064,0.0,8.665011279284954,109.55814361572266,1.7881393432617188e-07
0.4000000000000001,9,694,4,55,635,10,0,10,62.65295249968767,0.0,8.58516288548708,122.10587310791016,1.7881393432617188e-07
0.4250000000000001,9,777,3,77,697,10,0,10,69.46726420521736,0.0,8.961017847061157,132.8256378173828,1.7881393432617188e-07
0.4500000000000001,9,831,1,80,750,11,0,11,74.631710678339,0.0,8.921093627810478,141.28909301757812,1.7881393432617188e-07
0.47500000000000014,9,904,1,80,823,12,0,12,81.45899479091167,0.0,8.888019539415836,148.0660400390625,1.7881393432617188e-07
0.5000000000000001,9,940,2,57,881,12,0,12,86.1427938491106,0.0,8.641624175012112,153.13543701171875,1.7881393432617188e-07
0.5250000000000001,9,972,4,54,914,13,0,13,89.21543718874454,0.0,8.738009683787823,156.43304443359375,1.7881393432617188e-07
0.5500000000000002,9,1024,4,71,949,14,0,14,93.11479583382607,0.0,8.897706530988216,158.10400390625,1.7881393432617188e-07
0.5750000000000002,9,1042,2,96,944,13,0,13,93.64751026034355,0.0,9.057403460144997,158.28927612304688,1.7881393432617188e-07
0.6000000000000002,9,999,3,82,914,12,0,12,90.33331455290318,0.0,8.881169527769089,157.6258087158203,1.7881393432617188e-07
0.6250000000000002,9,955,3,64,888,12,0,12,87.19334726780653,0.0,8.665011420845985,154.66616821289062,1.7881393432617188e-07
0.6500000000000002,9,896,4,46,846,12,0,12,82.38175087422132,0.0,8.585162915289402,149.0142822265625,1.7881393432617188e-07
0.6750000000000003,9,839,4,60,775,12,0,12,76.15377661585808,0.0,8.76139672845602,140.6215057373047,1.7881393432617188e-07
0.7000000000000003,9,784,1,75,708,10,0,10,70.33957781642675,0.0,8.904556669294834,130.0630340576172,1.7881393432617188e-07
0.7250000000000003,9,733,0,81,652,10,0,10,65.14160888642073,0.0,8.824708104133606,118.52912902832031,1.7881393432617188e-07
0.7500000000000003,9,658,1,57,600,8,0,8,59.40407445281744,0.0,8.74485968798399,105.94438171386719,1.7881393432617188e-07
0.7750000000000004,9,613,2,36,575,8,0,8,56.224182441830635,0.0,8.641624242067337,93.2318344116211,1.7881393432617188e-07
0.8000000000000004,9,585,2,51,532,8,0,8,52.70624987781048,0.0,8.937630601227283,82.26517486572266,1.7881393432617188e-07
0.8250000000000004,9,540,2,68,470,7,0,7,47.50589166581631,0.0,8.904556550085545,73.42430877685547,1.7881393432617188e-07
0.8500000000000004,9,519,1,80,438,6,0,6,44.95710622519255,0.0,8.779940657317638,65.55122375488281,1.7881393432617188e-07
0.8750000000000004,9,459,2,61,396,7,0,7,40.23415049910545,0.0,8.262932382524014,60.928138732910156,1.7881393432617188e-07
0.9000000000000005,9,351,2,28,321,5,0,5,31.683787740767002,0.0,7.966925919055939,57.088687896728516,1.7881393432617188e-07
0.9250000000000005,9,297,0,28,269,4,0,4,26.660046480596066,0.0,7.6612319201231,56.16519546508789,1.7881393432617188e-07
0.9500000000000005,9,293,0,45,248,4,0,4,25.342891842126846,0.0,7.362387962639332,54.675472259521484,1.7881393432617188e-07
0.9750000000000005,9,266,0,50,216,4,0,4,22.4581760764122,0.0,6.823999240994453,53.920082092285156,1.7881393432617188e-07
1.0000000000000004,9,150,0,28,122,4,0,4,12.66030789166689,0.0,6.170680984854698,54.4951171875,1.7881393432617188e-07
1.0250000000000004,9,129,0,22,107,2,0,2,10.998814091086388,0.0,5.773445278406143,54.220252990722656,1.7881393432617188e-07
1.0500000000000003,9,118,0,19,99,2,0,2,10.10795720666647,0.0,5.474601231515408,53.55585861206055,1.7881393432617188e-07
1.0750000000000002,9,104,0,27,77,2,0,2,8.306869007647038,0.0,4.158278174698353,52.646339416503906,1.7881393432617188e-07
1.1,9,9,0,1,8,1,0,1,0.7988671213388443,0.0,0.7988671213388443,51.88566970825195,1.7881393432617188e-07
1.125,9,0,0,0,0,0,0,0,0.0,0.0,0.0,51.019893646240234,1.7881393432617188e-07
1.15,9,0,0,0,0,0,0,0,0.0,0.0,0.0,49.966217041015625,1.7881393432617188e-07
1.1749999999999998,9,0,0,0,0,0,0,0,0.0,0.0,0.0,49.52889633178711,1.7881393432617188e-07
1.1999999999999997,9,0,0,0,0,0,0,0,0.0,0.0,0.0,49.6086311340332,1.7881393432617188e-07
1.2249999999999996,9,0,0,0,0,0,0,0,0.0,0.0,0.0,49.51815414428711,1.7881393432617188e-07
1.2499999999999996,9,0,0,0,0,0,0,0,0.0,0.0,0.0,49.274654388427734,1.7881393432617188e-07
1.2749999999999995,9,0,0,0,0,0,0,0,0.0,0.0,0.0,48.890953063964844,1.7881393432617188e-07
1.2999999999999994,9,0,0,0,0,0,0,0,0.0,0.0,0.0,48.83033752441406,1.7881393432617188e-07
1.3249999999999993,9,0,0,0,0,0,0,0,0.0,0.0,0.0,49.016990661621094,1.7881393432617188e-07
1.3499999999999992,9,0,0,0,0,0,0,0,0.0,0.0,0.0,49.10795974731445,1.7881393432617188e-07
1.3749999999999991,9,0,0,0,0,0,0,0,0.0,0.0,0.0,49.01298904418945,1.7881393432617188e-07
1.399999999999999,9,0,0,0,0,0,0,0,0.0,0.0,0.0,48.805694580078125,1.7881393432617188e-07
1.424999999999999,9,0,0,0,0,0,0,0,0.0,0.0,0.0,48.449031829833984,1.7881393432617188e-07
1.4499999999999988,9,0,0,0,0,0,0,0,0.0,0.0,0.0,47.961910247802734,1.7881393432617188e-07
1.4749999999999988,9,0,0,0,0,0,0,0,0.0,0.0,0.0,47.363338470458984,1.7881393432617188e-07
1.4999999999999987,9,0,0,0,0,0,0,0,0.0,0.0,0.0,46.63944625854492,1.7881393432617188e-07
1.5249999999999986,9,0,0,0,0,0,0,0,0.0,0.0,0.0,46.35954666137695,1.7881393432617188e-07
1.5499999999999985,9,0,0,0,0,0,0,0,0.0,0.0,0.0,46.45901107788086,1.7881393432617188e-07
1.5749999999999984,9,0,0,0,0,0,0,0,0.0,0.0,0.0,46.528175354003906,1.7881393432617188e-07
1.5999999999999983,9,0,0,0,0,0,0,0,0.0,0.0,0.0,46.413028717041016,1.7881393432617188e-07
1.6249999999999982,9,0,0,0,0,0,0,0,0.0,0.0,0.0,46.159629821777344,1.7881393432617188e-07
1.6499999999999981,9,0,0,0,0,0,0,0,0.0,0.0,0.0,45.73745346069336,1.7881393432617188e-07
1.674999999999998,9,18,0,6,12,2,0,2,1.2598619759082794,0.0,0.8227020651102066,45.170780181884766,1.7881393432617188e-07
1.699999999999998,9,82,0,23,59,2,0,2,6.496924385428429,0.0,3.540040671825409,44.46290969848633,1.7881393432617188e-07
1.7249999999999979,9,111,0,24,87,2,0,2,9.179182432591915,0.0,4.60713154822588,44.18624496459961,1.7881393432617188e-07
1.7499999999999978,9,145,0,26,119,3,0,3,12.24698243290186,0.0,5.3217543810606,43.899742126464844,1.7881393432617188e-07
1.7749999999999977,9,246,0,51,195,4,0,4,20.58647760003805,0.0,6.059764608740807,43.40886688232422,1.7881393432617188e-07
1.7999999999999976,9,310,0,65,245,4,0,4,25.90823247283697,0.0,7.51239762455225,43.49795150756836,1.7881393432617188e-07
1.8249999999999975,9,331,0,54,277,4,0,4,28.469159983098507,0.0,8.100398100912571,43.360252380371094,1.7881393432617188e-07
1.8499999999999974,9,410,0,74,336,6,0,6,34.8463114798069,0.0,8.54240145534277,43.57652282714844,1.7881393432617188e-07
1.8749999999999973,9,486,0,87,399,6,0,6,41.38115360587835,0.0,8.791633769869804,43.26423263549805,1.7881393432617188e-07
1.8999999999999972,9,525,0,88,437,6,0,6,45.14019097387791,0.0,9.120714724063873,45.322872161865234,1.7881393432617188e-07
1.9249999999999972,9,555,0,79,476,7,0,7,48.38706202059984,0.0,9.273561738431454,48.96711349487305,1.7881393432617188e-07
1.949999999999997,9,612,0,75,537,8,0,8,54.06695868819952,0.0,9.273561872541904,55.073699951171875,1.7881393432617188e-07
1.974999999999997,9,662,0,94,568,8,0,8,57.78523895889521,0.0,9.153789214789867,65.26675415039062,1.7881393432617188e-07
1.999999999999997,9,730,0,112,618,9,0,9,63.19853535294533,0.0,9.193713419139385,74.51895904541016,1.7881393432617188e-07
0.0,10,0,0,0,0,0,0,0,0.0,0.0,0.0,61.2642822265625,1.7881393432617188e-07
0.025,10,0,0,0,0,0,0,0,0.0,0.0,0.0,61.52272033691406,1.7881393432617188e-07
0.05,10,0,0,0,0,0,0,0,0.0,0.0,0.0,61.58020782470703,1.7881393432617188e-07
0.07500000000000001,10,64,0,5,59,2,0,2,5.69359677284956,0.0,3.011338844895363,62.001869201660156,1.7881393432617188e-07
0.1,10,94,0,9,85,2,0,2,8.359317943453789,0.0,4.247813865542412,62.884124755859375,1.7881393432617188e-07
0.125,10,118,0,14,104,2,0,2,10.390263982117176,0.0,5.235056221485138,63.37620162963867,1.7881393432617188e-07
0.15,10,175,0,31,144,5,0,5,14.719932563602924,0.0,6.205761380493641,62.9250602722168,1.7881393432617188e-07
0.175,10,281,0,50,231,4,0,4,23.875728078186512,0.0,7.009920470416546,62.0175666809082,1.7881393432617188e-07
0.19999999999999998,10,318,0,40,278,5,0,5,27.93845149129629,0.0,7.299076817929745,62.751731872558594,1.7881393432617188e-07
0.22499999999999998,10,356,0,44,312,5,0,5,31.431718312203884,0.0,7.73623675853014,64.4124984741211,1.7881393432617188e-07
0.24999999999999997,10,404,0,48,356,8,0,8,35.543221935629845,0.0,7.9572384506464005,67.42035675048828,1.7881393432617188e-07
0.27499999999999997,10,486,2,62,422,6,0,6,42.651533640921116,0.0,8.59201280772686,68.43168640136719,1.7881393432617188e-07
0.3,10,544,1,63,480,7,0,7,48.17373990267515,0.0,8.704935558140278,72.2725830078125,1.7881393432617188e-07
0.325,10,587,2,53,532,8,0,8,52.814776957035065,0.0,8.721472546458244,81.22266387939453,1.7881393432617188e-07
0.35000000000000003,10,628,3,59,566,8,0,8,56.31489374488592,0.0,8.80132107436657,93.11592102050781,1.7881393432617188e-07
0.37500000000000006,10,649,2,53,594,8,0,8,58.70598838478327,0.0,8.665011271834373,105.9299087524414,1.7881393432617188e-07
0.4000000000000001,10,677,2,51,624,9,0,9,61.44955167919397,0.0,8.704935491085052,119.115234375,1.7881393432617188e-07
0.4250000000000001,10,766,0,68,698,10,0,10,69.14102010428905,0.0,8.704935543239117,131.9375762939453,1.7881393432617188e-07
0.4500000000000001,10,826,0,66,760,11,0,11,74.827766738832,0.0,8.641624212265015,143.16122436523438,1.7881393432617188e-07
0.47500000000000014,10,871,1,64,806,11,0,11,79.22157802432775,0.0,8.665011212229729,151.82199096679688,1.7881393432617188e-07
0.5000000000000001,10,973,3,85,885,13,0,13,87.6462127789855,0.0,8.76139672845602,157.24920654296875,1.7881393432617188e-07
0.5250000000000001,10,1014,3,77,934,14,0,14,91.86863395571709,0.0,8.721472650766373,159.6287384033203,1.7881393432617188e-07
0.5500000000000002,10,1040,3,67,970,14,0,14,94.96750197559595,0.0,8.817858070135117,159.5886993408203,1.7881393432617188e-07
0.5750000000000002,10,1039,5,62,972,14,0,14,95.1251924932003,0.0,8.886013470590115,157.46420288085938,1.7881393432617188e-07
0.6000000000000002,10,998,4,56,938,13,0,13,91.58030781149864,0.0,8.789627589285374,153.92999267578125,1.7881393432617188e-07
0.6250000000000002,10,956,3,64,889,12,0,12,87.23327077925205,0.0,8.801320917904377,149.50247192382812,1.7881393432617188e-07
0.6500000000000002,10,908,4,64,840,12,0,12,82.55030451714993,0.0,8.80132082849741,144.18418884277344,1.7881393432617188e-07
0.6750000000000003,10,820,3,52,765,11,0,11,74.9269896671176,0.0,8.817858077585697,138.0359344482422,1.7881393432617188e-07
0.7000000000000003,10,765,2,46,717,10,0,10,70.08916936814785,0.0,8.641624175012112,130.3029022216797,1.7881393432617188e-07
0.7250000000000003,10,714,2,46,666,10,0,10,65.22996868938208,0.0,8.721472628414631,120.6991195678711,1.7881393432617188e-07
0.7500000000000003,10,643,1,44,598,8,0,8,58.69228859990835,0.0,8.704935491085052,109.2149887084961,1.7881393432617188e-07
0.7750000000000004,10,625,0,50,575,8,0,8,56.64681135863066,0.0,8.761396780610085,96.3968734741211,1.7881393432617188e-07
0.8000000000000004,10,602,0,57,545,8,0,8,54.09117603302002,0.0,8.897706508636475,83.3197250366211,1.7881393432617188e-07
0.8250000000000004,10,539,1,51,487,10,0,10,48.13665360212326,0.0,8.70493546128273,72.47218322753906,1.7881393432617188e-07
0.8500000000000004,10,483,1,40,442,7,0,7,43.705307848751545,0.0,8.592012979090214,65.64694213867188,1.7881393432617188e-07
0.8750000000000004,10,428,1,40,387,6,0,6,38.38801456987858,0.0,8.246395267546177,62.22568893432617,1.7881393432617188e-07
0.9000000000000005,10,360,0,38,322,5,0,5,32.07133637368679,0.0,7.837465912103653,60.3138313293457,1.7881393432617188e-07
0.9250000000000005,10,310,0,35,275,4,0,4,27.51782923936844,0.0,7.508385039865971,59.70514678955078,1.7881393432617188e-07
0.9500000000000005,10,270,0,30,240,4,0,4,23.9447143599391,0.0,7.3555383905768394,59.1163444519043,1.7881393432617188e-07
0.9750000000000005,10,218,0,19,199,4,0,4,19.58197122812271,0.0,6.737300790846348,57.27593994140625,1.7881393432617188e-07
1.0000000000000004,10,161,0,17,144,4,0,4,14.313392490148544,0.0,6.062602013349533,55.84580612182617,1.7881393432617188e-07
1.0250000000000004,10,114,0,9,105,2,0,2,10.287028528749943,0.0,5.171745091676712,55.3476448059082,1.7881393432617188e-07
1.0500000000000003,10,98,0,10,88,2,0,2,8.688398852944374,0.0,4.520433373749256,54.83781814575195,1.7881393432617188e-07
1.0750000000000002,10,74,0,12,62,2,0,2,6.290453672409058,0.0,3.239190548658371,53.72802734375,1.7881393432617188e-07
1.1,10,27,0,5,22,2,0,2,2.1837932020425797,0.0,1.1118586733937263,52.89103317260742,1.7881393432617188e-07
1.125,10,0,0,0,0,0,0,0,0.0,0.0,0.0,53.1430549621582,1.7881393432617188e-07
1.15,10,0,0,0,0,0,0,0,0.0,0.0,0.0,53.24348068237305,1.7881393432617188e-07
1.1749999999999998,10,0,0,0,0,0,0,0,0.0,0.0,0.0,53.17923355102539,1.7881393432617188e-07
1.1999999999999997,10,0,0,0,0,0,0,0,0.0,0.0,0.0,52.98282241821289,1.7881393432617188e-07
1.2249999999999996,10,0,0,0,0,0,0,0,0.0,0.0,0.0,52.5921516418457,1.7881393432617188e-07
1.2499999999999996,10,0,0,0,0,0,0,0,0.0,0.0,0.0,52.04794692993164,1.7881393432617188e-07
1.2749999999999995,10,0,0,0,0,0,0,0,0.0,0.0,0.0,51.328819274902344,1.7881393432617188e-07
1.2999999999999994,10,0,0,0,0,0,0,0,0.0,0.0,0.0,50.52338790893555,1.7881393432617188e-07
1.3249999999999993,10,0,0,0,0,0,0,0,0.0,0.0,0.0,50.421382904052734,1.7881393432617188e-07
1.3499999999999992,10,0,0,0,0,0,0,0,0.0,0.0,0.0,50.20209503173828,1.7881393432617188e-07
1.3749999999999991,10,0,0,0,0,0,0,0,0.0,0.0,0.0,50.20315170288086,1.7881393432617188e-07
1.399999999999999,10,0,0,0,0,0,0,0,0.0,0.0,0.0,50.09109878540039,1.7881393432617188e-07
1.424999999999999,10,0,0,0,0,0,0,0,0.0,0.0,0.0,49.76067352294922,1.7881393432617188e-07
1.4499999999999988,10,0,0,0,0,0,0,0,0.0,0.0,0.0,49.2276496887207,1.7881393432617188e-07
1.4749999999999988,10,0,0,0,0,0,0,0,0.0,0.0,0.0,48.48818588256836,1.7881393432617188e-07
1.4999999999999987,10,0,0,0,0,0,0,0,0.0,0.0,0.0,48.11738204956055,1.7881393432617188e-07
1.5249999999999986,10,0,0,0,0,0,0,0,0.0,0.0,0.0,48.21760559082031,1.7881393432617188e-07
1.5499999999999985,10,0,0,0,0,0,0,0,0.0,0.0,0.0,48.110111236572266,1.7881393432617188e-07
1.5749999999999984,10,0,0,0,0,0,0,0,0.0,0.0,0.0,47.793853759765625,1.7881393432617188e-07
1.5999999999999983,10,0,0,0,0,0,0,0,0.0,0.0,0.0,47.27895736694336,1.7881393432617188e-07
1.6249999999999982,10,0,0,0,0,0,0,0,0.0,0.0,0.0,46.59152603149414,1.7881393432617188e-07
1.6499999999999981,10,0,0,0,0,0,0,0,0.0,0.0,0.0,45.74446105957031,1.7881393432617188e-07
1.674999999999998,10,0,0,0,0,0,0,0,0.0,0.0,0.0,44.7676887512207,1.7881393432617188e-07
1.699999999999998,10,75,0,18,57,2,0,2,6.048070959746838,0.0,3.500116415321827,44.32536697387695,1.7881393432617188e-07
1.7249999999999979,10,112,0,26,86,2,0,2,9.134414531290531,0.0,4.600281625986099,44.558143615722656,1.7881393432617188e-07
1.7499999999999978,10,163,0,30,133,3,0,3,13.784307725727558,0.0,5.723833926022053,44.436363220214844,1.7881393432617188e-07
1.7749999999999977,10,210,0,41,169,4,0,4,17.766351982951164,0.0,6.217455044388771,44.21139144897461,1.7881393432617188e-07
1.7999999999999976,10,277,1,47,229,5,1,4,23.795879796147346,0.4089292958378792,7.131699196994305,44.63345718383789,1.7881393432617188e-07
1.8249999999999975,10,301,1,40,260,4,0,4,26.33982142060995,0.0,7.747930206358433,44.87620162963867,1.7881393432617188e-07
1.8499999999999974,10,342,1,58,283,4,0,4,29.303554743528366,0.0,7.99716242402792,46.0767936706543,1.7881393432617188e-07
1.8749999999999973,10,459,0,85,374,7,0,7,38.93643530458212,0.0,8.223008163273335,46.395973205566406,1.7881393432617188e-07
1.8999999999999972,10,507,0,79,428,6,0,6,43.85694094747305,0.0,8.4722403511405,48.64509963989258,1.7881393432617188e-07
1.9249999999999972,10,544,0,67,477,7,0,7,48.0325870141387,0.0,8.881169334053993,50.81315994262695,1.7881393432617188e-07
1.949999999999997,10,603,0,72,531,7,0,7,53.46481031924486,0.0,9.233637608587742,55.06291961669922,1.7881393432617188e-07
1.974999999999997,10,678,0,105,573,8,0,8,58.76279481500387,0.0,9.210250988602638,61.69121551513672,1.7881393432617188e-07
1.999999999999997,10,736,0,102,634,9,0,9,64.42615556716919,0.0,9.090478479862213,71.88898468017578,1.7881393432617188e-07
0.0,11,0,0,0,0,0,0,0,0.0,0.0,0.0,60.034000396728516,1.7881393432617188e-07
0.025,11,0,0,0,0,0,0,0,0.0,0.0,0.0,59.97208023071289,1.7881393432617188e-07
0.05,11,0,0,0,0,0,0,0,0.0,0.0,0.0,59.653324127197266,1.7881393432617188e-07
0.07500000000000001,11,57,0,7,50,2,0,2,4.905975423753262,0.0,2.722182258963585,59.13282775878906,1.7881393432617188e-07
0.1,11,96,0,13,83,2,0,2,8.326243422925472,0.0,4.191352486610413,59.60945129394531,1.7881393432617188e-07
0.125,11,149,0,22,127,4,0,4,12.790215246379375,0.0,5.5641369968652725,60.11810302734375,1.7881393432617188e-07
0.15,11,200,0,31,169,4,0,4,17.225956618785858,0.0,6.335221402347088,59.97187805175781,1.7881393432617188e-07
0.175,11,258,0,31,227,4,0,4,22.815869890153408,0.0,6.890147544443607,60.25250244140625,1.7881393432617188e-07
0.19999999999999998,11,298,0,38,260,5,0,5,26.123664140701294,0.0,7.378925167024136,60.9408073425293,1.7881393432617188e-07
0.22499999999999998,11,350,2,38,310,5,0,5,31.191725254058838,0.0,7.797541879117489,61.22478103637695,1.7881393432617188e-07
0.24999999999999997,11,413,0,50,363,6,0,6,36.546553395688534,0.0,8.262932166457176,63.49800109863281,1.7881393432617188e-07
0.27499999999999997,11,467,1,51,415,6,0,6,41.55420605093241,0.0,8.51216458529234,66.05660247802734,1.7881393432617188e-07
0.3,11,501,1,51,449,6,0,6,44.77485305815935,0.0,8.728322729468346,72.3168716430664,1.7881393432617188e-07
0.325,11,574,1,55,518,8,0,8,51.47707259654999,0.0,8.744859725236893,80.32638549804688,1.7881393432617188e-07
0.35000000000000003,11,614,1,51,562,8,0,8,55.50187861174345,0.0,8.864632345736027,92.98126220703125,1.7881393432617188e-07
0.37500000000000006,11,653,2,55,596,8,0,8,58.9503767862916,0.0,8.801321066915989,106.8462905883789,1.7881393432617188e-07
0.4000000000000001,11,698,3,57,638,9,0,9,63.078418008983135,0.0,8.625087030231953,121.2872085571289,1.7881393432617188e-07
0.4250000000000001,11,750,4,55,691,10,0,10,67.99408143758774,0.0,8.64847420156002,134.85638427734375,1.7881393432617188e-07
0.4500000000000001,11,818,2,62,754,11,0,11,74.1978358477354,0.0,8.62508699297905,145.90765380859375,1.7881393432617188e-07
0.47500000000000014,11,902,2,72,828,12,0,12,81.63322255015373,0.0,8.761396870017052,153.1369171142578,1.7881393432617188e-07
0.5000000000000001,11,957,2,80,875,12,0,12,86.45450630038977,0.0,8.76139684021473,157.5470428466797,1.7881393432617188e-07
0.5250000000000001,11,1006,2,84,920,13,0,13,90.88339707255363,0.0,8.641624204814434,159.02833557128906,1.7881393432617188e-07
0.5500000000000002,11,1042,5,79,958,14,0,14,94.34158340096474,0.0,8.857782386243343,158.0274200439453,1.7881393432617188e-07
0.5750000000000002,11,1065,6,82,977,14,0,14,96.47375874221325,0.0,8.829551883041859,155.9316864013672,1.7881393432617188e-07
0.6000000000000002,11,1035,3,82,950,14,0,14,93.61042279750109,0.0,8.80132096260786,153.14561462402344,1.7881393432617188e-07
0.6250000000000002,11,959,2,61,896,12,0,12,87.74827299267054,0.0,8.841245263814926,149.54769897460938,1.7881393432617188e-07
0.6500000000000002,11,897,2,48,847,12,0,12,82.50636721402407,0.0,8.817858077585697,146.8074188232422,1.7881393432617188e-07
0.6750000000000003,11,830,2,59,769,11,0,11,75.52384659647942,0.0,8.801321052014828,142.0740203857422,1.7881393432617188e-07
0.7000000000000003,11,779,2,68,709,10,0,10,70.16818756610155,0.0,8.74485968798399,134.37986755371094,1.7881393432617188e-07
0.7250000000000003,11,732,2,61,669,10,0,10,66.03329667448997,0.0,8.74485980719328,123.53089141845703,1.7881393432617188e-07
0.7500000000000003,11,647,4,44,599,9,0,9,58.84029246121645,0.0,8.80132108181715,109.96622467041016,1.7881393432617188e-07
0.7750000000000004,11,587,2,32,553,8,0,8,53.91577314585447,0.0,8.761396825313568,95.4338607788086,1.7881393432617188e-07
0.8000000000000004,11,515,0,43,472,6,0,6,46.63240233808756,0.0,8.864632196724415,82.96411895751953,1.7881393432617188e-07
0.8250000000000004,11,497,0,52,445,6,0,6,44.38931208848953,0.0,8.47909051924944,76.62352752685547,1.7881393432617188e-07
0.8500000000000004,11,467,0,53,414,6,0,6,41.441284500062466,0.0,8.439166061580181,68.8980712890625,1.7881393432617188e-07
0.8750000000000004,11,396,0,34,362,6,0,6,35.69890660047531,0.0,8.143159732222557,62.059749603271484,1.7881393432617188e-07
0.9000000000000005,11,321,0,23,298,4,0,4,29.255605779588223,0.0,8.086698241531849,58.38245391845703,1.7881393432617188e-07
0.9250000000000005,11,302,0,28,274,4,0,4,27.141973480582237,0.0,7.724543035030365,57.988624572753906,1.7881393432617188e-07
0.9500000000000005,11,281,0,34,247,4,0,4,24.80733995139599,0.0,7.254309065639973,56.68106460571289,1.7881393432617188e-07
0.9750000000000005,11,252,0,40,212,4,0,4,21.645160347223282,0.0,6.840536132454872,55.143882751464844,1.7881393432617188e-07
1.0000000000000004,11,181,0,30,151,4,0,4,15.591350145637989,0.0,6.238835863769054,55.230064392089844,1.7881393432617188e-07
1.0250000000000004,11,123,0,18,105,2,0,2,10.646346420049667,0.0,5.387903124094009,55.36574935913086,1.7881393432617188e-07
1.0500000000000003,11,105,0,15,90,2,0,2,9.080790601670742,0.0,4.616818688809872,54.77750015258789,1.7881393432617188e-07
1.0750000000000002,11,75,0,9,66,2,0,2,6.527992397546768,0.0,3.516653500497341,53.710689544677734,1.7881393432617188e-07
1.1,11,24,3,2,19,2,0,2,1.866405911743641,0.0,1.7982510328292847,52.58717346191406,1.7881393432617188e-07
1.125,11,0,0,0,0,0,0,0,0.0,0.0,0.0,52.262760162353516,1.7881393432617188e-07
1.15,11,0,0,0,0,0,0,0,0.0,0.0,0.0,51.767765045166016,1.7881393432617188e-07
1.1749999999999998,11,0,0,0,0,0,0,0,0.0,0.0,0.0,51.04941940307617,1.7881393432617188e-07
1.1999999999999997,11,0,0,0,0,0,0,0,0.0,0.0,0.0,50.44231033325195,1.7881393432617188e-07
1.2249999999999996,11,0,0,0,0,0,0,0,0.0,0.0,0.0,49.89068603515625,1.7881393432617188e-07
1.2499999999999996,11,0,0,0,0,0,0,0,0.0,0.0,0.0,49.4100341796875,1.7881393432617188e-07
1.2749999999999995,11,0,0,0,0,0,0,0,0.0,0.0,0.0,49.387351989746094,1.7881393432617188e-07
1.2999999999999994,11,0,0,0,0,0,0,0,0.0,0.0,0.0,49.26078796386719,1.7881393432617188e-07
1.3249999999999993,11,0,0,0,0,0,0,0,0.0,0.0,0.0,49.00673294067383,1.7881393432617188e-07
1.3499999999999992,11,0,0,0,0,0,0,0,0.0,0.0,0.0,49.33884048461914,1.7881393432617188e-07
1.3749999999999991,11,0,0,0,0,0,0,0,0.0,0.0,0.0,49.8354606628418,1.7881393432617188e-07
1.399999999999999,11,0,0,0,0,0,0,0,0.0,0.0,0.0,50.15380859375,1.7881393432617188e-07
1.424999999999999,11,0,0,0,0,0,0,0,0.0,0.0,0.0,50.322444915771484,1.7881393432617188e-07
1.4499999999999988,11,0,0,0,0,0,0,0,0.0,0.0,0.0,50.3320198059082,1.7881393432617188e-07
1.4749999999999988,11,0,0,0,0,0,0,0,0.0,0.0,0.0,50.197574615478516,1.7881393432617188e-07
1.4999999999999987,11,0,0,0,0,0,0,0,0.0,0.0,0.0,49.913578033447266,1.7881393432617188e-07
1.5249999999999986,11,0,0,0,0,0,0,0,0.0,0.0,0.0,49.51186752319336,1.7881393432617188e-07
1.5499999999999985,11,0,0,0,0,0,0,0,0.0,0.0,0.0,48.994083404541016,1.7881393432617188e-07
1.5749999999999984,11,0,0,0,0,0,0,0,0.0,0.0,0.0,48.37851333618164,1.7881393432617188e-07
1.5999999999999983,11,0,0,0,0,0,0,0,0.0,0.0,0.0,47.670536041259766,1.7881393432617188e-07
1.6249999999999982,11,0,0,0,0,0,0,0,0.0,0.0,0.0,46.899295806884766,1.7881393432617188e-07
1.6499999999999981,11,0,0,0,0,0,0,0,0.0,0.0,0.0,46.25751876831055,1.7881393432617188e-07
1.674999999999998,11,0,0,0,0,0,0,0,0.0,0.0,0.0,45.60688400268555,1.7881393432617188e-07
1.699999999999998,11,41,0,10,31,1,0,1,3.2908082976937294,0.0,3.2908082976937294,45.7071647644043,1.7881393432617188e-07
1.7249999999999979,11,100,0,19,81,2,0,2,8.373017467558384,0.0,4.849513925611973,45.67165756225586,1.7881393432617188e-07
1.7499999999999978,11,161,1,37,123,3,0,3,13.167628213763237,0.0,5.531062804162502,45.809391021728516,1.7881393432617188e-07
1.7749999999999977,11,211,1,49,161,4,0,4,17.21343135088682,0.0,6.247691705822945,45.80288314819336,1.7881393432617188e-07
1.7999999999999976,11,267,0,48,219,4,0,4,22.63925299793482,0.0,6.896997429430485,44.90945816040039,1.7881393432617188e-07
1.8249999999999975,11,304,0,45,259,4,0,4,26.3749018907547,0.0,7.442236289381981,43.8428955078125,1.7881393432617188e-07
1.8499999999999974,11,340,0,51,289,4,0,4,29.5060131624341,0.0,8.077010847628117,44.29393005371094,1.7881393432617188e-07
1.8749999999999973,11,410,0,57,353,6,0,6,35.74969283491373,0.0,8.711785607039928,44.6532096862793,1.7881393432617188e-07
1.8999999999999972,11,518,0,76,442,7,0,7,45.01841144263744,0.0,8.881169445812702,45.81163787841797,1.7881393432617188e-07
1.9249999999999972,11,537,0,63,474,7,0,7,47.611964263021946,0.0,8.977554872632027,51.63813018798828,1.7881393432617188e-07
1.949999999999997,11,561,0,59,502,7,0,7,50.12283185124397,0.0,8.857782311737537,58.40473175048828,1.7881393432617188e-07
1.974999999999997,11,643,0,78,565,8,0,8,56.80083427578211,0.0,9.13040266185999,62.586002349853516,1.7881393432617188e-07
1.999999999999997,11,723,0,79,644,10,0,10,64.31890612095594,0.0,9.3465606123209,70.83741760253906,1.7881393432617188e-07
0.0,12,0,0,0,0,0,0,0,0.0,0.0,0.0,58.66641616821289,1.7881393432617188e-07
0.025,12,0,0,0,0,0,0,0,0.0,0.0,0.0,58.4832878112793,1.7881393432617188e-07
0.05,12,18,0,2,16,1,0,1,1.5256316289305687,0.0,1.5256316289305687,58.434776306152344,1.7881393432617188e-07
0.07500000000000001,12,80,1,6,73,2,0,2,7.151073470711708,0.0,3.725961811840534,58.60019302368164,1.7881393432617188e-07
0.1,12,109,1,13,95,2,0,2,9.551025085151196,0.0,4.985824003815651,58.39280319213867,1.7881393432617188e-07
0.125,12,160,0,27,133,4,0,4,13.736637696623802,0.0,5.643985569477081,58.2087516784668,1.7881393432617188e-07
0.15,12,221,0,28,193,4,0,4,19.334745451807976,0.0,6.358608640730381,59.17119216918945,1.7881393432617188e-07
0.175,12,260,0,25,235,4,0,4,23.291395790874958,0.0,7.066381469368935,60.37648010253906,1.7881393432617188e-07
0.19999999999999998,12,288,1,29,258,4,0,4,25.67965343594551,0.0,7.604770548641682,60.16474533081055,1.7881393432617188e-07
0.22499999999999998,12,368,0,52,316,6,0,6,32.01203767210245,0.0,7.997162878513336,61.86023712158203,1.7881393432617188e-07
0.24999999999999997,12,439,1,65,373,6,0,6,38.06495200097561,0.0,8.286319203674793,63.21290969848633,1.7881393432617188e-07
0.27499999999999997,12,480,3,59,418,6,0,6,42.214374251663685,0.0,8.615400098264217,66.21053314208984,1.7881393432617188e-07
0.3,12,505,2,41,462,7,0,7,45.65685434639454,0.0,8.801321513950825,71.75421905517578,1.7881393432617188e-07
0.325,12,558,0,50,508,9,0,9,50.20506935566664,0.0,8.62508711963892,82.563232421875,1.7881393432617188e-07
0.35000000000000003,12,623,0,67,556,8,0,8,55.55065988749266,0.0,8.568625941872597,96.42355346679688,1.7881393432617188e-07
0.37500000000000006,12,656,2,74,580,8,0,8,58.19499856978655,0.0,8.67186140269041,110.0202407836914,1.7881393432617188e-07
0.4000000000000001,12,701,2,72,627,9,0,9,62.577116675674915,0.0,8.824708178639412,122.28274536132812,1.7881393432617188e-07
0.4250000000000001,12,751,2,55,694,10,0,10,68.20338990539312,0.0,8.721472509205341,132.6314239501953,1.7881393432617188e-07
0.4500000000000001,12,816,2,50,764,11,0,11,74.6543711796403,0.0,8.658161774277687,141.8330535888672,1.7881393432617188e-07
0.47500000000000014,12,906,6,67,833,12,0,12,82.13168815523386,0.0,8.721472635865211,149.01548767089844,1.7881393432617188e-07
0.5000000000000001,12,980,5,94,881,12,0,12,87.73976109921932,0.0,8.761396825313568,153.88478088378906,1.7881393432617188e-07
0.5250000000000001,12,1057,5,111,941,14,0,14,94.00883338600397,0.0,8.897706478834152,156.9859619140625,1.7881393432617188e-07
0.5500000000000002,12,1057,3,77,977,14,0,14,96.01321095228195,0.0,8.738009624183178,158.5782470703125,1.7881393432617188e-07
0.5750000000000002,12,1043,4,64,975,14,0,14,95.3695814087987,0.0,8.698085494339466,159.38243103027344,1.7881393432617188e-07
0.6000000000000002,12,1035,1,84,950,14,0,14,93.6104236766696,0.0,8.777933940291405,158.4046173095703,1.7881393432617188e-07
0.6250000000000002,12,976,1,85,890,12,0,12,88.0599862113595,0.0,8.801321066915989,154.77540588378906,1.7881393432617188e-07
0.6500000000000002,12,920,3,68,849,12,0,12,83.53754759579897,0.0,8.977554962038994,148.27203369140625,1.7881393432617188e-07
0.6750000000000003,12,844,4,50,790,12,0,12,77.20031856000423,0.0,8.721472650766373,139.25350952148438,1.7881393432617188e-07
0.7000000000000003,12,778,2,52,724,10,0,10,71.03164515644312,0.0,8.738010078668594,128.64527893066406,1.7881393432617188e-07
0.7250000000000003,12,740,1,56,683,10,0,10,67.19961005449295,0.0,8.721472688019276,116.95820617675781,1.7881393432617188e-07
0.7500000000000003,12,688,1,64,623,10,0,10,61.79188450425863,0.0,8.648474238812923,104.77046966552734,1.7881393432617188e-07
0.7750000000000004,12,635,1,64,570,9,0,9,56.723822712898254,0.0,8.72832265496254,92.79617309570312,1.7881393432617188e-07
0.8000000000000004,12,577,1,53,523,8,0,8,51.87870419770479,0.0,8.801321044564247,81.98934936523438,1.7881393432617188e-07
0.8250000000000004,12,522,0,40,482,8,0,8,47.39618957787752,0.0,8.568625718355179,71.63170623779297,1.7881393432617188e-07
0.8500000000000004,12,484,0,51,433,6,0,6,43.19276014715433,0.0,8.608550108969212,66.07357788085938,1.7881393432617188e-07
0.8750000000000004,12,421,0,56,365,6,0,6,36.97887060046196,0.0,8.359317891299725,64.13105010986328,1.7881393432617188e-07
0.9000000000000005,12,366,0,47,319,5,0,5,32.14149775356054,0.0,7.973775617778301,60.66647720336914,1.7881393432617188e-07
0.9250000000000005,12,329,0,38,291,5,0,5,29.13984552025795,0.0,7.684619031846523,56.925106048583984,1.7881393432617188e-07
0.9500000000000005,12,268,0,25,243,4,0,4,24.062479861080647,0.0,7.08291869610548,57.32040023803711,1.7881393432617188e-07
0.9750000000000005,12,203,0,20,183,4,0,4,18.107957758009434,0.0,6.617528289556503,57.21644973754883,1.7881393432617188e-07
1.0000000000000004,12,148,0,10,138,3,0,3,13.467751495540142,0.0,6.039214797317982,56.8854866027832,1.7881393432617188e-07
1.0250000000000004,12,122,0,15,107,2,0,2,10.719345033168793,0.0,5.564137279987335,55.02299880981445,1.7881393432617188e-07
1.0500000000000003,12,105,0,18,87,2,0,2,8.91140666604042,0.0,4.680130012333393,53.2026481628418,1.7881393432617188e-07
1.0750000000000002,12,73,1,9,63,2,0,2,6.278759837150574,0.0,3.556577757000923,53.021820068359375,1.7881393432617188e-07
1.1,12,0,0,0,0,0,0,0,0.0,0.0,0.0,52.742698669433594,1.7881393432617188e-07
1.125,12,0,0,0,0,0,0,0,0.0,0.0,0.0,52.34761428833008,1.7881393432617188e-07
1.15,12,0,0,0,0,0,0,0,0.0,0.0,0.0,51.80275344848633,1.7881393432617188e-07
1.1749999999999998,12,0,0,0,0,0,0,0,0.0,0.0,0.0,51.06087112426758,1.7881393432617188e-07
1.1999999999999997,12,0,0,0,0,0,0,0,0.0,0.0,0.0,50.2049560546875,1.7881393432617188e-07
1.2249999999999996,12,0,0,0,0,0,0,0,0.0,0.0,0.0,49.24466323852539,1.7881393432617188e-07
1.2499999999999996,12,0,0,0,0,0,0,0,0.0,0.0,0.0,49.01123046875,1.7881393432617188e-07
1.2749999999999995,12,0,0,0,0,0,0,0,0.0,0.0,0.0,49.11663818359375,1.7881393432617188e-07
1.2999999999999994,12,0,0,0,0,0,0,0,0.0,0.0,0.0,49.10023880004883,1.7881393432617188e-07
1.3249999999999993,12,0,0,0,0,0,0,0,0.0,0.0,0.0,49.02132034301758,1.7881393432617188e-07
1.3499999999999992,12,0,0,0,0,0,0,0,0.0,0.0,0.0,48.7314453125,1.7881393432617188e-07
1.3749999999999991,12,0,0,0,0,0,0,0,0.0,0.0,0.0,48.31854248046875,1.7881393432617188e-07
1.399999999999999,12,0,0,0,0,0,0,0,0.0,0.0,0.0,47.69843673706055,1.7881393432617188e-07
1.424999999999999,12,0,0,0,0,0,0,0,0.0,0.0,0.0,47.406463623046875,1.7881393432617188e-07
1.4499999999999988,12,0,0,0,0,0,0,0,0.0,0.0,0.0,47.495304107666016,1.7881393432617188e-07
1.4749999999999988,12,0,0,0,0,0,0,0,0.0,0.0,0.0,47.426631927490234,1.7881393432617188e-07
1.4999999999999987,12,0,0,0,0,0,0,0,0.0,0.0,0.0,47.18242645263672,1.7881393432617188e-07
1.5249999999999986,12,0,0,0,0,0,0,0,0.0,0.0,0.0,46.81960678100586,1.7881393432617188e-07
1.5499999999999985,12,0,0,0,0,0,0,0,0.0,0.0,0.0,46.44612503051758,1.7881393432617188e-07
1.5749999999999984,12,0,0,0,0,0,0,0,0.0,0.0,0.0,46.265960693359375,1.7881393432617188e-07
1.5999999999999983,12,0,0,0,0,0,0,0,0.0,0.0,0.0,45.94588851928711,1.7881393432617188e-07
1.6249999999999982,12,0,0,0,0,0,0,0,0.0,0.0,0.0,45.509986877441406,1.7881393432617188e-07
1.6499999999999981,12,0,0,0,0,0,0,0,0.0,0.0,0.0,44.957611083984375,1.7881393432617188e-07
1.674999999999998,12,0,0,0,0,0,0,0,0.0,0.0,0.0,44.299217224121094,1.7881393432617188e-07
1.699999999999998,12,37,0,5,32,2,0,2,3.0911871939897537,0.0,2.9948016554117203,44.05577087402344,1.7881393432617188e-07
1.7249999999999979,12,106,0,20,86,3,0,3,8.91095895320177,0.0,4.7531285509467125,43.97692108154297,1.7881393432617188e-07
1.7499999999999978,12,177,2,36,139,4,0,4,14.585628099739552,0.0,5.451214358210564,44.170345306396484,1.7881393432617188e-07
1.7749999999999977,12,227,2,50,175,4,0,4,18.61444664001465,0.0,6.212611459195614,43.943580627441406,1.7881393432617188e-07
1.7999999999999976,12,257,2,37,218,4,0,4,22.18354883790016,0.0,6.7538378313183784,44.33967208862305,1.7881393432617188e-07
1.8249999999999975,12,307,0,38,269,5,0,5,26.9911332949996,0.0,7.332151159644127,45.25545883178711,1.7881393432617188e-07
1.8499999999999974,12,407,0,69,338,6,0,6,34.81123036891222,0.0,8.053624019026756,45.190208435058594,1.7881393432617188e-07
1.8749999999999973,12,479,0,90,389,6,0,6,40.593532629311085,0.0,8.54724533110857,44.1951904296875,1.7881393432617188e-07
1.8999999999999972,12,500,0,79,421,6,0,6,43.18224247545004,0.0,8.859788991510868,45.865604400634766,1.7881393432617188e-07
1.9249999999999972,12,548,0,63,485,7,0,7,48.61574386060238,0.0,8.994092367589474,49.04776382446289,1.7881393432617188e-07
1.949999999999997,12,604,0,71,533,8,0,8,53.52171965688467,0.0,9.146939612925053,54.67873764038086,1.7881393432617188e-07
1.974999999999997,12,673,0,97,576,8,0,8,58.64786761254072,0.0,9.26671214401722,61.46836471557617,1.7881393432617188e-07
1.999999999999997,12,711,0,97,614,8,0,8,62.36697834730148,0.0,9.226788207888603,68.98779296875,1.7881393432617188e-07
0.0,13,0,0,0,0,0,0,0,0.0,0.0,0.0,60.545169830322266,1.7881393432617188e-07
0.025,13,0,0,0,0,0,0,0,0.0,0.0,0.0,60.07522201538086,1.7881393432617188e-07
0.05,13,10,0,2,8,1,0,1,0.7545471489429474,0.0,0.7545471489429474,59.37506103515625,1.7881393432617188e-07
0.07500000000000001,13,85,1,13,71,2,0,2,7.209541276097298,0.0,4.0054312869906425,58.438358306884766,1.7881393432617188e-07
0.1,13,126,1,23,102,2,0,2,10.596734993159771,0.0,5.787144996225834,57.739234924316406,1.7881393432617188e-07
0.125,13,141,0,18,123,2,0,2,12.381285846233368,0.0,6.671152003109455,57.64301681518555,1.7881393432617188e-07
0.15,13,194,0,35,159,4,0,4,16.449581161141396,0.0,6.903847731649876,59.20339584350586,1.7881393432617188e-07
0.175,13,269,0,60,209,4,0,4,22.18271864950657,0.0,7.312776550650597,60.257938385009766,1.7881393432617188e-07
0.19999999999999998,13,317,0,54,263,4,0,4,27.11976159363985,0.0,7.811241425573826,59.845577239990234,1.7881393432617188e-07
0.22499999999999998,13,344,0,44,300,6,0,6,30.15047564357519,0.0,8.253245189785957,60.783226013183594,1.7881393432617188e-07
0.24999999999999997,13,399,0,45,354,6,0,6,35.451232485473156,0.0,8.326243616640568,63.189937591552734,1.7881393432617188e-07
0.27499999999999997,13,464,1,61,402,6,0,6,40.72821920365095,0.0,8.36616761982441,67.66124725341797,1.7881393432617188e-07
0.3,13,534,3,72,459,8,0,8,46.49242536723614,0.0,8.67871131747961,73.29643249511719,1.7881393432617188e-07
0.325,13,598,3,72,523,8,0,8,52.68933053314686,0.0,8.984404951334,81.78739166259766,1.7881393432617188e-07
0.35000000000000003,13,615,3,56,556,8,0,8,55.23126468062401,0.0,8.921093635261059,94.26044464111328,1.7881393432617188e-07
0.37500000000000006,13,641,3,54,584,8,0,8,57.79375135153532,0.0,8.761396832764149,108.29200744628906,1.7881393432617188e-07
0.4000000000000001,13,714,0,75,639,10,0,10,63.67728194594383,0.0,8.78478404134512,121.70433807373047,1.7881393432617188e-07
0.4250000000000001,13,793,0,91,702,10,0,10,70.36012762784958,0.0,8.784783899784088,133.5060272216797,1.7881393432617188e-07
0.4500000000000001,13,852,1,101,750,11,0,11,75.35764420777559,0.0,8.7847840487957,143.01104736328125,1.7881393432617188e-07
0.47500000000000014,13,927,2,90,835,12,0,12,82.99832662940025,0.0,8.801320970058441,150.72705078125,1.7881393432617188e-07
0.5000000000000001,13,943,4,59,880,12,0,12,86.23433540761471,0.0,8.681548438966274,155.90826416015625,1.7881393432617188e-07
0.5250000000000001,13,1010,7,80,923,13,0,13,91.24070862680674,0.0,8.761396788060665,158.3465576171875,1.7881393432617188e-07
0.5500000000000002,13,1081,2,111,968,14,0,14,96.49147095531225,0.0,8.897706523537636,158.52052307128906,1.7881393432617188e-07
0.5750000000000002,13,1102,2,123,977,14,0,14,97.8380311280489,0.0,8.93763069063425,157.2593994140625,1.7881393432617188e-07
0.6000000000000002,13,1035,4,88,943,14,0,14,93.21519408375025,0.0,8.801321111619473,156.139404296875,1.7881393432617188e-07
0.6250000000000002,13,951,3,53,895,12,0,12,87.34418749809265,0.0,8.721472606062889,153.35035705566406,1.7881393432617188e-07
0.6500000000000002,13,900,3,50,847,12,0,12,82.62614070624113,0.0,8.84124530106783,148.13465881347656,1.7881393432617188e-07
0.6750000000000003,13,848,3,66,779,12,0,12,76.85141517966986,0.0,8.801320999860764,140.32772827148438,1.7881393432617188e-07
0.7000000000000003,13,784,2,66,716,10,0,10,70.84728114306927,0.0,8.78478392958641,130.89402770996094,1.7881393432617188e-07
0.7250000000000003,13,719,1,55,663,10,0,10,65.23197543621063,0.0,8.704935550689697,119.78144073486328,1.7881393432617188e-07
0.7500000000000003,13,646,1,40,605,9,0,9,59.167366839945316,0.0,8.665011286735535,107.12397766113281,1.7881393432617188e-07
0.7750000000000004,13,628,0,51,577,8,0,8,56.87950699031353,0.0,8.841245137155056,93.86445617675781,1.7881393432617188e-07
0.8000000000000004,13,594,1,68,525,11,0,11,52.40986002981663,0.0,8.841245278716087,82.17491149902344,1.7881393432617188e-07
0.8250000000000004,13,520,1,62,457,7,0,7,45.945179618895054,0.0,8.7916339635849,74.79033660888672,1.7881393432617188e-07
0.8500000000000004,13,477,1,50,426,6,0,6,42.57452301681042,0.0,8.711785577237606,66.6967544555664,1.7881393432617188e-07
0.8750000000000004,13,449,2,43,404,6,0,6,40.214496187865734,0.0,8.507321134209633,60.56611251831055,1.7881393432617188e-07
0.9000000000000005,13,383,1,44,338,5,0,5,33.89297438412905,0.0,8.173396274447441,56.59786605834961,1.7881393432617188e-07
0.9250000000000005,13,352,0,56,296,5,0,5,30.340408943593502,0.0,7.867702692747116,55.56697463989258,1.7881393432617188e-07
0.9500000000000005,13,311,0,62,249,4,0,4,26.146220050752163,0.0,7.595083229243755,54.41501235961914,1.7881393432617188e-07
0.9750000000000005,13,260,0,45,215,4,0,4,22.16216903924942,0.0,7.2329281866550446,53.16496658325195,1.7881393432617188e-07
1.0000000000000004,13,214,0,31,183,4,0,4,18.4906619861722,0.0,6.823999181389809,53.32826614379883,1.7881393432617188e-07
1.0250000000000004,13,140,2,18,120,4,0,4,12.063898958265781,0.0,6.262222908437252,53.309383392333984,1.7881393432617188e-07
1.0500000000000003,13,118,4,15,99,2,0,2,10.164418913424015,0.0,5.394753225147724,52.816654205322266,1.7881393432617188e-07
1.0750000000000002,13,92,2,17,73,2,0,2,7.6583947241306305,0.0,4.130047492682934,51.852054595947266,1.7881393432617188e-07
1.1,13,18,1,4,13,1,0,1,1.468722254037857,0.0,1.468722254037857,50.9563102722168,1.7881393432617188e-07
1.125,13,0,0,0,0,0,0,0,0.0,0.0,0.0,50.905033111572266,1.7881393432617188e-07
1.15,13,0,0,0,0,0,0,0,0.0,0.0,0.0,50.64796829223633,1.7881393432617188e-07
1.1749999999999998,13,0,0,0,0,0,0,0,0.0,0.0,0.0,50.31554412841797,1.7881393432617188e-07
1.1999999999999997,13,0,0,0,0,0,0,0,0.0,0.0,0.0,50.668914794921875,1.7881393432617188e-07
1.2249999999999996,13,0,0,0,0,0,0,0,0.0,0.0,0.0,50.911197662353516,1.7881393432617188e-07
1.2499999999999996,13,0,0,0,0,0,0,0,0.0,0.0,0.0,51.05720520019531,1.7881393432617188e-07
1.2749999999999995,13,0,0,0,0,0,0,0,0.0,0.0,0.0,51.095638275146484,1.7881393432617188e-07
1.2999999999999994,13,0,0,0,0,0,0,0,0.0,0.0,0.0,51.012203216552734,1.7881393432617188e-07
1.3249999999999993,13,0,0,0,0,0,0,0,0.0,0.0,0.0,50.822513580322266,1.7881393432617188e-07
1.3499999999999992,13,0,0,0,0,0,0,0,0.0,0.0,0.0,50.460601806640625,1.7881393432617188e-07
1.3749999999999991,13,0,0,0,0,0,0,0,0.0,0.0,0.0,49.98442840576172,1.7881393432617188e-07
1.399999999999999,13,0,0,0,0,0,0,0,0.0,0.0,0.0,49.40802001953125,1.7881393432617188e-07
1.424999999999999,13,0,0,0,0,0,0,0,0.0,0.0,0.0,48.678524017333984,1.7881393432617188e-07
1.4499999999999988,13,0,0,0,0,0,0,0,0.0,0.0,0.0,48.67111587524414,1.7881393432617188e-07
1.4749999999999988,13,0,0,0,0,0,0,0,0.0,0.0,0.0,48.480918884277344,1.7881393432617188e-07
1.4999999999999987,13,0,0,0,0,0,0,0,0.0,0.0,0.0,48.13982009887695,1.7881393432617188e-07
1.5249999999999986,13,0,0,0,0,0,0,0,0.0,0.0,0.0,47.630706787109375,1.7881393432617188e-07
1.5499999999999985,13,0,0,0,0,0,0,0,0.0,0.0,0.0,47.067100524902344,1.7881393432617188e-07
1.5749999999999984,13,0,0,0,0,0,0,0,0.0,0.0,0.0,46.406394958496094,1.7881393432617188e-07
1.5999999999999983,13,0,0,0,0,0,0,0,0.0,0.0,0.0,45.614532470703125,1.7881393432617188e-07
1.6249999999999982,13,0,0,0,0,0,0,0,0.0,0.0,0.0,44.700069427490234,1.7881393432617188e-07
1.6499999999999981,13,0,0,0,0,0,0,0,0.0,0.0,0.0,44.52835464477539,1.7881393432617188e-07
1.674999999999998,13,23,0,3,20,1,0,1,1.9510978609323502,0.0,1.9510978609323502,44.358863830566406,1.7881393432617188e-07
1.699999999999998,13,75,0,8,67,2,0,2,6.584453776478767,0.0,3.3404196426272392,44.25908279418945,1.7881393432617188e-07
1.7249999999999979,13,101,0,12,89,2,0,2,8.864632666110992,0.0,4.560357414186001,44.0506477355957,1.7881393432617188e-07
1.7499999999999978,13,143,0,20,123,3,0,3,12.364749036729336,0.0,5.740371137857437,43.853641510009766,1.7881393432617188e-07
1.7749999999999977,13,205,0,24,181,4,0,4,18.074883103370667,0.0,6.4082198813557625,43.61539840698242,1.7881393432617188e-07
1.7999999999999976,13,263,0,25,238,4,0,4,23.58055228739977,0.0,6.8901474848389626,42.97663497924805,1.7881393432617188e-07
1.8249999999999975,13,311,0,40,271,4,0,4,27.33190778642893,0.0,7.578546121716499,43.64853286743164,1.7881393432617188e-07
1.8499999999999974,13,377,0,61,316,6,0,6,32.456047646701336,0.0,8.08386106044054,44.057369232177734,1.7881393432617188e-07
1.8749999999999973,13,456,1,67,388,6,0,6,39.731737561523914,0.0,8.770253345370293,44.37820053100586,1.7881393432617188e-07
1.8999999999999972,13,503,2,53,448,6,0,6,44.88293205946684,0.0,8.949324518442154,44.85344314575195,1.7881393432617188e-07
1.9249999999999972,13,516,0,43,473,6,0,6,46.72878912836313,0.0,8.914243958890438,49.609195709228516,1.7881393432617188e-07
1.949999999999997,13,578,0,67,511,8,0,8,51.297553569078445,0.0,8.97755492478609,56.996376037597656,1.7881393432617188e-07
1.974999999999997,13,664,0,82,582,8,0,8,58.73979156464338,0.0,9.130402602255344,63.50111770629883,1.7881393432617188e-07
1.999999999999997,13,702,0,72,630,8,0,8,62.85458022356033,0.0,9.14693969488144,69.99890899658203,1.7881393432617188e-07
0.0,14,0,0,0,0,0,0,0,0.0,0.0,0.0,61.994564056396484,1.7881393432617188e-07
0.025,14,0,0,0,0,0,0,0,0.0,0.0,0.0,62.539066314697266,1.7881393432617188e-07
0.05,14,22,1,8,13,1,0,1,1.5940677523612976,0.0,1.5940677523612976,62.87385559082031,1.7881393432617188e-07
0.07500000000000001,14,87,0,29,58,2,0,2,6.583622843027115,0.0,3.370656631886959,62.972412109375,1.7881393432617188e-07
0.1,14,120,0,37,83,2,0,2,9.3408854752779,0.0,4.743441171944141,62.62232208251953,1.7881393432617188e-07
0.125,14,171,0,47,124,3,0,3,13.595549285411835,0.0,5.537912584841251,61.7941780090332,1.7881393432617188e-07
0.15,14,203,1,32,170,5,0,5,17.4178322032094,0.0,6.182374522089958,61.047428131103516,1.7881393432617188e-07
0.175,14,279,0,42,237,4,0,4,24.134647980332375,0.0,6.953458853065968,60.749794006347656,1.7881393432617188e-07
0.19999999999999998,14,300,0,41,259,4,0,4,26.215205743908882,0.0,7.595083497464657,61.95994186401367,1.7881393432617188e-07
0.22499999999999998,14,358,0,50,308,6,0,6,31.132874839007854,0.0,8.140322379767895,64.5530776977539,1.7881393432617188e-07
0.24999999999999997,14,431,3,55,373,6,0,6,37.717327907681465,0.0,8.366167418658733,65.15912628173828,1.7881393432617188e-07
0.27499999999999997,14,472,1,52,419,6,0,6,42.00745467096567,0.0,8.359317570924759,68.91278839111328,1.7881393432617188e-07
0.3,14,507,1,58,448,6,0,6,44.98616810888052,0.0,8.688398577272892,75.67432403564453,1.7881393432617188e-07
0.325,14,595,0,73,522,8,0,8,52.48486537486315,0.0,8.911406554281712,82.8562240600586,1.7881393432617188e-07
0.35000000000000003,14,624,0,64,560,8,0,8,55.78819862753153,0.0,9.00779215246439,92.63452911376953,1.7881393432617188e-07
0.37500000000000006,14,645,0,62,583,8,0,8,57.896986328065395,0.0,8.824708253145218,110.1978759765625,1.7881393432617188e-07
0.4000000000000001,14,664,2,53,609,8,0,8,60.12354161590338,0.0,8.70493559539318,126.7815170288086,1.7881393432617188e-07
0.4250000000000001,14,746,2,57,687,10,0,10,67.66500099748373,0.0,8.625087171792984,139.96908569335938,1.7881393432617188e-07
0.4500000000000001,14,827,2,80,745,11,0,11,74.0772324949503,0.0,8.904556587338448,148.42861938476562,1.7881393432617188e-07
0.47500000000000014,14,912,3,88,821,12,0,12,81.69324904680252,0.0,8.944480650126934,152.6289520263672,1.7881393432617188e-07
0.5000000000000001,14,966,4,77,885,12,0,12,87.37843725830317,0.0,8.904556512832642,154.91265869140625,1.7881393432617188e-07
0.5250000000000001,14,994,4,70,920,12,0,12,90.47246131300926,0.0,8.857782326638699,154.8616485595703,1.7881393432617188e-07
0.5500000000000002,14,1013,5,70,938,13,0,13,92.1509401127696,0.0,8.721472688019276,159.62811279296875,1.7881393432617188e-07
0.5750000000000002,14,1037,4,88,945,13,0,13,93.53258147090673,0.0,9.097327575087547,158.61654663085938,1.7881393432617188e-07
0.6000000000000002,14,1028,5,92,931,14,0,14,92.28641855716705,0.0,9.137251652777195,152.6830596923828,1.7881393432617188e-07
0.6250000000000002,14,980,2,89,889,12,0,12,88.21968369185925,0.0,9.00094198435545,153.5260772705078,1.7881393432617188e-07
0.6500000000000002,14,920,2,74,844,12,0,12,83.25523994863033,0.0,8.761396870017052,151.9532012939453,1.7881393432617188e-07
0.6750000000000003,14,832,0,61,771,12,0,12,75.62023208290339,0.0,8.841245122253895,146.1313018798828,1.7881393432617188e-07
0.7000000000000003,14,749,0,56,693,10,0,10,68.09531079977751,0.0,8.904556564986706,135.63180541992188,1.7881393432617188e-07
0.7250000000000003,14,733,0,74,659,10,0,10,65.56506815552711,0.0,8.96786780655384,122.00938415527344,1.7881393432617188e-07
0.7500000000000003,14,694,2,85,607,8,0,8,61.236574709415436,0.0,9.024329125881195,106.9847183227539,1.7881393432617188e-07
0.7750000000000004,14,652,2,73,577,8,0,8,57.89414897561073,0.0,8.961017794907093,92.55052185058594,1.7881393432617188e-07
0.8000000000000004,14,584,2,59,523,8,0,8,52.13039121031761,0.0,8.961017899215221,85.01126098632812,1.7881393432617188e-07
0.8250000000000004,14,550,3,64,483,8,0,8,48.51451466232538,0.0,9.080790415406227,76.22930145263672,1.7881393432617188e-07
0.8500000000000004,14,523,1,77,445,7,0,7,45.387416422367096,0.0,9.087640605866909,66.23973083496094,1.7881393432617188e-07
0.8750000000000004,14,499,1,81,417,6,0,6,42.94470349699259,0.0,8.82671470195055,61.18756866455078,1.7881393432617188e-07
0.9000000000000005,14,398,1,60,337,6,0,6,34.39545205235481,0.0,8.450859934091568,58.23532485961914,1.7881393432617188e-07
0.9250000000000005,14,350,3,47,300,5,0,5,30.51463682204485,0.0,8.081854723393917,55.936073303222656,1.7881393432617188e-07
0.9500000000000005,14,299,2,44,253,5,0,5,25.79658868163824,0.0,7.430542968213558,55.53571701049805,1.7881393432617188e-07
0.9750000000000005,14,292,0,58,234,4,0,4,24.596752397716045,0.0,7.155086159706116,55.306514739990234,1.7881393432617188e-07
1.0000000000000004,14,258,1,61,196,4,0,4,21.23495253920555,0.0,6.628390647470951,54.476200103759766,1.7881393432617188e-07
1.0250000000000004,14,182,1,50,131,3,0,3,14.45817544311285,0.0,5.838762767612934,52.73629379272461,1.7881393432617188e-07
1.0500000000000003,14,120,1,29,90,2,0,2,9.736115016043186,0.0,5.037441559135914,52.75324630737305,1.7881393432617188e-07
1.0750000000000002,14,92,3,15,74,2,0,2,7.658394627273083,0.0,4.214739516377449,52.73285675048828,1.7881393432617188e-07
1.1,14,41,0,12,29,4,0,4,2.9734208583831787,0.0,1.5490185469388962,52.47431564331055,1.7881393432617188e-07
1.125,14,0,0,0,0,0,0,0,0.0,0.0,0.0,52.131046295166016,1.7881393432617188e-07
1.15,14,0,0,0,0,0,0,0,0.0,0.0,0.0,51.6832389831543,1.7881393432617188e-07
1.1749999999999998,14,0,0,0,0,0,0,0,0.0,0.0,0.0,51.123077392578125,1.7881393432617188e-07
1.1999999999999997,14,0,0,0,0,0,0,0,0.0,0.0,0.0,50.38148880004883,1.7881393432617188e-07
1.2249999999999996,14,0,0,0,0,0,0,0,0.0,0.0,0.0,49.993934631347656,1.7881393432617188e-07
1.2499999999999996,14,0,0,0,0,0,0,0,0.0,0.0,0.0,49.97793197631836,1.7881393432617188e-07
1.2749999999999995,14,0,0,0,0,0,0,0,0.0,0.0,0.0,49.82247543334961,1.7881393432617188e-07
1.2999999999999994,14,0,0,0,0,0,0,0,0.0,0.0,0.0,49.57583236694336,1.7881393432617188e-07
1.3249999999999993,14,0,0,0,0,0,0,0,0.0,0.0,0.0,49.42061996459961,1.7881393432617188e-07
1.3499999999999992,14,0,0,0,0,0,0,0,0.0,0.0,0.0,49.12382507324219,1.7881393432617188e-07
1.3749999999999991,14,0,0,0,0,0,0,0,0.0,0.0,0.0,48.73167037963867,1.7881393432617188e-07
1.399999999999999,14,0,0,0,0,0,0,0,0.0,0.0,0.0,48.1739616394043,1.7881393432617188e-07
1.424999999999999,14,0,0,0,0,0,0,0,0.0,0.0,0.0,47.47708511352539,1.7881393432617188e-07
1.4499999999999988,14,0,0,0,0,0,0,0,0.0,0.0,0.0,47.40399932861328,1.7881393432617188e-07
1.4749999999999988,14,0,0,0,0,0,0,0,0.0,0.0,0.0,47.289615631103516,1.7881393432617188e-07
1.4999999999999987,14,0,0,0,0,0,0,0,0.0,0.0,0.0,47.04996109008789,1.7881393432617188e-07
1.5249999999999986,14,0,0,0,0,0,0,0,0.0,0.0,0.0,46.66463851928711,1.7881393432617188e-07
1.5499999999999985,14,0,0,0,0,0,0,0,0.0,0.0,0.0,46.15058898925781,1.7881393432617188e-07
1.5749999999999984,14,0,0,0,0,0,0,0,0.0,0.0,0.0,45.81082534790039,1.7881393432617188e-07
1.5999999999999983,14,0,0,0,0,0,0,0,0.0,0.0,0.0,45.91958999633789,1.7881393432617188e-07
1.6249999999999982,14,0,0,0,0,0,0,0,0.0,0.0,0.0,45.914955139160156,1.7881393432617188e-07
1.6499999999999981,14,0,0,0,0,0,0,0,0.0,0.0,0.0,46.2124137878418,1.7881393432617188e-07
1.674999999999998,14,0,0,0,0,0,0,0,0.0,0.0,0.0,46.455230712890625,1.7881393432617188e-07
1.699999999999998,14,63,0,8,55,2,0,2,5.4842885956168175,0.0,2.858491897583008,46.577449798583984,1.7881393432617188e-07
1.7249999999999979,14,94,0,18,76,2,0,2,7.9076270535588264,0.0,3.9586571902036667,46.59443283081055,1.7881393432617188e-07
1.7499999999999978,14,136,0,24,112,3,0,3,11.54889702796936,0.0,5.213675566017628,46.26185989379883,1.7881393432617188e-07
1.7749999999999977,14,204,1,28,175,4,0,4,17.6679604947567,0.0,6.386839315295219,46.02669143676758,1.7881393432617188e-07
1.7999999999999976,14,261,1,35,225,4,0,4,22.87962929904461,0.0,7.162767224013805,45.95317077636719,1.7881393432617188e-07
1.8249999999999975,14,302,0,42,260,4,0,4,26.379745677113533,0.0,7.747930310666561,45.6957893371582,1.7881393432617188e-07
1.8499999999999974,14,402,0,64,338,6,0,6,34.61161023378372,0.0,8.229858063161373,44.09453201293945,1.7881393432617188e-07
1.8749999999999973,14,448,0,69,379,6,0,6,38.8194994404912,0.0,8.631937064230442,44.069602966308594,1.7881393432617188e-07
1.8999999999999972,14,496,0,68,428,6,0,6,43.446005657315254,0.0,8.72147312015295,46.02991485595703,1.7881393432617188e-07
1.9249999999999972,14,539,0,61,478,7,0,7,48.086146749556065,0.0,9.153789274394512,48.348575592041016,1.7881393432617188e-07
1.949999999999997,14,591,0,69,522,7,0,7,52.449784971773624,0.0,9.1138651445508,56.09012222290039,1.7881393432617188e-07
1.974999999999997,14,650,0,86,564,8,0,8,57.02384205907583,0.0,8.994092360138893,65.57086944580078,1.7881393432617188e-07
1.999999999999997,14,691,0,92,599,9,0,9,60.65341904759407,0.0,9.118708960711956,73.81146240234375,1.7881393432617188e-07
0.0,15,0,0,0,0,0,0,0,0.0,0.0,0.0,60.72502899169922,1.7881393432617188e-07
0.025,15,0,0,0,0,0,0,0,0.0,0.0,0.0,60.29934310913086,1.7881393432617188e-07
0.05,15,22,1,4,17,1,0,1,1.7417896836996078,0.0,1.7417896836996078,59.57663345336914,1.7881393432617188e-07
0.07500000000000001,15,76,0,13,63,2,0,2,6.398532621562481,0.0,3.6130390763282776,58.55332565307617,1.7881393432617188e-07
0.1,15,105,0,12,93,2,0,2,9.250174328684807,0.0,4.80958978831768,58.78390121459961,1.7881393432617188e-07
0.125,15,131,0,26,105,2,0,2,11.022201173007488,0.0,5.928298324346542,59.0380973815918,1.7881393432617188e-07
0.15,15,237,1,47,189,5,0,5,19.79200679808855,0.0,6.678002126514912,58.62285232543945,1.7881393432617188e-07
0.175,15,288,0,59,229,4,0,4,24.070505537092686,0.0,7.296239651739597,59.44389343261719,1.7881393432617188e-07
0.19999999999999998,15,305,0,46,259,4,0,4,26.44305706769228,0.0,7.811241447925568,60.40889358520508,1.7881393432617188e-07
0.22499999999999998,15,342,0,42,300,6,0,6,30.098857641220093,0.0,8.173396542668343,60.98561096191406,1.7881393432617188e-07
0.24999999999999997,15,399,2,41,356,6,0,6,35.479910992085934,0.0,8.406092062592506,65.69888305664062,1.7881393432617188e-07
0.27499999999999997,15,474,1,57,416,6,0,6,41.83367611467838,0.0,8.598862938582897,69.30921173095703,1.7881393432617188e-07
0.3,15,528,1,71,456,7,0,7,46.23634220659733,0.0,8.927943430840969,73.20126342773438,1.7881393432617188e-07
0.325,15,593,1,74,518,8,0,8,52.235633082687855,0.0,8.927943766117096,81.16441345214844,1.7881393432617188e-07
0.35000000000000003,15,625,1,69,555,8,0,8,55.714751839637756,0.0,8.904556654393673,92.83443450927734,1.7881393432617188e-07
0.37500000000000006,15,646,3,58,585,8,0,8,58.049832947552204,0.0,8.864632420241833,107.71063995361328,1.7881393432617188e-07
0.4000000000000001,15,721,4,69,648,10,0,10,64.43667280673981,0.0,8.864632427692413,122.24225616455078,1.7881393432617188e-07
0.4250000000000001,15,775,4,77,694,10,0,10,69.24626222252846,0.0,8.904556557536125,135.25059509277344,1.7881393432617188e-07
0.4500000000000001,15,821,4,81,736,12,0,12,73.45809923112392,0.0,8.784783899784088,145.4681854248047,1.7881393432617188e-07
0.47500000000000014,15,925,5,81,839,12,0,12,83.2007846608758,0.0,8.761396788060665,152.53892517089844,1.7881393432617188e-07
0.5000000000000001,15,966,5,76,885,12,0,12,87.46312913298607,0.0,8.808171026408672,156.37255859375,1.7881393432617188e-07
0.5250000000000001,15,1001,5,76,920,12,0,12,90.7801620438695,0.0,8.921093598008156,157.5152130126953,1.7881393432617188e-07
0.5500000000000002,15,1052,4,82,966,14,0,14,95.22074634581804,0.0,8.977554887533188,156.9511260986328,1.7881393432617188e-07
0.5750000000000002,15,1082,3,103,976,14,0,14,96.95485536009073,0.0,8.977555021643639,155.3855438232422,1.7881393432617188e-07
0.6000000000000002,15,1044,3,98,943,14,0,14,93.57451119273901,0.0,8.937630526721478,154.4204559326172,1.7881393432617188e-07
0.6250000000000002,15,977,5,81,891,12,0,12,88.21283278614283,0.0,8.84124530851841,152.75466918945312,1.7881393432617188e-07
0.6500000000000002,15,911,5,68,838,12,0,12,82.52892349660397,0.0,8.704935535788536,149.04495239257812,1.7881393432617188e-07
0.6750000000000003,15,853,4,90,759,11,0,11,75.9057203605771,0.0,8.744859628379345,142.3452606201172,1.7881393432617188e-07
0.7000000000000003,15,814,0,101,713,10,0,10,71.8478407934308,0.0,8.768246941268444,132.49366760253906,1.7881393432617188e-07
0.7250000000000003,15,753,0,91,662,10,0,10,66.64541088789701,0.0,8.744859740138054,120.4598617553711,1.7881393432617188e-07
0.7500000000000003,15,655,1,62,592,8,0,8,58.83261112123728,0.0,8.881169453263283,108.35018157958984,1.7881393432617188e-07
0.7750000000000004,15,613,1,53,559,8,0,8,55.320801474153996,0.0,8.864632219076157,95.56668853759766,1.7881393432617188e-07
0.8000000000000004,15,590,1,70,519,8,0,8,52.087629429996014,0.0,8.904556401073933,85.56805419921875,1.7881393432617188e-07
0.8250000000000004,15,559,1,90,468,7,0,7,48.151528649032116,0.0,8.848095342516899,75.84599304199219,1.7881393432617188e-07
0.8500000000000004,15,508,2,83,423,6,0,6,43.699249401688576,0.0,8.94448084384203,65.27619171142578,1.7881393432617188e-07
0.8750000000000004,15,451,3,63,385,6,0,6,39.249809473752975,0.0,8.495627619326115,60.5351448059082,1.7881393432617188e-07
0.9000000000000005,15,378,2,36,340,6,0,6,33.788014218211174,0.0,8.178240187466145,59.45572280883789,1.7881393432617188e-07
0.9250000000000005,15,359,1,56,302,5,0,5,30.93041592091322,0.0,8.060473933815956,56.7928466796875,1.7881393432617188e-07
0.9500000000000005,15,334,1,74,259,6,0,6,27.60525506734848,0.0,7.761630021035671,53.17950439453125,1.7881393432617188e-07
0.9750000000000005,15,254,0,58,196,4,0,4,20.90631990134716,0.0,7.279702305793762,53.30836486816406,1.7881393432617188e-07
1.0000000000000004,15,215,1,41,173,4,0,4,18.022434771060944,0.0,6.34207134693861,52.866703033447266,1.7881393432617188e-07
1.0250000000000004,15,155,1,20,134,3,0,3,13.521375313401222,0.0,5.5076757445931435,51.50916290283203,1.7881393432617188e-07
1.0500000000000003,15,127,2,23,102,3,0,3,10.624965496361256,0.0,4.623668648302555,51.29460906982422,1.7881393432617188e-07
1.0750000000000002,15,75,1,23,51,3,0,3,5.951685681939125,0.0,2.950033888220787,51.337398529052734,1.7881393432617188e-07
1.1,15,11,0,1,10,1,0,1,0.9073941111564636,0.0,0.9073941111564636,51.87831497192383,1.7881393432617188e-07
1.125,15,0,0,0,0,0,0,0,0.0,0.0,0.0,52.246246337890625,1.7881393432617188e-07
1.15,15,0,0,0,0,0,0,0,0.0,0.0,0.0,52.46354675292969,1.7881393432617188e-07
1.1749999999999998,15,0,0,0,0,0,0,0,0.0,0.0,0.0,52.5429573059082,1.7881393432617188e-07
1.1999999999999997,15,0,0,0,0,0,0,0,0.0,0.0,0.0,52.43187713623047,1.7881393432617188e-07
1.2249999999999996,15,0,0,0,0,0,0,0,0.0,0.0,0.0,52.160648345947266,1.7881393432617188e-07
1.2499999999999996,15,0,0,0,0,0,0,0,0.0,0.0,0.0,51.72969436645508,1.7881393432617188e-07
1.2749999999999995,15,0,0,0,0,0,0,0,0.0,0.0,0.0,51.15193557739258,1.7881393432617188e-07
1.2999999999999994,15,0,0,0,0,0,0,0,0.0,0.0,0.0,50.450164794921875,1.7881393432617188e-07
1.3249999999999993,15,0,0,0,0,0,0,0,0.0,0.0,0.0,49.581390380859375,1.7881393432617188e-07
1.3499999999999992,15,0,0,0,0,0,0,0,0.0,0.0,0.0,48.6273078918457,1.7881393432617188e-07
1.3749999999999991,15,0,0,0,0,0,0,0,0.0,0.0,0.0,47.66291046142578,1.7881393432617188e-07
1.399999999999999,15,0,0,0,0,0,0,0,0.0,0.0,0.0,47.42664337158203,1.7881393432617188e-07
1.424999999999999,15,0,0,0,0,0,0,0,0.0,0.0,0.0,47.068538665771484,1.7881393432617188e-07
1.4499999999999988,15,0,0,0,0,0,0,0,0.0,0.0,0.0,46.59404754638672,1.7881393432617188e-07
1.4749999999999988,15,0,0,0,0,0,0,0,0.0,0.0,0.0,46.44796371459961,1.7881393432617188e-07
1.4999999999999987,15,0,0,0,0,0,0,0,0.0,0.0,0.0,46.63653564453125,1.7881393432617188e-07
1.5249999999999986,15,0,0,0,0,0,0,0,0.0,0.0,0.0,46.80412292480469,1.7881393432617188e-07
1.5499999999999985,15,0,0,0,0,0,0,0,0.0,0.0,0.0,46.8256721496582,1.7881393432617188e-07
1.5749999999999984,15,0,0,0,0,0,0,0,0.0,0.0,0.0,46.71255874633789,1.7881393432617188e-07
1.5999999999999983,15,0,0,0,0,0,0,0,0.0,0.0,0.0,46.46242141723633,1.7881393432617188e-07
1.6249999999999982,15,0,0,0,0,0,0,0,0.0,0.0,0.0,46.25373077392578,1.7881393432617188e-07
1.6499999999999981,15,0,0,0,0,0,0,0,0.0,0.0,0.0,46.27619552612305,1.7881393432617188e-07
1.674999999999998,15,8,0,2,6,1,0,1,0.5900068059563637,0.0,0.5900068059563637,46.233924865722656,1.7881393432617188e-07
1.699999999999998,15,36,0,6,30,2,0,2,2.9948017448186874,0.0,2.2120238542556763,46.089027404785156,1.7881393432617188e-07
1.7249999999999979,15,95,1,10,84,2,0,2,8.342781096696854,0.0,4.2478141859173775,45.79636764526367,1.7881393432617188e-07
1.7499999999999978,15,130,0,20,110,2,0,2,11.208122313022614,0.0,5.860143393278122,45.656551361083984,1.7881393432617188e-07
1.7749999999999977,15,180,0,29,151,4,0,4,15.38293807208538,0.0,6.478381074965,46.585384368896484,1.7881393432617188e-07
1.7999999999999976,15,252,0,30,222,4,0,4,22.238004572689533,0.0,6.953458786010742,46.4135856628418,1.7881393432617188e-07
1.8249999999999975,15,292,0,32,260,4,0,4,25.952273331582546,0.0,7.435386672616005,45.71714401245117,1.7881393432617188e-07
1.8499999999999974,15,318,0,32,286,4,0,4,28.458297230303288,0.0,7.781004503369331,48.62379837036133,1.7881393432617188e-07
1.8749999999999973,15,388,0,41,347,7,0,7,34.492668233811855,0.0,8.105241648852825,49.4456787109375,1.7881393432617188e-07
1.8999999999999972,15,487,0,49,438,6,0,6,43.594839587807655,0.0,8.61540012061596,48.18278503417969,1.7881393432617188e-07
1.9249999999999972,15,512,0,44,468,6,0,6,46.286784157156944,0.0,8.824708186089993,51.83315658569336,1.7881393432617188e-07
1.949999999999997,15,549,0,48,501,9,0,9,49.478753581643105,0.0,8.937630847096443,58.16390609741211,1.7881393432617188e-07
1.974999999999997,15,642,0,65,577,8,0,8,57.494908057153225,0.0,9.25017499923706,63.91582107543945,1.7881393432617188e-07
1.999999999999997,15,695,0,60,635,9,0,9,62.761032693088055,0.0,9.34656060487032,70.81888580322266,1.7881393432617188e-07
0.0,16,0,0,0,0,0,0,0,0.0,0.0,0.0,60.02254867553711,1.7881393432617188e-07
0.025,16,0,0,0,0,0,0,0,0.0,0.0,0.0,59.48318099975586,1.7881393432617188e-07
0.05,16,3,0,1,2,1,0,1,0.1645403802394867,0.0,0.1645403802394867,59.190879821777344,1.7881393432617188e-07
0.07500000000000001,16,80,0,18,62,2,0,2,6.501768246293068,0.0,3.2508841902017593,58.698211669921875,1.7881393432617188e-07
0.1,16,122,0,26,96,2,0,2,10.098270311951637,0.0,5.072522111237049,58.26933670043945,1.7881393432617188e-07
0.125,16,150,0,24,126,4,0,4,12.85792226344347,0.0,6.012990474700928,58.692291259765625,1.7881393432617188e-07
0.15,16,205,0,16,189,4,0,4,18.47011250257492,0.0,6.215449035167694,59.75911331176758,1.7881393432617188e-07
0.175,16,255,0,29,226,4,0,4,22.66786678135395,0.0,6.704226464033127,59.762882232666016,1.7881393432617188e-07
0.19999999999999998,16,298,0,40,258,4,0,4,26.078895293176174,0.0,7.186153970658779,60.3900146484375,1.7881393432617188e-07
0.22499999999999998,16,334,0,38,296,5,0,5,29.593543134629726,0.0,7.76446745544672,61.90510177612305,1.7881393432617188e-07
0.24999999999999997,16,394,1,37,356,6,0,6,35.3085201382637,0.0,8.150009483098984,65.49557495117188,1.7881393432617188e-07
0.27499999999999997,16,443,3,34,406,6,0,6,40.059643253684044,0.0,8.472240388393402,69.6317367553711,1.7881393432617188e-07
0.3,16,509,3,44,462,7,0,7,45.760089851915836,0.0,8.801320999860764,73.02973175048828,1.7881393432617188e-07
0.325,16,572,2,59,511,8,0,8,50.97376422584057,0.0,8.84124518930912,83.37337493896484,1.7881393432617188e-07
0.35000000000000003,16,607,0,56,551,8,0,8,54.601334407925606,0.0,8.744859673082829,96.12969207763672,1.7881393432617188e-07
0.37500000000000006,16,629,2,42,585,8,0,8,57.37112154066563,0.0,8.704935505986214,108.65311431884766,1.7881393432617188e-07
0.4000000000000001,16,715,2,52,661,10,0,10,64.93112523853779,0.0,8.488777413964272,120.25655364990234,1.7881393432617188e-07
0.4250000000000001,16,782,0,66,716,10,0,10,70.71141960471869,0.0,8.625087171792984,130.62599182128906,1.7881393432617188e-07
0.4500000000000001,16,812,0,64,748,10,0,10,73.71590845286846,0.0,8.681548364460468,140.29684448242188,1.7881393432617188e-07
0.47500000000000014,16,891,3,60,828,12,0,12,81.19405676424503,0.0,8.72147261351347,149.28399658203125,1.7881393432617188e-07
0.5000000000000001,16,933,2,53,878,12,0,12,85.66570930927992,0.0,8.721472583711147,155.8842010498047,1.7881393432617188e-07
0.5250000000000001,16,971,2,59,910,12,0,12,88.98959139734507,0.0,8.817858062684536,159.78204345703125,1.7881393432617188e-07
0.5500000000000002,16,1006,2,64,940,13,0,13,91.98439344763756,0.0,8.857782304286957,161.0677032470703,1.7881393432617188e-07
0.5750000000000002,16,1006,3,62,941,13,0,13,92.0408549234271,0.0,8.817858092486858,161.5059051513672,1.7881393432617188e-07
0.6000000000000002,16,970,3,51,916,12,0,12,89.28843526542187,0.0,8.641624085605145,159.16592407226562,1.7881393432617188e-07
0.6250000000000002,16,956,3,58,895,12,0,12,87.54380900412798,0.0,8.761396892368793,154.0182647705078,1.7881393432617188e-07
0.6500000000000002,16,918,3,58,857,12,0,12,83.88115868717432,0.0,8.721472628414631,146.3722381591797,1.7881393432617188e-07
0.6750000000000003,16,850,6,59,785,11,0,11,77.3104037642479,0.0,8.817858062684536,136.98414611816406,1.7881393432617188e-07
0.7000000000000003,16,779,4,50,725,10,0,10,71.0997989103198,0.0,8.857782267034054,127.83344268798828,1.7881393432617188e-07
0.7250000000000003,16,689,3,36,650,10,0,10,63.24378963559866,0.0,8.76139684021473,117.88514709472656,1.7881393432617188e-07
0.7500000000000003,16,642,2,45,595,8,0,8,58.5112114995718,0.0,9.034016512334347,106.89089965820312,1.7881393432617188e-07
0.7750000000000004,16,613,0,48,565,8,0,8,55.65956890583038,0.0,8.869475863873959,95.16718292236328,1.7881393432617188e-07
0.8000000000000004,16,580,0,47,533,8,0,8,52.50707710534334,0.0,8.704935610294342,83.65425872802734,1.7881393432617188e-07
0.8250000000000004,16,537,2,53,482,7,0,7,48.0354238897562,0.0,8.784783825278282,73.61473083496094,1.7881393432617188e-07
0.8500000000000004,16,467,1,40,426,6,0,6,42.118820041418076,0.0,8.568625688552856,65.22818756103516,1.7881393432617188e-07
0.8750000000000004,16,424,1,33,390,6,0,6,38.48239382356405,0.0,8.45570333302021,62.2252197265625,1.7881393432617188e-07
0.9000000000000005,16,385,0,37,348,6,0,6,34.46928125619888,0.0,8.28631916642189,57.70366287231445,1.7881393432617188e-07
0.9250000000000005,16,345,0,39,306,5,0,5,30.56909191608429,0.0,7.820928782224655,55.255977630615234,1.7881393432617188e-07
0.9500000000000005,16,286,0,36,250,6,0,6,25.06826639920473,0.0,7.531772188842297,53.94991683959961,1.7881393432617188e-07
0.9750000000000005,16,258,0,37,221,4,0,4,22.42108901590109,0.0,7.26600257307291,54.13114929199219,1.7881393432617188e-07
1.0000000000000004,16,212,0,29,183,4,0,4,18.410814024508,0.0,6.551379695534706,54.438926696777344,1.7881393432617188e-07
1.0250000000000004,16,156,1,23,132,3,0,3,13.391915746033192,0.0,5.723833866417408,54.09774398803711,1.7881393432617188e-07
1.0500000000000003,16,106,1,13,92,2,0,2,9.233637273311615,0.0,4.696666903793812,53.26805877685547,1.7881393432617188e-07
1.0750000000000002,16,66,0,8,58,2,0,2,5.745214477181435,0.0,3.0278759077191353,52.45458221435547,1.7881393432617188e-07
1.1,16,0,0,0,0,0,0,0,0.0,0.0,0.0,51.72763442993164,1.7881393432617188e-07
1.125,16,0,0,0,0,0,0,0,0.0,0.0,0.0,50.928733825683594,1.7881393432617188e-07
1.15,16,0,0,0,0,0,0,0,0.0,0.0,0.0,50.30469512939453,1.7881393432617188e-07
1.1749999999999998,16,0,0,0,0,0,0,0,0.0,0.0,0.0,50.679229736328125,1.7881393432617188e-07
1.1999999999999997,16,0,0,0,0,0,0,0,0.0,0.0,0.0,50.93505859375,1.7881393432617188e-07
1.2249999999999996,16,0,0,0,0,0,0,0,0.0,0.0,0.0,51.06485366821289,1.7881393432617188e-07
1.2499999999999996,16,0,0,0,0,0,0,0,0.0,0.0,0.0,51.07931137084961,1.7881393432617188e-07
1.2749999999999995,16,0,0,0,0,0,0,0,0.0,0.0,0.0,50.9404296875,1.7881393432617188e-07
1.2999999999999994,16,0,0,0,0,0,0,0,0.0,0.0,0.0,50.7133674621582,1.7881393432617188e-07
1.3249999999999993,16,0,0,0,0,0,0,0,0.0,0.0,0.0,50.313323974609375,1.7881393432617188e-07
1.3499999999999992,16,0,0,0,0,0,0,0,0.0,0.0,0.0,49.85075378417969,1.7881393432617188e-07
1.3749999999999991,16,0,0,0,0,0,0,0,0.0,0.0,0.0,49.23018264770508,1.7881393432617188e-07
1.399999999999999,16,0,0,0,0,0,0,0,0.0,0.0,0.0,49.10663604736328,1.7881393432617188e-07
1.424999999999999,16,0,0,0,0,0,0,0,0.0,0.0,0.0,49.447669982910156,1.7881393432617188e-07
1.4499999999999988,16,0,0,0,0,0,0,0,0.0,0.0,0.0,49.67148971557617,1.7881393432617188e-07
1.4749999999999988,16,0,0,0,0,0,0,0,0.0,0.0,0.0,49.75550079345703,1.7881393432617188e-07
1.4999999999999987,16,0,0,0,0,0,0,0,0.0,0.0,0.0,49.73936462402344,1.7881393432617188e-07
1.5249999999999986,16,0,0,0,0,0,0,0,0.0,0.0,0.0,49.610172271728516,1.7881393432617188e-07
1.5499999999999985,16,0,0,0,0,0,0,0,0.0,0.0,0.0,49.351863861083984,1.7881393432617188e-07
1.5749999999999984,16,0,0,0,0,0,0,0,0.0,0.0,0.0,49.00265121459961,1.7881393432617188e-07
1.5999999999999983,16,0,0,0,0,0,0,0,0.0,0.0,0.0,48.56010437011719,1.7881393432617188e-07
1.6249999999999982,16,0,0,0,0,0,0,0,0.0,0.0,0.0,48.02098846435547,1.7881393432617188e-07
1.6499999999999981,16,0,0,0,0,0,0,0,0.0,0.0,0.0,47.40348434448242,1.7881393432617188e-07
1.674999999999998,16,0,0,0,0,0,0,0,0.0,0.0,0.0,46.70392990112305,1.7881393432617188e-07
1.699999999999998,16,43,0,10,33,2,0,2,3.3871938064694405,0.0,1.9579477831721306,46.437904357910156,1.7881393432617188e-07
1.7249999999999979,16,112,0,21,91,3,0,3,9.348566472530365,0.0,4.46397190541029,46.3208122253418,1.7881393432617188e-07
1.7499999999999978,16,147,0,15,132,4,0,4,12.992673747241497,0.0,5.195132128894329,46.42898941040039,1.7881393432617188e-07
1.7749999999999977,16,194,2,23,169,4,0,4,17.04242531210184,0.0,6.363452464342117,46.41922378540039,1.7881393432617188e-07
1.7999999999999976,16,281,0,55,226,6,0,6,23.48534256964922,0.0,7.442236624658108,45.53823471069336,1.7881393432617188e-07
1.8249999999999975,16,350,0,71,279,5,0,5,29.384962156414986,0.0,8.083860889077187,44.542476654052734,1.7881393432617188e-07
1.8499999999999974,16,412,0,69,343,6,0,6,35.37785068899393,0.0,8.333093255758286,45.32795715332031,1.7881393432617188e-07
1.8749999999999973,16,463,0,64,399,6,0,6,40.5471413731575,0.0,8.59201280772686,45.76052474975586,1.7881393432617188e-07
1.8999999999999972,16,500,0,66,434,6,0,6,44.029161997139454,0.0,8.881169475615025,45.23149108886719,1.7881393432617188e-07
1.9249999999999972,16,590,0,100,490,7,0,7,50.744250774383545,0.0,8.956174656748772,49.176326751708984,1.7881393432617188e-07
1.949999999999997,16,645,0,96,549,9,0,9,55.965607188642025,0.0,9.144101828336716,54.95001220703125,1.7881393432617188e-07
1.974999999999997,16,683,0,89,594,8,0,8,60.09164334833622,0.0,9.290099203586578,61.304500579833984,1.7881393432617188e-07
1.999999999999997,16,710,0,88,622,9,0,9,62.73837158828974,0.0,9.226787894964218,68.67288208007812,1.7881393432617188e-07
0.0,17,0,0,0,0,0,0,0,0.0,0.0,0.0,61.62629699707031,1.7881393432617188e-07
0.025,17,0,0,0,0,0,0,0,0.0,0.0,0.0,60.87315368652344,1.7881393432617188e-07
0.05,17,0,0,0,0,0,0,0,0.0,0.0,0.0,59.87351608276367,1.7881393432617188e-07
0.07500000000000001,17,56,0,7,49,2,0,2,4.809589900076389,0.0,3.244034118950367,58.620521545410156,1.7881393432617188e-07
0.1,17,93,0,11,82,2,0,2,8.150009773671627,0.0,4.28773807734251,59.074867248535156,1.7881393432617188e-07
0.125,17,120,0,18,102,2,0,2,10.357189565896988,0.0,5.211669236421585,59.24502944946289,1.7881393432617188e-07
0.15,17,214,0,37,177,6,0,6,18.0438150241971,0.0,6.302147276699543,58.35078430175781,1.7881393432617188e-07
0.175,17,271,0,34,237,4,0,4,23.815253876149654,0.0,6.9534589648246765,59.092647552490234,1.7881393432617188e-07
0.19999999999999998,17,305,0,41,264,4,0,4,26.725364319980145,0.0,7.487004294991493,59.792476654052734,1.7881393432617188e-07
0.22499999999999998,17,354,1,47,306,5,0,5,31.013101294636726,0.0,7.91731420904398,61.92668533325195,1.7881393432617188e-07
0.24999999999999997,17,391,2,47,342,5,0,5,34.55113644897938,0.0,8.547245346009731,63.4770622253418,1.7881393432617188e-07
0.27499999999999997,17,480,3,53,424,6,0,6,42.55314167588949,0.0,8.688398413360119,67.25061798095703,1.7881393432617188e-07
0.3,17,508,3,54,451,6,0,6,45.16724544763565,0.0,8.688398346304893,73.16712951660156,1.7881393432617188e-07
0.325,17,556,0,59,497,7,0,7,49.64090457558632,0.0,8.728322550654411,82.99109649658203,1.7881393432617188e-07
0.35000000000000003,17,604,1,66,537,9,0,9,53.7071924880147,0.0,8.937631107866764,93.37255096435547,1.7881393432617188e-07
0.37500000000000006,17,668,2,66,600,10,0,10,59.63877695053816,0.0,8.817858561873436,105.01480865478516,1.7881393432617188e-07
0.4000000000000001,17,703,3,62,638,9,0,9,63.306269966065884,0.0,8.80132107436657,117.80612182617188,1.7881393432617188e-07
0.4250000000000001,17,775,3,66,706,10,0,10,69.92379804700613,0.0,8.704935386776924,130.6053924560547,1.7881393432617188e-07
0.4500000000000001,17,828,2,67,759,11,0,11,74.87938511371613,0.0,8.784783847630024,142.68475341796875,1.7881393432617188e-07
0.47500000000000014,17,920,4,82,834,12,0,12,82.74708777666092,0.0,8.813014805316925,152.70423889160156,1.7881393432617188e-07
0.5000000000000001,17,952,2,74,876,12,0,12,86.33957719057798,0.0,8.721472591161728,159.5944061279297,1.7881393432617188e-07
0.5250000000000001,17,979,4,67,908,12,0,12,89.22429391741753,0.0,8.761396802961826,163.09449768066406,1.7881393432617188e-07
0.5500000000000002,17,1040,3,82,955,14,0,14,94.09235080331564,0.0,8.721472628414631,162.8557891845703,1.7881393432617188e-07
0.5750000000000002,17,1050,2,75,973,14,0,14,95.50789733231068,0.0,8.801321119070053,159.2797088623047,1.7881393432617188e-07
0.6000000000000002,17,1019,4,64,951,14,0,14,93.08455817401409,0.0,8.897706471383572,154.6239013671875,1.7881393432617188e-07
0.6250000000000002,17,950,2,50,898,12,0,12,87.50187858939171,0.0,8.794471390545368,150.3744659423828,1.7881393432617188e-07
0.6500000000000002,17,917,2,55,860,12,0,12,84.0106183513999,0.0,8.77793387323618,145.50550842285156,1.7881393432617188e-07
0.6750000000000003,17,856,2,61,793,13,0,13,77.7806383445859,0.0,8.801321014761925,139.26060485839844,1.7881393432617188e-07
0.7000000000000003,17,792,2,71,719,10,0,10,71.2800460383296,0.0,8.784784018993378,130.84388732910156,1.7881393432617188e-07
0.7250000000000003,17,735,3,65,667,10,0,10,66.2090829834342,0.0,8.761396907269955,120.09715270996094,1.7881393432617188e-07
0.7500000000000003,17,646,2,48,596,10,0,10,58.59106086939573,0.0,8.817858584225178,109.83798217773438,1.7881393432617188e-07
0.7750000000000004,17,603,0,41,562,8,0,8,55.06271141767502,0.0,8.665011242032051,98.64159393310547,1.7881393432617188e-07
0.8000000000000004,17,566,0,59,507,8,0,8,50.56438788771629,0.0,8.744859635829926,86.39730834960938,1.7881393432617188e-07
0.8250000000000004,17,520,0,65,455,7,0,7,45.83225639164448,0.0,8.728322714567184,76.16104888916016,1.7881393432617188e-07
0.8500000000000004,17,482,0,60,422,6,0,6,42.520068146288395,0.0,8.592012837529182,66.6159439086914,1.7881393432617188e-07
0.8750000000000004,17,450,0,48,402,6,0,6,40.11326716840267,0.0,8.648474290966988,58.925941467285156,1.7881393432617188e-07
0.9000000000000005,17,377,0,25,352,6,0,6,34.34750264137983,0.0,8.223008126020432,58.16901779174805,1.7881393432617188e-07
0.9250000000000005,17,307,0,34,273,4,0,4,27.341595113277435,0.0,7.877390280365944,57.09654235839844,1.7881393432617188e-07
0.9500000000000005,17,287,0,45,242,4,0,4,24.82103968411684,0.0,7.4753109365701675,54.65171813964844,1.7881393432617188e-07
0.9750000000000005,17,249,0,35,214,4,0,4,21.666541576385498,0.0,6.817149147391319,53.977630615234375,1.7881393432617188e-07
1.0000000000000004,17,205,0,24,181,4,0,4,18.07488325238228,0.0,6.062601834535599,53.22855758666992,1.7881393432617188e-07
1.0250000000000004,17,128,0,16,112,3,0,3,11.229055114090443,0.0,5.3479789942502975,52.78864669799805,1.7881393432617188e-07
1.0500000000000003,17,101,0,13,88,2,0,2,8.80817125737667,0.0,4.440584883093834,52.40034484863281,1.7881393432617188e-07
1.0750000000000002,17,77,1,7,69,2,0,2,6.805455684661865,0.0,3.408574640750885,52.10871124267578,1.7881393432617188e-07
1.1,17,44,1,2,41,2,0,2,3.878808803856373,0.0,2.143869049847126,51.67184829711914,1.7881393432617188e-07
1.125,17,0,0,0,0,0,0,0,0.0,0.0,0.0,50.9887809753418,1.7881393432617188e-07
1.15,17,0,0,0,0,0,0,0,0.0,0.0,0.0,51.35487365722656,1.7881393432617188e-07
1.1749999999999998,17,0,0,0,0,0,0,0,0.0,0.0,0.0,52.04924011230469,1.7881393432617188e-07
1.1999999999999997,17,0,0,0,0,0,0,0,0.0,0.0,0.0,52.67599868774414,1.7881393432617188e-07
1.2249999999999996,17,0,0,0,0,0,0,0,0.0,0.0,0.0,53.16493606567383,1.7881393432617188e-07
1.2499999999999996,17,0,0,0,0,0,0,0,0.0,0.0,0.0,53.47011947631836,1.7881393432617188e-07
1.2749999999999995,17,0,0,0,0,0,0,0,0.0,0.0,0.0,53.6478385925293,1.7881393432617188e-07
1.2999999999999994,17,0,0,0,0,0,0,0,0.0,0.0,0.0,53.625667572021484,1.7881393432617188e-07
1.3249999999999993,17,0,0,0,0,0,0,0,0.0,0.0,0.0,53.49885940551758,1.7881393432617188e-07
1.3499999999999992,17,0,0,0,0,0,0,0,0.0,0.0,0.0,53.21355056762695,1.7881393432617188e-07
1.3749999999999991,17,0,0,0,0,0,0,0,0.0,0.0,0.0,52.837013244628906,1.7881393432617188e-07
1.399999999999999,17,0,0,0,0,0,0,0,0.0,0.0,0.0,52.36122131347656,1.7881393432617188e-07
1.424999999999999,17,0,0,0,0,0,0,0,0.0,0.0,0.0,52.55580520629883,1.7881393432617188e-07
1.4499999999999988,17,0,0,0,0,0,0,0,0.0,0.0,0.0,52.7347526550293,1.7881393432617188e-07
1.4749999999999988,17,0,0,0,0,0,0,0,0.0,0.0,0.0,52.7292366027832,1.7881393432617188e-07
1.4999999999999987,17,0,0,0,0,0,0,0,0.0,0.0,0.0,52.5383415222168,1.7881393432617188e-07
1.5249999999999986,17,0,0,0,0,0,0,0,0.0,0.0,0.0,52.17673873901367,1.7881393432617188e-07
1.5499999999999985,17,0,0,0,0,0,0,0,0.0,0.0,0.0,51.645259857177734,1.7881393432617188e-07
1.5749999999999984,17,0,0,0,0,0,0,0,0.0,0.0,0.0,50.93144989013672,1.7881393432617188e-07
1.5999999999999983,17,0,0,0,0,0,0,0,0.0,0.0,0.0,50.09638595581055,1.7881393432617188e-07
1.6249999999999982,17,0,0,0,0,0,0,0,0.0,0.0,0.0,49.10869216918945,1.7881393432617188e-07
1.6499999999999981,17,0,0,0,0,0,0,0,0.0,0.0,0.0,48.003360748291016,1.7881393432617188e-07
1.674999999999998,17,0,0,0,0,0,0,0,0.0,0.0,0.0,46.78856658935547,1.7881393432617188e-07
1.699999999999998,17,58,0,6,52,2,0,2,5.058822154998779,0.0,2.722182109951973,45.478641510009766,1.7881393432617188e-07
1.7249999999999979,17,89,0,5,84,2,0,2,8.10323541611433,0.0,4.128041133284569,44.6396369934082,1.7881393432617188e-07
1.7499999999999978,17,138,0,24,114,3,0,3,11.76945049315691,0.0,5.251593261957169,44.30439376831055,1.7881393432617188e-07
1.7749999999999977,17,213,0,35,178,4,0,4,18.1966617628932,0.0,6.182374566793442,43.95543670654297,1.7881393432617188e-07
1.7999999999999976,17,257,0,32,225,4,0,4,22.607009790837765,0.0,6.953458823263645,44.03772735595703,1.7881393432617188e-07
1.8249999999999975,17,296,0,28,268,4,0,4,26.56366039812565,0.0,7.418849281966686,43.82891845703125,1.7881393432617188e-07
1.8499999999999974,17,343,0,34,309,5,0,5,30.715088561177254,0.0,8.246395133435726,43.1484375,1.7881393432617188e-07
1.8749999999999973,17,446,0,49,397,6,0,6,39.67126324772835,0.0,8.444009780883789,44.74838638305664,1.7881393432617188e-07
1.8999999999999972,17,496,0,58,438,6,0,6,43.9823889657855,0.0,8.961018197238445,45.321380615234375,1.7881393432617188e-07
1.9249999999999972,17,549,0,64,485,7,0,7,48.71212925761938,0.0,9.057403236627579,48.10099792480469,1.7881393432617188e-07
1.949999999999997,17,577,0,50,527,8,0,8,52.104998633265495,0.0,8.96586188673973,53.85038375854492,1.7881393432617188e-07
1.974999999999997,17,640,0,57,583,8,0,8,57.725597247481346,0.0,9.250175029039383,60.96641159057617,1.7881393432617188e-07
1.999999999999997,17,681,0,59,622,8,0,8,61.59271268546581,0.0,9.36309763789177,68.98504638671875,1.7881393432617188e-07
0.0,18,0,0,0,0,0,0,0,0.0,0.0,0.0,61.509769439697266,1.7881393432617188e-07
0.025,18,0,0,0,0,0,0,0,0.0,0.0,0.0,61.36212158203125,1.7881393432617188e-07
0.05,18,16,0,6,10,1,0,1,1.2194897904992104,0.0,1.2194897904992104,61.90679931640625,1.7881393432617188e-07
0.07500000000000001,18,72,0,15,57,2,0,2,5.900067761540413,0.0,3.370656594634056,62.11398696899414,1.7881393432617188e-07
0.1,18,97,0,14,83,2,0,2,8.366167604923248,0.0,4.583744466304779,61.9461555480957,1.7881393432617188e-07
0.125,18,115,0,13,102,2,0,2,10.157568529248238,0.0,5.1552076786756516,61.81941604614258,1.7881393432617188e-07
0.15,18,160,0,21,139,3,0,3,13.94684213399887,0.0,6.046064779162407,61.995174407958984,1.7881393432617188e-07
0.175,18,261,1,31,229,4,0,4,22.964321434497833,0.0,6.753837883472443,61.570369720458984,1.7881393432617188e-07
0.19999999999999998,18,308,0,45,263,4,0,4,26.76044388860464,0.0,7.555159077048302,59.88578414916992,1.7881393432617188e-07
0.22499999999999998,18,355,0,49,306,6,0,6,30.928409941494465,0.0,8.077010974287987,60.12850570678711,1.7881393432617188e-07
0.24999999999999997,18,408,2,41,365,6,0,6,36.347381234169006,0.0,8.246395237743855,65.31317901611328,1.7881393432617188e-07
0.27499999999999997,18,455,4,39,412,6,0,6,40.933962024748325,0.0,8.455703176558018,69.07135772705078,1.7881393432617188e-07
0.3,18,510,4,49,457,6,0,6,45.58586127310991,0.0,8.728322520852089,72.02383422851562,1.7881393432617188e-07
0.325,18,557,0,61,496,7,0,7,49.56790602952242,0.0,8.592012971639633,84.22483825683594,1.7881393432617188e-07
0.35000000000000003,18,609,0,68,541,8,0,8,54.11657053232193,0.0,8.55208883434534,97.32807922363281,1.7881393432617188e-07
0.37500000000000006,18,641,0,58,583,8,0,8,57.76552038639784,0.0,8.608549982309341,109.7419204711914,1.7881393432617188e-07
0.4000000000000001,18,669,1,44,624,9,0,9,61.10192757844925,0.0,8.625087201595306,120.98371124267578,1.7881393432617188e-07
0.4250000000000001,18,753,2,49,702,11,0,11,68.63854302465916,0.0,8.80132107436657,130.8831024169922,1.7881393432617188e-07
0.4500000000000001,18,830,5,61,764,11,0,11,75.29800125211477,0.0,8.841245293617249,139.91970825195312,1.7881393432617188e-07
0.47500000000000014,18,922,4,78,840,12,0,12,83.0810131803155,0.0,8.70493546128273,147.7200469970703,1.7881393432617188e-07
0.5000000000000001,18,965,6,74,885,12,0,12,87.36674406379461,0.0,8.625087186694145,153.7937774658203,1.7881393432617188e-07
0.5250000000000001,18,993,4,67,922,13,0,13,90.4773053303361,0.0,8.641624242067337,157.7213897705078,1.7881393432617188e-07
0.5500000000000002,18,1022,4,64,954,13,0,13,93.41363909840584,0.0,8.72147261351347,160.8962860107422,1.7881393432617188e-07
0.5750000000000002,18,1020,2,72,946,13,0,13,92.91033124923706,0.0,8.744859755039215,162.5770721435547,1.7881393432617188e-07
0.6000000000000002,18,992,3,69,920,13,0,13,90.29622748494148,0.0,8.801320992410183,161.24356079101562,1.7881393432617188e-07
0.6250000000000002,18,951,4,61,886,12,0,12,86.83603579550982,0.0,8.625087089836597,156.2423858642578,1.7881393432617188e-07
0.6500000000000002,18,900,2,51,847,12,0,12,82.62614061683416,0.0,8.857782281935215,147.84202575683594,1.7881393432617188e-07
0.6750000000000003,18,811,0,52,759,13,0,13,74.0643629655242,0.0,8.857782311737537,137.71713256835938,1.7881393432617188e-07
0.7000000000000003,18,788,0,64,724,10,0,10,71.3744250535965,0.0,8.857782267034054,128.05152893066406,1.7881393432617188e-07
0.7250000000000003,18,750,0,70,680,10,0,10,67.37300682812929,0.0,8.784783735871315,117.80754852294922,1.7881393432617188e-07
0.7500000000000003,18,656,1,55,600,8,0,8,59.295995622873306,0.0,8.64847420156002,106.79508972167969,1.7881393432617188e-07
0.7750000000000004,18,603,1,46,556,8,0,8,54.78040596842766,0.0,8.568625755608082,95.05339813232422,1.7881393432617188e-07
0.8000000000000004,18,574,1,43,530,8,0,8,52.098148226737976,0.0,8.82470815628767,83.11627960205078,1.7881393432617188e-07
0.8250000000000004,18,549,0,58,491,7,0,7,48.99443670362234,0.0,8.864632457494736,73.65166473388672,1.7881393432617188e-07
0.8500000000000004,18,493,0,61,432,7,0,7,43.39923123270273,0.0,8.79163395613432,67.41592407226562,1.7881393432617188e-07
0.8750000000000004,18,422,0,52,370,6,0,6,37.27331843227148,0.0,8.519014447927475,63.73699951171875,1.7881393432617188e-07
0.9000000000000005,18,372,1,37,334,6,0,6,33.244500406086445,0.0,8.246395207941532,58.95456314086914,1.7881393432617188e-07
0.9250000000000005,18,310,1,26,283,5,0,5,27.90136457234621,0.0,7.877389781177044,57.33538818359375,1.7881393432617188e-07
0.9500000000000005,18,280,1,26,253,4,0,4,25.07795313745737,0.0,7.299076870083809,58.92103576660156,1.7881393432617188e-07
0.9750000000000005,18,236,0,32,204,4,0,4,20.554682530462742,0.0,6.8405362367630005,58.859230041503906,1.7881393432617188e-07
1.0000000000000004,18,187,1,28,158,4,0,4,16.029405929148197,0.0,6.012990429997444,57.566829681396484,1.7881393432617188e-07
1.0250000000000004,18,113,1,12,100,2,0,2,9.964797414839268,0.0,5.138670600950718,55.94755554199219,1.7881393432617188e-07
1.0500000000000003,18,96,1,10,85,2,0,2,8.439166285097599,0.0,4.327662259340286,54.64675521850586,1.7881393432617188e-07
1.0750000000000002,18,64,0,8,56,2,0,2,5.552443474531174,0.0,2.8137240782380104,54.62568664550781,1.7881393432617188e-07
1.1,18,0,0,0,0,0,0,0,0.0,0.0,0.0,54.484859466552734,1.7881393432617188e-07
1.125,18,0,0,0,0,0,0,0,0.0,0.0,0.0,54.159759521484375,1.7881393432617188e-07
1.15,18,0,0,0,0,0,0,0,0.0,0.0,0.0,53.61974334716797,1.7881393432617188e-07
1.1749999999999998,18,0,0,0,0,0,0,0,0.0,0.0,0.0,52.93117904663086,1.7881393432617188e-07
1.1999999999999997,18,0,0,0,0,0,0,0,0.0,0.0,0.0,52.09341812133789,1.7881393432617188e-07
1.2249999999999996,18,0,0,0,0,0,0,0,0.0,0.0,0.0,51.179927825927734,1.7881393432617188e-07
1.2499999999999996,18,0,0,0,0,0,0,0,0.0,0.0,0.0,50.303775787353516,1.7881393432617188e-07
1.2749999999999995,18,0,0,0,0,0,0,0,0.0,0.0,0.0,50.03192901611328,1.7881393432617188e-07
1.2999999999999994,18,0,0,0,0,0,0,0,0.0,0.0,0.0,49.64736557006836,1.7881393432617188e-07
1.3249999999999993,18,0,0,0,0,0,0,0,0.0,0.0,0.0,49.090789794921875,1.7881393432617188e-07
1.3499999999999992,18,0,0,0,0,0,0,0,0.0,0.0,0.0,48.46970748901367,1.7881393432617188e-07
1.3749999999999991,18,0,0,0,0,0,0,0,0.0,0.0,0.0,47.79368209838867,1.7881393432617188e-07
1.399999999999999,18,0,0,0,0,0,0,0,0.0,0.0,0.0,47.928619384765625,1.7881393432617188e-07
1.424999999999999,18,0,0,0,0,0,0,0,0.0,0.0,0.0,47.90476989746094,1.7881393432617188e-07
1.4499999999999988,18,0,0,0,0,0,0,0,0.0,0.0,0.0,47.865692138671875,1.7881393432617188e-07
1.4749999999999988,18,0,0,0,0,0,0,0,0.0,0.0,0.0,47.735774993896484,1.7881393432617188e-07
1.4999999999999987,18,0,0,0,0,0,0,0,0.0,0.0,0.0,47.4928092956543,1.7881393432617188e-07
1.5249999999999986,18,0,0,0,0,0,0,0,0.0,0.0,0.0,47.16219711303711,1.7881393432617188e-07
1.5499999999999985,18,0,0,0,0,0,0,0,0.0,0.0,0.0,46.73588180541992,1.7881393432617188e-07
1.5749999999999984,18,0,0,0,0,0,0,0,0.0,0.0,0.0,46.22565460205078,1.7881393432617188e-07
1.5999999999999983,18,0,0,0,0,0,0,0,0.0,0.0,0.0,45.7805061340332,1.7881393432617188e-07
1.6249999999999982,18,0,0,0,0,0,0,0,0.0,0.0,0.0,46.1473503112793,1.7881393432617188e-07
1.6499999999999981,18,0,0,0,0,0,0,0,0.0,0.0,0.0,46.35706329345703,1.7881393432617188e-07
1.674999999999998,18,0,0,0,0,0,0,0,0.0,0.0,0.0,46.43088912963867,1.7881393432617188e-07
1.699999999999998,18,25,0,6,19,2,0,2,1.9345606863498688,0.0,1.673634760081768,46.44270324707031,1.7881393432617188e-07
1.7249999999999979,18,93,0,17,76,2,0,2,7.811241559684277,0.0,3.965507075190544,46.286685943603516,1.7881393432617188e-07
1.7499999999999978,18,137,0,20,117,3,0,3,11.814666159451008,0.0,5.467751421034336,45.96150207519531,1.7881393432617188e-07
1.7749999999999977,18,173,0,13,160,3,0,3,15.651544496417046,0.0,6.271910227835178,45.43039321899414,1.7881393432617188e-07
1.7999999999999976,18,219,0,30,189,6,0,6,19.117690980434418,0.0,6.82884243875742,45.06333541870117,1.7881393432617188e-07
1.8249999999999975,18,315,0,45,270,6,0,6,27.298832908272743,0.0,7.588233381509781,45.937255859375,1.7881393432617188e-07
1.8499999999999974,18,369,0,42,327,6,0,6,32.67303651571274,0.0,8.070161186158657,45.4583740234375,1.7881393432617188e-07
1.8749999999999973,18,402,0,36,366,6,0,6,36.220758475363255,0.0,8.15969679504633,44.819984436035156,1.7881393432617188e-07
1.8999999999999972,18,478,0,44,434,6,0,6,43.09392084181309,0.0,8.448853254318237,46.677833557128906,1.7881393432617188e-07
1.9249999999999972,18,582,0,71,511,8,0,8,51.45725043863058,0.0,8.761396877467632,50.25929641723633,1.7881393432617188e-07
1.949999999999997,18,622,0,77,545,8,0,8,54.861429668962955,0.0,8.881169527769089,55.96446990966797,1.7881393432617188e-07
1.974999999999997,18,639,0,63,576,8,0,8,57.31867412477732,0.0,9.090478010475636,61.61549758911133,1.7881393432617188e-07
1.999999999999997,18,659,0,38,621,8,0,8,60.60145667940378,0.0,9.146939761936665,67.10533905029297,1.7881393432617188e-07
0.0,19,0,0,0,0,0,0,0,0.0,0.0,0.0,58.200469970703125,1.7881393432617188e-07
0.025,19,0,0,0,0,0,0,0,0.0,0.0,0.0,58.36479187011719,1.7881393432617188e-07
0.05,19,45,0,7,38,2,0,2,3.7775795683264732,0.0,2.3931013718247414,58.99839782714844,1.7881393432617188e-07
0.07500000000000001,19,76,0,13,63,2,0,2,6.398532576858997,0.0,3.8223473951220512,59.248355865478516,1.7881393432617188e-07
0.1,19,109,0,20,89,2,0,2,9.184025965631008,0.0,4.616818681359291,59.11128616333008,1.7881393432617188e-07
0.125,19,123,0,18,105,2,0,2,10.646346427500248,0.0,5.411290198564529,59.061519622802734,1.7881393432617188e-07
0.15,19,176,0,25,151,5,0,5,15.211099401116371,0.0,6.238835766911507,58.983150482177734,1.7881393432617188e-07
0.175,19,271,1,32,238,4,0,4,23.98419041186571,0.0,7.009920120239258,59.50284194946289,1.7881393432617188e-07
0.19999999999999998,19,309,0,42,267,4,0,4,27.054444313049316,0.0,7.651544749736786,59.53162384033203,1.7881393432617188e-07
0.22499999999999998,19,338,0,49,289,4,0,4,29.45439612865448,0.0,8.032243259251118,60.44881057739258,1.7881393432617188e-07
0.24999999999999997,19,387,0,49,338,6,0,6,33.984516724944115,0.0,8.213320791721344,62.987552642822266,1.7881393432617188e-07
0.27499999999999997,19,475,4,57,414,6,0,6,41.845369435846806,0.0,8.37585498392582,67.93148803710938,1.7881393432617188e-07
0.3,19,515,5,47,463,7,0,7,46.084326438605785,0.0,8.58516288548708,75.62965393066406,1.7881393432617188e-07
0.325,19,544,1,46,497,8,0,8,49.037197694182396,0.0,8.472240261733532,88.69326782226562,1.7881393432617188e-07
0.35000000000000003,19,596,0,57,539,8,0,8,53.48463323712349,0.0,8.455703265964985,100.0829849243164,1.7881393432617188e-07
0.37500000000000006,19,650,0,61,589,9,0,9,58.39545161277056,0.0,8.70493558049202,109.48003387451172,1.7881393432617188e-07
0.4000000000000001,19,718,0,53,665,10,0,10,65.27674260735512,0.0,8.681548476219177,117.63479614257812,1.7881393432617188e-07
0.4250000000000001,19,767,1,45,721,10,0,10,70.39486353099346,0.0,8.641624175012112,125.29859161376953,1.7881393432617188e-07
0.4500000000000001,19,802,1,51,750,10,0,10,73.45781967788935,0.0,8.801321014761925,135.96188354492188,1.7881393432617188e-07
0.47500000000000014,19,909,2,69,838,12,0,12,82.44907436519861,0.0,8.89770632237196,143.44305419921875,1.7881393432617188e-07
0.5000000000000001,19,955,1,66,888,12,0,12,87.1086548641324,0.0,8.761396765708923,152.12872314453125,1.7881393432617188e-07
0.5250000000000001,19,971,1,61,909,12,0,12,88.93313048779964,0.0,8.681548364460468,160.60313415527344,1.7881393432617188e-07
0.5500000000000002,19,991,1,43,947,14,0,14,91.71260523796082,0.0,8.58516288548708,166.0587615966797,1.7881393432617188e-07
0.5750000000000002,19,1007,2,55,950,14,0,14,92.49254573881626,0.0,8.665011279284954,167.38124084472656,1.7881393432617188e-07
0.6000000000000002,19,981,6,61,914,14,0,14,89.53483086824417,0.0,8.704935558140278,164.04002380371094,1.7881393432617188e-07
0.6250000000000002,19,959,4,68,887,12,0,12,87.24012162536383,0.0,8.761396795511246,156.2578887939453,1.7881393432617188e-07
0.6500000000000002,19,912,2,53,857,12,0,12,83.64161378145218,0.0,8.761396825313568,145.38584899902344,1.7881393432617188e-07
0.6750000000000003,19,844,2,40,802,12,0,12,77.84962472319603,0.0,8.87431986629963,133.22879028320312,1.7881393432617188e-07
0.7000000000000003,19,782,2,44,736,10,0,10,71.84064595401287,0.0,8.738009735941887,125.02997589111328,1.7881393432617188e-07
0.7250000000000003,19,735,2,70,663,11,0,11,65.80260757356882,0.0,8.881169356405735,114.54443359375,1.7881393432617188e-07
0.7500000000000003,19,702,1,81,620,9,0,9,62.25004219263792,0.0,8.8412451967597,103.45205688476562,1.7881393432617188e-07
0.7750000000000004,19,637,1,67,569,8,0,8,56.815363988280296,0.0,8.665011458098888,94.8321304321289,1.7881393432617188e-07
0.8000000000000004,19,565,1,43,521,8,0,8,51.20244721323252,0.0,8.58516275882721,85.75389099121094,1.7881393432617188e-07
0.8250000000000004,19,516,0,52,464,7,0,7,46.32141761481762,0.0,8.625087171792984,76.27571868896484,1.7881393432617188e-07
0.8500000000000004,19,511,1,70,440,7,0,7,44.71071097999811,0.0,8.728322647511959,66.11030578613281,1.7881393432617188e-07
0.8750000000000004,19,470,1,76,393,6,0,6,40.51607356965542,0.0,8.67871130257845,60.7626838684082,1.7881393432617188e-07
0.9000000000000005,19,406,0,60,346,6,0,6,35.19476664811373,0.0,8.309706218540668,57.38410568237305,1.7881393432617188e-07
0.9250000000000005,19,343,2,50,291,5,0,5,29.698784694075584,0.0,7.832622222602367,56.50163650512695,1.7881393432617188e-07
0.9500000000000005,19,269,2,30,237,4,0,4,23.90479004383087,0.0,7.303920663893223,55.16524887084961,1.7881393432617188e-07
0.9750000000000005,19,252,1,41,210,4,0,4,21.560468457639217,0.0,7.033307276666164,53.62816619873047,1.7881393432617188e-07
1.0000000000000004,19,209,1,36,172,5,0,5,17.63004232943058,0.0,6.165837317705154,53.47586441040039,1.7881393432617188e-07
1.0250000000000004,19,164,0,30,134,4,0,4,13.756077036261559,0.0,5.354828797280788,53.314144134521484,1.7881393432617188e-07
1.0500000000000003,19,95,0,13,82,2,0,2,8.22985814511776,0.0,4.287738054990768,52.49947738647461,1.7881393432617188e-07
1.0750000000000002,19,65,0,6,59,2,0,2,5.761751748621464,0.0,3.493266575038433,51.24593734741211,1.7881393432617188e-07
1.1,19,33,0,3,30,2,0,2,2.8185678273439407,0.0,1.6619412750005722,50.23659133911133,1.7881393432617188e-07
1.125,19,0,0,0,0,0,0,0,0.0,0.0,0.0,50.33055877685547,1.7881393432617188e-07
1.15,19,0,0,0,0,0,0,0,0.0,0.0,0.0,50.194053649902344,1.7881393432617188e-07
1.1749999999999998,19,0,0,0,0,0,0,0,0.0,0.0,0.0,49.889713287353516,1.7881393432617188e-07
1.1999999999999997,19,0,0,0,0,0,0,0,0.0,0.0,0.0,49.411312103271484,1.7881393432617188e-07
1.2249999999999996,19,0,0,0,0,0,0,0,0.0,0.0,0.0,48.82896423339844,1.7881393432617188e-07
1.2499999999999996,19,0,0,0,0,0,0,0,0.0,0.0,0.0,48.50886917114258,1.7881393432617188e-07
1.2749999999999995,19,0,0,0,0,0,0,0,0.0,0.0,0.0,48.71302795410156,1.7881393432617188e-07
1.2999999999999994,19,0,0,0,0,0,0,0,0.0,0.0,0.0,48.70216751098633,1.7881393432617188e-07
1.3249999999999993,19,0,0,0,0,0,0,0,0.0,0.0,0.0,48.5801887512207,1.7881393432617188e-07
1.3499999999999992,19,0,0,0,0,0,0,0,0.0,0.0,0.0,48.282405853271484,1.7881393432617188e-07
1.3749999999999991,19,0,0,0,0,0,0,0,0.0,0.0,0.0,48.073238372802734,1.7881393432617188e-07
1.399999999999999,19,0,0,0,0,0,0,0,0.0,0.0,0.0,47.96233367919922,1.7881393432617188e-07
1.424999999999999,19,0,0,0,0,0,0,0,0.0,0.0,0.0,47.717899322509766,1.7881393432617188e-07
1.4499999999999988,19,0,0,0,0,0,0,0,0.0,0.0,0.0,47.35407257080078,1.7881393432617188e-07
1.4749999999999988,19,0,0,0,0,0,0,0,0.0,0.0,0.0,46.85416030883789,1.7881393432617188e-07
1.4999999999999987,19,0,0,0,0,0,0,0,0.0,0.0,0.0,46.93592834472656,1.7881393432617188e-07
1.5249999999999986,19,0,0,0,0,0,0,0,0.0,0.0,0.0,47.199092864990234,1.7881393432617188e-07
1.5499999999999985,19,0,0,0,0,0,0,0,0.0,0.0,0.0,47.31676483154297,1.7881393432617188e-07
1.5749999999999984,19,0,0,0,0,0,0,0,0.0,0.0,0.0,47.297119140625,1.7881393432617188e-07
1.5999999999999983,19,0,0,0,0,0,0,0,0.0,0.0,0.0,47.14468765258789,1.7881393432617188e-07
1.6249999999999982,19,0,0,0,0,0,0,0,0.0,0.0,0.0,46.86893844604492,1.7881393432617188e-07
1.6499999999999981,19,0,0,0,0,0,0,0,0.0,0.0,0.0,46.467594146728516,1.7881393432617188e-07
1.674999999999998,19,10,0,1,9,1,0,1,0.8110084906220436,0.0,0.8110084906220436,45.971065521240234,1.7881393432617188e-07
1.699999999999998,19,58,0,7,51,2,0,2,5.002361036837101,0.0,3.1077243462204933,45.399627685546875,1.7881393432617188e-07
1.7249999999999979,19,95,0,13,82,2,0,2,8.258088484406471,0.0,4.588588058948517,45.20248794555664,1.7881393432617188e-07
1.7499999999999978,19,135,0,34,101,4,0,4,10.875756114721298,0.0,5.509681969881058,44.978668212890625,1.7881393432617188e-07
1.7749999999999977,19,218,0,51,167,4,0,4,17.775208212435246,0.0,6.156150110065937,44.32204055786133,1.7881393432617188e-07
1.7999999999999976,19,261,0,43,218,4,0,4,22.371477499604225,0.0,6.8639233484864235,44.502410888671875,1.7881393432617188e-07
1.8249999999999975,19,305,1,38,266,4,0,4,26.810055568814278,0.0,7.595083378255367,44.43518829345703,1.7881393432617188e-07
1.8499999999999974,19,376,1,51,324,6,0,6,32.78312147408724,0.0,8.269782051444054,44.78706741333008,1.7881393432617188e-07
1.8749999999999973,19,479,0,85,394,6,0,6,40.819378800690174,0.0,8.803327850997448,45.76932144165039,1.7881393432617188e-07
1.8999999999999972,19,530,0,95,435,6,0,6,45.226888820528984,0.0,8.791634112596512,49.50861358642578,1.7881393432617188e-07
1.9249999999999972,19,533,0,64,469,6,0,6,47.20988539606333,0.0,8.81785849481821,51.76588439941406,1.7881393432617188e-07
1.949999999999997,19,556,0,48,508,7,0,7,50.23374868184328,0.0,9.346560545265675,54.15924835205078,1.7881393432617188e-07
1.974999999999997,19,662,0,82,580,8,0,8,58.43454609066248,0.0,9.52279444783926,63.179073333740234,1.7881393432617188e-07
1.999999999999997,19,726,0,108,618,9,0,9,63.067070193588734,0.0,9.330023430287838,72.6142807006836,1.7881393432617188e-07
0.0,20,0,0,0,0,0,0,0,0.0,0.0,0.0,58.84596633911133,1.7881393432617188e-07
0.025,20,0,0,0,0,0,0,0,0.0,0.0,0.0,58.549312591552734,1.7881393432617188e-07
0.05,20,20,0,4,16,1,0,1,1.6054799482226372,0.0,1.6054799482226372,58.046566009521484,1.7881393432617188e-07
0.07500000000000001,20,74,0,16,58,2,0,2,6.064608216285706,0.0,3.046419434249401,58.047550201416016,1.7881393432617188e-07
0.1,20,103,0,14,89,2,0,2,8.944480769336224,0.0,4.480508990585804,59.13626480102539,1.7881393432617188e-07
0.125,20,120,0,15,105,2,0,2,10.526573844254017,0.0,5.291517615318298,59.83654022216797,1.7881393432617188e-07
0.15,20,172,0,27,145,5,0,5,14.684852220118046,0.0,6.182374522089958,59.50776672363281,1.7881393432617188e-07
0.175,20,228,0,26,202,4,0,4,20.150597423315048,0.0,6.561066910624504,59.45425033569336,1.7881393432617188e-07
0.19999999999999998,20,275,0,30,245,4,0,4,24.483102820813656,0.0,7.25915265083313,60.9527473449707,1.7881393432617188e-07
0.22499999999999998,20,327,0,30,297,5,0,5,29.342304311692715,0.0,7.877389833331108,62.24637985229492,1.7881393432617188e-07
0.24999999999999997,20,395,0,46,349,6,0,6,34.981446012854576,0.0,8.30285657197237,65.0162582397461,1.7881393432617188e-07
0.27499999999999997,20,445,1,44,400,6,0,6,39.80072356760502,0.0,8.568625822663307,67.91094207763672,1.7881393432617188e-07
0.3,20,473,2,42,429,6,0,6,42.55597899109125,0.0,8.704935573041439,74.83476257324219,1.7881393432617188e-07
0.325,20,528,2,45,481,9,0,9,47.511566169559956,0.0,8.592013098299503,87.96460723876953,1.7881393432617188e-07
0.35000000000000003,20,577,2,45,530,8,0,8,52.27438250184059,0.0,8.648474261164665,100.10591888427734,1.7881393432617188e-07
0.37500000000000006,20,647,2,60,585,10,0,10,58.03769167512655,0.0,8.704935632646084,110.38349914550781,1.7881393432617188e-07
0.4000000000000001,20,719,0,66,653,10,0,10,64.66736155003309,0.0,8.64162427186966,120.40460968017578,1.7881393432617188e-07
0.4250000000000001,20,780,0,60,720,10,0,10,70.85741666704416,0.0,8.6250871270895,131.4571075439453,1.7881393432617188e-07
0.4500000000000001,20,841,3,56,782,12,0,12,76.62885503470898,0.0,8.665011294186115,140.8932342529297,1.7881393432617188e-07
0.47500000000000014,20,903,4,57,842,12,0,12,82.43537525087595,0.0,8.761396743357182,148.2431182861328,1.7881393432617188e-07
0.5000000000000001,20,970,4,80,886,12,0,12,87.62282611429691,0.0,8.85778221487999,153.66233825683594,1.7881393432617188e-07
0.5250000000000001,20,1013,3,80,930,13,0,13,91.72747993469238,0.0,8.777933910489082,159.12962341308594,1.7881393432617188e-07
0.5500000000000002,20,1026,3,62,961,14,0,14,93.87218035012484,0.0,8.681548446416855,163.8865203857422,1.7881393432617188e-07
0.5750000000000002,20,1013,3,55,955,14,0,14,93.07085904479027,0.0,8.625087089836597,165.2034454345703,1.7881393432617188e-07
0.6000000000000002,20,975,2,52,921,13,0,13,89.67397820949554,0.0,8.704935498535633,162.19920349121094,1.7881393432617188e-07
0.6250000000000002,20,951,4,60,887,12,0,12,86.94895877689123,0.0,8.704935632646084,155.26031494140625,1.7881393432617188e-07
0.6500000000000002,20,911,4,60,847,12,0,12,83.03707541525364,0.0,8.681548453867435,146.73892211914062,1.7881393432617188e-07
0.6750000000000003,20,823,2,49,772,11,0,11,75.41376166045666,0.0,8.64162416011095,137.35548400878906,1.7881393432617188e-07
0.7000000000000003,20,770,1,44,725,10,0,10,70.71225081384182,0.0,8.721472680568695,126.92202758789062,1.7881393432617188e-07
0.7250000000000003,20,735,0,58,677,10,0,10,66.63298986852169,0.0,8.801321066915989,115.77308654785156,1.7881393432617188e-07
0.7500000000000003,20,659,0,59,600,8,0,8,59.4439984485507,0.0,8.881169505417347,104.9965591430664,1.7881393432617188e-07
0.7750000000000004,20,630,0,56,574,8,0,8,56.78997091203928,0.0,8.681548409163952,94.9889144897461,1.7881393432617188e-07
0.8000000000000004,20,578,0,47,531,8,0,8,52.31430680304766,0.0,8.68154838681221,84.80233001708984,1.7881393432617188e-07
0.8250000000000004,20,505,2,45,458,8,0,8,45.306392423808575,0.0,8.625087179243565,74.47358703613281,1.7881393432617188e-07
0.8500000000000004,20,480,1,47,432,6,0,6,43.00483289361,0.0,8.540395393967628,66.26519012451172,1.7881393432617188e-07
0.8750000000000004,20,438,0,45,393,6,0,6,39.09779369831085,0.0,8.27946937829256,63.314510345458984,1.7881393432617188e-07
0.9000000000000005,20,381,0,40,341,6,0,6,34.0832908898592,0.0,8.126622430980206,59.46098327636719,1.7881393432617188e-07
0.9250000000000005,20,320,0,35,285,5,0,5,28.46999068558216,0.0,7.820928655564785,56.09531784057617,1.7881393432617188e-07
0.9500000000000005,20,277,0,35,242,4,0,4,24.365337066352367,0.0,7.362388163805008,58.07442855834961,1.7881393432617188e-07
0.9750000000000005,20,246,0,32,214,4,0,4,21.518538177013397,0.0,6.6643021032214165,58.04594421386719,1.7881393432617188e-07
1.0000000000000004,20,206,1,24,181,4,0,4,18.05834559351206,0.0,6.029527492821217,57.23289489746094,1.7881393432617188e-07
1.0250000000000004,20,126,1,13,112,3,0,3,11.093193382024765,0.0,5.206825524568558,55.63821029663086,1.7881393432617188e-07
1.0500000000000003,20,92,0,11,81,2,0,2,8.081854671239853,0.0,4.259507313370705,54.75891876220703,1.7881393432617188e-07
1.0750000000000002,20,62,0,8,54,2,0,2,5.331441834568977,0.0,3.244034171104431,54.819374084472656,1.7881393432617188e-07
1.1,20,0,0,0,0,0,0,0,0.0,0.0,0.0,54.773738861083984,1.7881393432617188e-07
1.125,20,0,0,0,0,0,0,0,0.0,0.0,0.0,54.55289840698242,1.7881393432617188e-07
1.15,20,0,0,0,0,0,0,0,0.0,0.0,0.0,54.110652923583984,1.7881393432617188e-07
1.1749999999999998,20,0,0,0,0,0,0,0,0.0,0.0,0.0,53.52431869506836,1.7881393432617188e-07
1.1999999999999997,20,0,0,0,0,0,0,0,0.0,0.0,0.0,52.8272590637207,1.7881393432617188e-07
1.2249999999999996,20,0,0,0,0,0,0,0,0.0,0.0,0.0,52.95030975341797,1.7881393432617188e-07
1.2499999999999996,20,0,0,0,0,0,0,0,0.0,0.0,0.0,52.88810348510742,1.7881393432617188e-07
1.2749999999999995,20,0,0,0,0,0,0,0,0.0,0.0,0.0,52.65762710571289,1.7881393432617188e-07
1.2999999999999994,20,0,0,0,0,0,0,0,0.0,0.0,0.0,52.222110748291016,1.7881393432617188e-07
1.3249999999999993,20,0,0,0,0,0,0,0,0.0,0.0,0.0,51.66227722167969,1.7881393432617188e-07
1.3499999999999992,20,0,0,0,0,0,0,0,0.0,0.0,0.0,50.90701675415039,1.7881393432617188e-07
1.3749999999999991,20,0,0,0,0,0,0,0,0.0,0.0,0.0,50.06071090698242,1.7881393432617188e-07
1.399999999999999,20,0,0,0,0,0,0,0,0.0,0.0,0.0,49.04024887084961,1.7881393432617188e-07
1.424999999999999,20,0,0,0,0,0,0,0,0.0,0.0,0.0,48.7720832824707,1.7881393432617188e-07
1.4499999999999988,20,0,0,0,0,0,0,0,0.0,0.0,0.0,48.79964828491211,1.7881393432617188e-07
1.4749999999999988,20,0,0,0,0,0,0,0,0.0,0.0,0.0,48.78730773925781,1.7881393432617188e-07
1.4999999999999987,20,0,0,0,0,0,0,0,0.0,0.0,0.0,48.689754486083984,1.7881393432617188e-07
1.5249999999999986,20,0,0,0,0,0,0,0,0.0,0.0,0.0,48.49281692504883,1.7881393432617188e-07
1.5499999999999985,20,0,0,0,0,0,0,0,0.0,0.0,0.0,48.20188903808594,1.7881393432617188e-07
1.5749999999999984,20,0,0,0,0,0,0,0,0.0,0.0,0.0,47.829566955566406,1.7881393432617188e-07
1.5999999999999983,20,0,0,0,0,0,0,0,0.0,0.0,0.0,47.407901763916016,1.7881393432617188e-07
1.6249999999999982,20,0,0,0,0,0,0,0,0.0,0.0,0.0,47.05599594116211,1.7881393432617188e-07
1.6499999999999981,20,0,0,0,0,0,0,0,0.0,0.0,0.0,46.603397369384766,1.7881393432617188e-07
1.674999999999998,20,0,0,0,0,0,0,0,0.0,0.0,0.0,46.043643951416016,1.7881393432617188e-07
1.699999999999998,20,58,0,8,50,2,0,2,4.974130362272263,0.0,2.830261304974556,45.351463317871094,1.7881393432617188e-07
1.7249999999999979,20,105,0,23,82,2,0,2,8.854945413768291,0.0,4.6635929718613625,44.66059112548828,1.7881393432617188e-07
1.7499999999999978,20,198,0,43,155,4,0,4,16.63795630633831,0.0,5.763758167624474,44.63056564331055,1.7881393432617188e-07
1.7749999999999977,20,268,2,63,203,4,0,4,21.860487714409828,0.0,6.870772942900658,44.861751556396484,1.7881393432617188e-07
1.7999999999999976,20,282,1,61,220,4,0,4,23.379269026219845,0.0,7.199853993952274,44.915916442871094,1.7881393432617188e-07
1.8249999999999975,20,304,0,53,251,4,0,4,25.979672878980637,0.0,7.564846463501453,43.84535598754883,1.7881393432617188e-07
1.8499999999999974,20,395,0,67,328,6,0,6,33.88044933229685,0.0,8.02539298683405,43.65140914916992,1.7881393432617188e-07
1.8749999999999973,20,469,0,77,392,6,0,6,40.36367458105087,0.0,8.375854834914207,44.3559684753418,1.7881393432617188e-07
1.8999999999999972,20,496,0,84,412,6,0,6,42.65554662793875,0.0,8.824708081781864,47.04671096801758,1.7881393432617188e-07
1.9249999999999972,20,572,0,106,466,8,0,8,48.71486310660839,0.0,9.057403229176998,50.85210037231445,1.7881393432617188e-07
1.949999999999997,20,643,0,100,543,9,0,9,55.77239000052214,0.0,9.250175170600414,55.7998046875,1.7881393432617188e-07
1.974999999999997,20,673,0,78,595,8,0,8,59.805324248969555,0.0,9.090478412806988,62.87569046020508,1.7881393432617188e-07
1.999999999999997,20,689,1,81,607,9,0,9,61.02526135742664,0.0,9.090478271245956,72.79310607910156,1.7881393432617188e-07
0.0,21,0,0,0,0,0,0,0,0.0,0.0,0.0,62.15909194946289,1.7881393432617188e-07
0.025,21,0,0,0,0,0,0,0,0.0,0.0,0.0,62.48810958862305,1.7881393432617188e-07
0.05,21,69,1,19,49,2,0,2,5.385065779089928,0.0,2.69595780223608,62.58951950073242,1.7881393432617188e-07
0.07500000000000001,21,82,0,16,66,2,0,2,6.83569248765707,0.0,3.5565778464078903,62.580928802490234,1.7881393432617188e-07
0.1,21,105,0,25,80,2,0,2,8.572638742625713,0.0,4.299431599676609,62.39055252075195,1.7881393432617188e-07
0.125,21,133,0,28,105,2,0,2,11.045588202774525,0.0,5.986766040325165,61.698997497558594,1.7881393432617188e-07
0.15,21,194,0,36,158,4,0,4,16.28064476698637,0.0,6.5650792717933655,60.51154708862305,1.7881393432617188e-07
0.175,21,258,0,36,222,4,0,4,22.449319310486317,0.0,7.096618443727493,61.28736114501953,1.7881393432617188e-07
0.19999999999999998,21,293,0,39,254,4,0,4,25.65342876315117,0.0,7.7080060467123985,63.946964263916016,1.7881393432617188e-07
0.22499999999999998,21,314,0,35,279,4,0,4,27.9316016882658,0.0,7.973775655031204,66.7349624633789,1.7881393432617188e-07
0.24999999999999997,21,387,1,50,336,5,0,5,33.93974865227938,0.0,8.502477534115314,66.50247955322266,1.7881393432617188e-07
0.27499999999999997,21,482,1,63,418,6,0,6,42.32245393842459,0.0,8.622249886393547,67.8521957397461,1.7881393432617188e-07
0.3,21,509,3,61,445,6,0,6,44.868401519954205,0.0,8.678711324930191,74.21441650390625,1.7881393432617188e-07
0.325,21,518,3,53,462,7,0,7,46.231881976127625,0.0,8.575475849211216,88.23820495605469,1.7881393432617188e-07
0.35000000000000003,21,569,1,52,516,12,0,12,50.80721767246723,0.0,8.648474283516407,103.40924835205078,1.7881393432617188e-07
0.37500000000000006,21,645,1,65,579,8,0,8,57.67114036530256,0.0,8.904556535184383,116.4261703491211,1.7881393432617188e-07
0.4000000000000001,21,702,3,70,629,9,0,9,62.70173289626837,0.0,8.808171026408672,127.10730743408203,1.7881393432617188e-07
0.4250000000000001,21,772,2,80,690,11,0,11,68.7195672467351,0.0,8.728322707116604,135.96200561523438,1.7881393432617188e-07
0.4500000000000001,21,851,4,81,766,11,0,11,76.16464072465897,0.0,8.82470814883709,141.30174255371094,1.7881393432617188e-07
0.47500000000000014,21,924,6,72,846,12,0,12,83.52785959094763,0.0,8.761396750807762,146.06988525390625,1.7881393432617188e-07
0.5000000000000001,21,974,5,85,884,12,0,12,87.66959995031357,0.0,8.841245010495186,154.21209716796875,1.7881393432617188e-07
0.5250000000000001,21,1039,4,103,932,14,0,14,92.78204625099897,0.0,8.921093463897705,157.49563598632812,1.7881393432617188e-07
0.5500000000000002,21,1089,5,106,978,14,0,14,97.37547790259123,0.0,8.921093672513962,157.30848693847656,1.7881393432617188e-07
0.5750000000000002,21,1045,6,84,955,14,0,14,94.32020257413387,0.0,8.744859755039215,163.4927520751953,1.7881393432617188e-07
0.6000000000000002,21,982,6,57,919,13,0,13,89.86875569075346,0.0,8.76139684766531,165.7887725830078,1.7881393432617188e-07
0.6250000000000002,21,961,6,80,875,12,0,12,86.67066451907158,0.0,8.801320917904377,162.9467315673828,1.7881393432617188e-07
0.6500000000000002,21,951,2,105,844,12,0,12,84.54935186356306,0.0,8.881169453263283,155.02626037597656,1.7881393432617188e-07
0.6750000000000003,21,867,2,89,776,12,0,12,77.35634796321392,0.0,8.824708200991154,143.29429626464844,1.7881393432617188e-07
0.7000000000000003,21,772,2,58,712,11,0,11,69.98994629085064,0.0,8.744859755039215,128.94090270996094,1.7881393432617188e-07
0.7250000000000003,21,718,1,55,662,10,0,10,65.24806451052427,0.0,8.784783862531185,115.3996353149414,1.7881393432617188e-07
0.7500000000000003,21,682,0,65,617,9,0,9,61.282173939049244,0.0,8.881169274449348,106.59510803222656,1.7881393432617188e-07
0.7750000000000004,21,650,2,80,568,8,0,8,57.36216226965189,0.0,9.160639151930809,95.16681671142578,1.7881393432617188e-07
0.8000000000000004,21,599,2,85,512,8,0,8,52.24888430535793,0.0,9.1041773930192,84.77099609375,1.7881393432617188e-07
0.8250000000000004,21,524,1,58,465,7,0,7,46.500105395913124,0.0,8.984404914081097,73.66010284423828,1.7881393432617188e-07
0.8500000000000004,21,482,1,54,427,6,0,6,42.80237451940775,0.0,8.768246941268444,66.39447021484375,1.7881393432617188e-07
0.8750000000000004,21,444,1,56,387,6,0,6,39.08326245099306,0.0,8.631937012076378,62.031883239746094,1.7881393432617188e-07
0.9000000000000005,21,402,1,65,336,6,0,6,34.52691797912121,0.0,8.417785473167896,58.425235748291016,1.7881393432617188e-07
0.9250000000000005,21,339,0,61,278,5,0,5,28.889334373176098,0.0,8.123785108327866,56.84621810913086,1.7881393432617188e-07
0.9500000000000005,21,297,0,52,245,4,0,4,25.333204701542854,0.0,7.48216075450182,58.0080451965332,1.7881393432617188e-07
0.9750000000000005,21,248,2,38,208,4,0,4,21.34431069344282,0.0,6.73930711299181,58.16706466674805,1.7881393432617188e-07
1.0000000000000004,21,192,2,34,156,4,0,4,16.144334822893143,0.0,6.200917795300484,56.55668258666992,1.7881393432617188e-07
1.0250000000000004,21,157,4,33,120,3,0,3,12.838995762169361,0.0,5.521375626325607,55.08564376831055,1.7881393432617188e-07
1.0500000000000003,21,116,2,23,91,3,0,3,9.536493949592113,0.0,4.572050951421261,54.278568267822266,1.7881393432617188e-07
1.0750000000000002,21,74,0,14,60,2,0,2,6.149300172924995,0.0,3.2674211636185646,54.2802848815918,1.7881393432617188e-07
1.1,21,2,0,1,1,1,0,1,0.06815484911203384,0.0,0.06815484911203384,54.23191833496094,1.7881393432617188e-07
1.125,21,0,0,0,0,0,0,0,0.0,0.0,0.0,53.994285583496094,1.7881393432617188e-07
1.15,21,0,0,0,0,0,0,0,0.0,0.0,0.0,53.52322006225586,1.7881393432617188e-07
1.1749999999999998,21,0,0,0,0,0,0,0,0.0,0.0,0.0,52.896846771240234,1.7881393432617188e-07
1.1999999999999997,21,0,0,0,0,0,0,0,0.0,0.0,0.0,52.11305236816406,1.7881393432617188e-07
1.2249999999999996,21,0,0,0,0,0,0,0,0.0,0.0,0.0,51.24958038330078,1.7881393432617188e-07
1.2499999999999996,21,0,0,0,0,0,0,0,0.0,0.0,0.0,50.8216667175293,1.7881393432617188e-07
1.2749999999999995,21,0,0,0,0,0,0,0,0.0,0.0,0.0,50.2330207824707,1.7881393432617188e-07
1.2999999999999994,21,0,0,0,0,0,0,0,0.0,0.0,0.0,50.34636306762695,1.7881393432617188e-07
1.3249999999999993,21,0,0,0,0,0,0,0,0.0,0.0,0.0,50.53765869140625,1.7881393432617188e-07
1.3499999999999992,21,0,0,0,0,0,0,0,0.0,0.0,0.0,50.78082275390625,1.7881393432617188e-07
1.3749999999999991,21,0,0,0,0,0,0,0,0.0,0.0,0.0,51.22779846191406,1.7881393432617188e-07
1.399999999999999,21,0,0,0,0,0,0,0,0.0,0.0,0.0,51.46366500854492,1.7881393432617188e-07
1.424999999999999,21,0,0,0,0,0,0,0,0.0,0.0,0.0,51.495853424072266,1.7881393432617188e-07
1.4499999999999988,21,0,0,0,0,0,0,0,0.0,0.0,0.0,51.334693908691406,1.7881393432617188e-07
1.4749999999999988,21,0,0,0,0,0,0,0,0.0,0.0,0.0,50.93943405151367,1.7881393432617188e-07
1.4999999999999987,21,0,0,0,0,0,0,0,0.0,0.0,0.0,50.355384826660156,1.7881393432617188e-07
1.5249999999999986,21,0,0,0,0,0,0,0,0.0,0.0,0.0,49.84746170043945,1.7881393432617188e-07
1.5499999999999985,21,0,0,0,0,0,0,0,0.0,0.0,0.0,49.181697845458984,1.7881393432617188e-07
1.5749999999999984,21,0,0,0,0,0,0,0,0.0,0.0,0.0,48.33442687988281,1.7881393432617188e-07
1.5999999999999983,21,0,0,0,0,0,0,0,0.0,0.0,0.0,47.313907623291016,1.7881393432617188e-07
1.6249999999999982,21,0,0,0,0,0,0,0,0.0,0.0,0.0,46.83488845825195,1.7881393432617188e-07
1.6499999999999981,21,0,0,0,0,0,0,0,0.0,0.0,0.0,46.83298873901367,1.7881393432617188e-07
1.674999999999998,21,0,0,0,0,0,0,0,0.0,0.0,0.0,46.746673583984375,1.7881393432617188e-07
1.699999999999998,21,68,0,33,35,2,0,2,4.695388205349445,0.0,2.6745770946145058,46.45757293701172,1.7881393432617188e-07
1.7249999999999979,21,136,0,41,95,2,0,2,10.600747562944889,0.0,5.561299711465836,45.927974700927734,1.7881393432617188e-07
1.7499999999999978,21,190,0,40,150,4,0,4,15.809962451457977,0.0,6.229148559272289,45.29027557373047,1.7881393432617188e-07
1.7749999999999977,21,249,0,65,184,4,0,4,20.057393215596676,0.0,6.9740083664655685,45.705135345458984,1.7881393432617188e-07
1.7999999999999976,21,291,0,72,219,4,0,4,23.682125993072987,0.0,7.336163632571697,46.557132720947266,1.7881393432617188e-07
1.8249999999999975,21,326,2,65,259,4,0,4,27.394386552274227,0.0,7.641857340931892,46.391693115234375,1.7881393432617188e-07
1.8499999999999974,21,374,0,58,316,5,0,5,32.3761992007494,0.0,8.373017705976963,45.60904312133789,1.7881393432617188e-07
1.8749999999999973,21,451,0,75,376,6,0,6,38.71342680603266,0.0,8.302856519818306,47.43863296508789,1.7881393432617188e-07
1.8999999999999972,21,509,0,90,419,7,0,7,43.332251235842705,0.0,8.881169378757477,47.72069549560547,1.7881393432617188e-07
1.9249999999999972,21,590,0,91,499,9,0,9,50.94671020656824,0.0,9.409871652722359,49.085086822509766,1.7881393432617188e-07
1.949999999999997,21,617,0,81,536,8,0,8,54.18188860267401,0.0,9.642567083239555,54.727745056152344,1.7881393432617188e-07
1.974999999999997,21,660,0,78,582,8,0,8,58.52363350242376,0.0,9.546181552112103,62.27180099487305,1.7881393432617188e-07
1.999999999999997,21,725,0,87,638,10,0,10,64.08821835368872,0.0,9.210250936448574,69.09272766113281,1.7881393432617188e-07
0.0,22,0,0,0,0,0,0,0,0.0,0.0,0.0,59.98468780517578,1.7881393432617188e-07
0.025,22,0,0,0,0,0,0,0,0.0,0.0,0.0,59.66571807861328,1.7881393432617188e-07
0.05,22,25,0,2,23,2,0,2,2.103944830596447,0.0,1.1566265225410461,59.16862106323242,1.7881393432617188e-07
0.07500000000000001,22,65,0,5,60,2,0,2,5.789982482790947,0.0,2.898416206240654,60.18890380859375,1.7881393432617188e-07
0.1,22,98,0,17,81,3,0,3,8.253245256841183,0.0,4.264351159334183,60.833473205566406,1.7881393432617188e-07
0.125,22,149,0,25,124,3,0,3,12.660755909979343,0.0,5.484288893640041,61.2454948425293,1.7881393432617188e-07
0.15,22,208,0,30,178,4,0,4,17.99704086780548,0.0,6.062601827085018,62.500247955322266,1.7881393432617188e-07
0.175,22,247,0,30,217,4,0,4,21.727846086025238,0.0,6.567916721105576,64.16969299316406,1.7881393432617188e-07
0.19999999999999998,22,279,0,26,253,4,0,4,25.03802903741598,0.0,7.146230071783066,63.49744415283203,1.7881393432617188e-07
0.22499999999999998,22,358,0,41,317,6,0,6,31.669256642460823,0.0,7.877390161156654,62.16367721557617,1.7881393432617188e-07
0.24999999999999997,22,429,0,56,373,6,0,6,37.66571117937565,0.0,8.19477753341198,63.736385345458984,1.7881393432617188e-07
0.27499999999999997,22,461,1,50,410,6,0,6,40.97589300572872,0.0,8.512164622545242,67.18665313720703,1.7881393432617188e-07
0.3,22,507,1,42,464,7,0,7,45.79316382855177,0.0,8.744859777390957,74.12713623046875,1.7881393432617188e-07
0.325,22,566,1,53,512,8,0,8,50.762449748814106,0.0,8.704935424029827,83.50902557373047,1.7881393432617188e-07
0.35000000000000003,22,624,1,66,557,9,0,9,55.60712028294802,0.0,8.744859732687473,96.44950103759766,1.7881393432617188e-07
0.37500000000000006,22,654,0,68,586,8,0,8,58.59462434798479,0.0,8.704935528337955,108.95416259765625,1.7881393432617188e-07
0.4000000000000001,22,691,2,59,630,9,0,9,62.37548953294754,0.0,8.545238681137562,120.51276397705078,1.7881393432617188e-07
0.4250000000000001,22,763,2,54,707,10,0,10,69.44470834732056,0.0,8.625087231397629,130.96336364746094,1.7881393432617188e-07
0.4500000000000001,22,808,5,54,749,10,0,10,73.61267195641994,0.0,8.761396899819374,140.1854705810547,1.7881393432617188e-07
0.47500000000000014,22,908,3,74,831,12,0,12,82.15462683141232,0.0,8.72147261351347,147.95387268066406,1.7881393432617188e-07
0.5000000000000001,22,971,2,86,883,12,0,12,87.46513567864895,0.0,8.72147262096405,153.98838806152344,1.7881393432617188e-07
0.5250000000000001,22,990,5,75,910,12,0,12,89.7763825878501,0.0,8.738009579479694,157.96844482421875,1.7881393432617188e-07
0.5500000000000002,22,1002,6,55,941,13,0,13,91.90938860923052,0.0,8.641624204814434,159.69540405273438,1.7881393432617188e-07
0.5750000000000002,22,1026,4,59,963,14,0,14,94.0133335441351,0.0,8.72147262096405,160.17774963378906,1.7881393432617188e-07
0.6000000000000002,22,1006,5,58,943,14,0,14,92.05739136785269,0.0,8.665011398494244,159.00144958496094,1.7881393432617188e-07
0.6250000000000002,22,934,2,47,885,13,0,13,86.03270796686411,0.0,8.704935498535633,155.17507934570312,1.7881393432617188e-07
0.6500000000000002,22,894,1,47,846,12,0,12,82.30190248042345,0.0,8.681548483669758,148.3063507080078,1.7881393432617188e-07
0.6750000000000003,22,835,1,48,786,12,0,12,76.67116931825876,0.0,8.681548416614532,138.82293701171875,1.7881393432617188e-07
0.7000000000000003,22,764,2,43,719,10,0,10,70.13393775373697,0.0,8.857782259583473,128.5724334716797,1.7881393432617188e-07
0.7250000000000003,22,725,3,56,666,10,0,10,65.72514825314283,0.0,8.8013209477067,118.05775451660156,1.7881393432617188e-07
0.7500000000000003,22,653,0,58,595,9,0,9,58.96646708995104,0.0,8.704935431480408,106.73623657226562,1.7881393432617188e-07
0.7750000000000004,22,600,0,47,553,8,0,8,54.406557217240334,0.0,8.761396802961826,94.99413299560547,1.7881393432617188e-07
0.8000000000000004,22,566,1,48,517,8,0,8,51.07298805564642,0.0,8.636780843138695,83.1203384399414,1.7881393432617188e-07
0.8250000000000004,22,512,0,46,466,7,0,7,46.105706959962845,0.0,8.688398361206055,72.67992401123047,1.7881393432617188e-07
0.8500000000000004,22,465,0,50,415,7,0,7,41.34974165260792,0.0,8.399242006242275,66.27545166015625,1.7881393432617188e-07
0.8750000000000004,22,412,1,43,368,6,0,6,36.70469204336405,0.0,8.2064708173275,62.7132453918457,1.7881393432617188e-07
0.9000000000000005,22,357,0,37,320,7,0,7,31.70233155786991,0.0,8.110085360705853,58.6920280456543,1.7881393432617188e-07
0.9250000000000005,22,319,0,33,286,4,0,4,28.52645195275545,0.0,8.013699792325497,55.61134719848633,1.7881393432617188e-07
0.9500000000000005,22,286,0,32,254,4,0,4,25.40219061821699,0.0,7.980625368654728,56.48677444458008,1.7881393432617188e-07
0.9750000000000005,22,255,1,38,216,4,0,4,22.047239631414413,0.0,7.317620076239109,56.26359558105469,1.7881393432617188e-07
1.0000000000000004,22,192,0,30,162,4,0,4,16.454872518777847,0.0,6.3420713394880295,56.071746826171875,1.7881393432617188e-07
1.0250000000000004,22,135,0,20,115,3,0,3,11.621895298361778,0.0,5.378215879201889,55.4784049987793,1.7881393432617188e-07
1.0500000000000003,22,98,0,12,86,2,0,2,8.575475946068764,0.0,4.487358912825584,54.73929977416992,1.7881393432617188e-07
1.0750000000000002,22,72,0,8,64,2,0,2,6.29529719799757,0.0,3.476729452610016,54.25423812866211,1.7881393432617188e-07
1.1,22,14,0,1,13,1,0,1,1.1965507864952087,0.0,1.1965507864952087,53.63918685913086,1.7881393432617188e-07
1.125,22,0,0,0,0,0,0,0,0.0,0.0,0.0,52.78439712524414,1.7881393432617188e-07
1.15,22,0,0,0,0,0,0,0,0.0,0.0,0.0,51.73297882080078,1.7881393432617188e-07
1.1749999999999998,22,0,0,0,0,0,0,0,0.0,0.0,0.0,50.60348892211914,1.7881393432617188e-07
1.1999999999999997,22,0,0,0,0,0,0,0,0.0,0.0,0.0,50.62440490722656,1.7881393432617188e-07
1.2249999999999996,22,0,0,0,0,0,0,0,0.0,0.0,0.0,50.599830627441406,1.7881393432617188e-07
1.2499999999999996,22,0,0,0,0,0,0,0,0.0,0.0,0.0,50.438804626464844,1.7881393432617188e-07
1.2749999999999995,22,0,0,0,0,0,0,0,0.0,0.0,0.0,50.099613189697266,1.7881393432617188e-07
1.2999999999999994,22,0,0,0,0,0,0,0,0.0,0.0,0.0,49.645389556884766,1.7881393432617188e-07
1.3249999999999993,22,0,0,0,0,0,0,0,0.0,0.0,0.0,49.00984573364258,1.7881393432617188e-07
1.3499999999999992,22,0,0,0,0,0,0,0,0.0,0.0,0.0,48.36625289916992,1.7881393432617188e-07
1.3749999999999991,22,0,0,0,0,0,0,0,0.0,0.0,0.0,48.285987854003906,1.7881393432617188e-07
1.399999999999999,22,0,0,0,0,0,0,0,0.0,0.0,0.0,48.52095413208008,1.7881393432617188e-07
1.424999999999999,22,0,0,0,0,0,0,0,0.0,0.0,0.0,48.5772819519043,1.7881393432617188e-07
1.4499999999999988,22,0,0,0,0,0,0,0,0.0,0.0,0.0,48.47506332397461,1.7881393432617188e-07
1.4749999999999988,22,0,0,0,0,0,0,0,0.0,0.0,0.0,48.3272590637207,1.7881393432617188e-07
1.4999999999999987,22,0,0,0,0,0,0,0,0.0,0.0,0.0,47.998260498046875,1.7881393432617188e-07
1.5249999999999986,22,0,0,0,0,0,0,0,0.0,0.0,0.0,48.19607925415039,1.7881393432617188e-07
1.5499999999999985,22,0,0,0,0,0,0,0,0.0,0.0,0.0,48.26041030883789,1.7881393432617188e-07
1.5749999999999984,22,0,0,0,0,0,0,0,0.0,0.0,0.0,48.19862365722656,1.7881393432617188e-07
1.5999999999999983,22,0,0,0,0,0,0,0,0.0,0.0,0.0,47.98540115356445,1.7881393432617188e-07
1.6249999999999982,22,0,0,0,0,0,0,0,0.0,0.0,0.0,47.63394546508789,1.7881393432617188e-07
1.6499999999999981,22,0,0,0,0,0,0,0,0.0,0.0,0.0,47.158748626708984,1.7881393432617188e-07
1.674999999999998,22,0,0,0,0,0,0,0,0.0,0.0,0.0,46.56109619140625,1.7881393432617188e-07
1.699999999999998,22,46,0,9,37,2,0,2,3.789273217320442,0.0,2.2918722480535507,45.8795166015625,1.7881393432617188e-07
1.7249999999999979,22,106,0,18,88,2,0,2,9.00779214501381,0.0,4.680129915475845,45.1236686706543,1.7881393432617188e-07
1.7499999999999978,22,146,0,22,124,4,0,4,12.529289305210114,0.0,5.677059732377529,44.2061767578125,1.7881393432617188e-07
1.7749999999999977,22,230,0,34,196,4,0,4,19.863447315990925,0.0,6.591303832828999,43.83820724487305,1.7881393432617188e-07
1.7999999999999976,22,264,0,36,228,4,0,4,23.05586301535368,0.0,6.993383094668388,44.76796340942383,1.7881393432617188e-07
1.8249999999999975,22,312,0,47,265,4,0,4,27.061294555664062,0.0,7.674931913614273,44.119319915771484,1.7881393432617188e-07
1.8499999999999974,22,342,0,41,301,6,0,6,30.211332231760025,0.0,7.877390220761299,43.99605178833008,1.7881393432617188e-07
1.8749999999999973,22,421,0,46,375,6,0,6,37.43100894987583,0.0,8.399242155253887,46.14093017578125,1.7881393432617188e-07
1.8999999999999972,22,480,0,54,426,6,0,6,42.694295309484005,0.0,8.665011338889599,47.03667449951172,1.7881393432617188e-07
1.9249999999999972,22,533,0,64,469,6,0,6,47.20988528430462,0.0,8.994092382490635,49.68947982788086,1.7881393432617188e-07
1.949999999999997,22,553,0,59,494,8,0,8,49.283593252301216,0.0,9.034016571938992,57.826778411865234,1.7881393432617188e-07
1.974999999999997,22,613,0,58,555,8,0,8,55.066726334393024,0.0,9.050553977489471,63.7496452331543,1.7881393432617188e-07
1.999999999999997,22,680,0,68,612,8,0,8,61.016404666006565,0.0,9.266712211072445,68.27372741699219,1.7881393432617188e-07
0.0,23,0,0,0,0,0,0,0,0.0,0.0,0.0,58.80987548828125,1.7881393432617188e-07
0.025,23,0,0,0,0,0,0,0,0.0,0.0,0.0,59.397830963134766,1.7881393432617188e-07
0.05,23,16,0,2,14,1,0,1,1.3328604996204376,0.0,1.3328604996204376,59.80399703979492,1.7881393432617188e-07
0.07500000000000001,23,63,0,7,56,2,0,2,5.48428862541914,0.0,2.858491972088814,60.22279739379883,1.7881393432617188e-07
0.1,23,94,0,13,81,2,0,2,8.13347239792347,0.0,4.174815222620964,61.0914192199707,1.7881393432617188e-07
0.125,23,116,0,11,105,2,0,2,10.366876937448978,0.0,5.268130496144295,61.50625228881836,1.7881393432617188e-07
0.15,23,158,0,14,144,3,0,3,14.177531249821186,0.0,6.0392148569226265,61.046878814697266,1.7881393432617188e-07
0.175,23,256,0,37,219,4,0,4,22.312561497092247,0.0,6.720763809978962,59.8493537902832,1.7881393432617188e-07
0.19999999999999998,23,298,0,39,259,4,0,4,26.163587488234043,0.0,7.122842736542225,60.96786117553711,1.7881393432617188e-07
0.22499999999999998,23,323,0,36,287,5,0,5,28.64622437953949,0.0,7.860852815210819,62.221614837646484,1.7881393432617188e-07
0.24999999999999997,23,344,0,30,314,5,0,5,31.009088955819607,0.0,8.206470869481564,64.98445892333984,1.7881393432617188e-07
0.27499999999999997,23,461,3,42,416,6,0,6,41.314661137759686,0.0,8.415779151022434,67.55811309814453,1.7881393432617188e-07
0.3,23,495,4,48,443,7,0,7,44.184846714138985,0.0,8.495627544820309,74.54869842529297,1.7881393432617188e-07
0.325,23,523,3,41,479,7,0,7,47.27887037396431,0.0,8.568625777959824,86.1588134765625,1.7881393432617188e-07
0.35000000000000003,23,564,1,43,520,11,0,11,51.042301684617996,0.0,8.704935491085052,96.86708068847656,1.7881393432617188e-07
0.37500000000000006,23,635,1,46,588,8,0,8,57.80828146636486,0.0,8.704935386776924,106.70036315917969,1.7881393432617188e-07
0.4000000000000001,23,731,1,63,667,10,0,10,65.96514140814543,0.0,8.841245152056217,116.97408294677734,1.7881393432617188e-07
0.4250000000000001,23,782,1,59,722,10,0,10,71.05018761008978,0.0,8.665011145174503,128.11119079589844,1.7881393432617188e-07
0.4500000000000001,23,824,1,49,774,12,0,12,75.47022201120853,0.0,8.681548498570919,138.81324768066406,1.7881393432617188e-07
0.47500000000000014,23,893,4,54,835,12,0,12,81.66913481801748,0.0,8.761396780610085,148.36961364746094,1.7881393432617188e-07
0.5000000000000001,23,942,1,63,878,12,0,12,86.05325751006603,0.0,8.761396907269955,156.0706787109375,1.7881393432617188e-07
0.5250000000000001,23,987,2,80,905,12,0,12,89.34607249498367,0.0,8.744859851896763,162.09169006347656,1.7881393432617188e-07
0.5500000000000002,23,993,1,75,917,12,0,12,90.26315346360207,0.0,8.665011286735535,164.6185760498047,1.7881393432617188e-07
0.5750000000000002,23,981,5,51,925,13,0,13,90.16759902983904,0.0,8.721472531557083,163.23312377929688,1.7881393432617188e-07
0.6000000000000002,23,973,5,51,917,13,0,13,89.36828345060349,0.0,8.761396735906601,158.3673858642578,1.7881393432617188e-07
0.6250000000000002,23,949,2,58,889,12,0,12,86.95380232483149,0.0,8.721472635865211,151.22679138183594,1.7881393432617188e-07
0.6500000000000002,23,920,1,66,853,12,0,12,83.79162374138832,0.0,8.857782371342182,143.19964599609375,1.7881393432617188e-07
0.6750000000000003,23,842,3,59,780,11,0,11,76.65224227309227,0.0,8.817858070135117,134.56187438964844,1.7881393432617188e-07
0.7000000000000003,23,781,2,55,724,10,0,10,71.15141695737839,0.0,8.738009676337242,125.57479095458984,1.7881393432617188e-07
0.7250000000000003,23,731,2,48,681,10,0,10,66.69913881272078,0.0,8.857782319188118,116.55411529541016,1.7881393432617188e-07
0.7500000000000003,23,639,1,40,598,9,0,9,58.43620686233044,0.0,8.801321059465408,107.30572509765625,1.7881393432617188e-07
0.7750000000000004,23,616,2,47,567,8,0,8,55.86403335630894,0.0,8.744859650731087,97.0069808959961,1.7881393432617188e-07
0.8000000000000004,23,583,0,58,525,8,0,8,52.231172166764736,0.0,8.72832253575325,85.81739044189453,1.7881393432617188e-07
0.8250000000000004,23,522,0,50,472,7,0,7,46.84371746331453,0.0,8.592012867331505,74.02550506591797,1.7881393432617188e-07
0.8500000000000004,23,481,0,46,435,6,0,6,43.18591035157442,0.0,8.592012874782085,64.41541290283203,1.7881393432617188e-07
0.8750000000000004,23,447,0,48,399,6,0,6,39.795879907906055,0.0,8.479090236127377,61.18228530883789,1.7881393432617188e-07
0.9000000000000005,23,393,2,36,355,6,0,6,35.183904483914375,0.0,8.166546680033207,57.03199005126953,1.7881393432617188e-07
0.9250000000000005,23,319,0,33,286,5,0,5,28.430066496133804,0.0,7.860852807760239,55.69760513305664,1.7881393432617188e-07
0.9500000000000005,23,300,0,41,259,4,0,4,26.215205624699593,0.0,7.378925234079361,53.4423942565918,1.7881393432617188e-07
0.9750000000000005,23,255,0,39,216,4,0,4,21.99077905714512,0.0,6.664302296936512,53.91035842895508,1.7881393432617188e-07
1.0000000000000004,23,174,1,23,150,3,0,3,15.18331678956747,0.0,6.25052947551012,53.80057907104492,1.7881393432617188e-07
1.0250000000000004,23,140,1,17,122,3,0,3,12.244976319372654,0.0,5.495982214808464,53.4913330078125,1.7881393432617188e-07
1.0500000000000003,23,96,1,10,85,2,0,2,8.439166195690632,0.0,4.287738002836704,52.681976318359375,1.7881393432617188e-07
1.0750000000000002,23,69,0,8,61,2,0,2,6.034371256828308,0.0,3.215803511440754,51.91500473022461,1.7881393432617188e-07
1.1,23,29,0,3,26,2,0,2,2.4612563103437424,0.0,1.2929362654685974,51.273231506347656,1.7881393432617188e-07
1.125,23,0,0,0,0,0,0,0,0.0,0.0,0.0,50.38447570800781,1.7881393432617188e-07
1.15,23,0,0,0,0,0,0,0,0.0,0.0,0.0,49.56252670288086,1.7881393432617188e-07
1.1749999999999998,23,0,0,0,0,0,0,0,0.0,0.0,0.0,49.75403594970703,1.7881393432617188e-07
1.1999999999999997,23,0,0,0,0,0,0,0,0.0,0.0,0.0,49.74528884887695,1.7881393432617188e-07
1.2249999999999996,23,0,0,0,0,0,0,0,0.0,0.0,0.0,49.561893463134766,1.7881393432617188e-07
1.2499999999999996,23,0,0,0,0,0,0,0,0.0,0.0,0.0,49.19235610961914,1.7881393432617188e-07
1.2749999999999995,23,0,0,0,0,0,0,0,0.0,0.0,0.0,49.819671630859375,1.7881393432617188e-07
1.2999999999999994,23,0,0,0,0,0,0,0,0.0,0.0,0.0,50.31583023071289,1.7881393432617188e-07
1.3249999999999993,23,0,0,0,0,0,0,0,0.0,0.0,0.0,50.691646575927734,1.7881393432617188e-07
1.3499999999999992,23,0,0,0,0,0,0,0,0.0,0.0,0.0,50.86676025390625,1.7881393432617188e-07
1.3749999999999991,23,0,0,0,0,0,0,0,0.0,0.0,0.0,50.912654876708984,1.7881393432617188e-07
1.399999999999999,23,0,0,0,0,0,0,0,0.0,0.0,0.0,50.79122543334961,1.7881393432617188e-07
1.424999999999999,23,0,0,0,0,0,0,0,0.0,0.0,0.0,50.51616668701172,1.7881393432617188e-07
1.4499999999999988,23,0,0,0,0,0,0,0,0.0,0.0,0.0,50.142459869384766,1.7881393432617188e-07
1.4749999999999988,23,0,0,0,0,0,0,0,0.0,0.0,0.0,49.65691375732422,1.7881393432617188e-07
1.4999999999999987,23,0,0,0,0,0,0,0,0.0,0.0,0.0,49.03069305419922,1.7881393432617188e-07
1.5249999999999986,23,0,0,0,0,0,0,0,0.0,0.0,0.0,48.27998733520508,1.7881393432617188e-07
1.5499999999999985,23,0,0,0,0,0,0,0,0.0,0.0,0.0,47.40727996826172,1.7881393432617188e-07
1.5749999999999984,23,0,0,0,0,0,0,0,0.0,0.0,0.0,46.96728515625,1.7881393432617188e-07
1.5999999999999983,23,0,0,0,0,0,0,0,0.0,0.0,0.0,46.82014083862305,1.7881393432617188e-07
1.6249999999999982,23,0,0,0,0,0,0,0,0.0,0.0,0.0,46.53758239746094,1.7881393432617188e-07
1.6499999999999981,23,0,0,0,0,0,0,0,0.0,0.0,0.0,46.131832122802734,1.7881393432617188e-07
1.674999999999998,23,0,0,0,0,0,0,0,0.0,0.0,0.0,45.62515640258789,1.7881393432617188e-07
1.699999999999998,23,51,0,9,42,2,0,2,4.242970213294029,0.0,2.468106210231781,44.99789810180664,1.7881393432617188e-07
1.7249999999999979,23,85,0,6,79,2,0,2,7.661231890320778,0.0,4.015118554234505,44.223323822021484,1.7881393432617188e-07
1.7499999999999978,23,127,0,15,112,3,0,3,11.13311742991209,0.0,5.195131964981556,43.43883514404297,1.7881393432617188e-07
1.7749999999999977,23,216,0,37,179,4,0,4,18.372896015644073,0.0,6.4949183240532875,42.77470016479492,1.7881393432617188e-07
1.7999999999999976,23,267,1,39,227,4,0,4,23.14740537852049,0.0,7.378925561904907,42.91912841796875,1.7881393432617188e-07
1.8249999999999975,23,287,1,27,259,4,0,4,25.752652421593666,0.0,7.5696901679039,43.76823806762695,1.7881393432617188e-07
1.8499999999999974,23,312,0,25,287,4,0,4,28.331674322485924,0.0,7.950388543307781,44.10239028930664,1.7881393432617188e-07
1.8749999999999973,23,409,0,51,358,5,0,5,36.11669220775366,0.0,8.375855013728142,44.559547424316406,1.7881393432617188e-07
1.8999999999999972,23,494,0,57,437,6,0,6,43.84607795625925,0.0,8.665011338889599,44.7662467956543,1.7881393432617188e-07
1.9249999999999972,23,510,0,46,464,7,0,7,45.941166907548904,0.0,8.897706605494022,49.49822998046875,1.7881393432617188e-07
1.949999999999997,23,545,0,47,498,8,0,8,49.27428875118494,0.0,9.186863832175732,55.34347152709961,1.7881393432617188e-07
1.974999999999997,23,625,0,63,562,9,0,9,55.872891411185265,0.0,9.057403676211834,63.006378173828125,1.7881393432617188e-07
1.999999999999997,23,703,0,75,628,9,0,9,62.74165754020214,0.0,9.153789199888706,70.37882232666016,1.7881393432617188e-07
0.0,24,0,0,0,0,0,0,0,0.0,0.0,0.0,62.95664596557617,1.7881393432617188e-07
0.025,24,0,0,0,0,0,0,0,0.0,0.0,0.0,62.939701080322266,1.7881393432617188e-07
0.05,24,13,0,1,12,1,0,1,1.1001652032136917,0.0,1.1001652032136917,62.5586051940918,1.7881393432617188e-07
0.07500000000000001,24,65,0,11,54,2,0,2,5.479444965720177,0.0,3.0746500715613365,61.90572738647461,1.7881393432617188e-07
0.1,24,97,0,18,79,2,0,2,8.140322275459766,0.0,4.278050772845745,61.10783767700195,1.7881393432617188e-07
0.125,24,133,0,26,107,4,0,4,11.106444887816906,0.0,5.321754299104214,60.08901596069336,1.7881393432617188e-07
0.15,24,219,0,30,189,4,0,4,19.0572821944952,0.0,6.085989125072956,61.10969543457031,1.7881393432617188e-07
0.175,24,258,0,31,227,4,0,4,22.731625765562057,0.0,6.890147440135479,61.21765899658203,1.7881393432617188e-07
0.19999999999999998,24,298,0,40,258,4,0,4,26.13535699993372,0.0,7.792698062956333,60.3178825378418,1.7881393432617188e-07
0.22499999999999998,24,322,0,43,279,4,0,4,28.250994734466076,0.0,8.29316907376051,61.83029556274414,1.7881393432617188e-07
0.24999999999999997,24,404,2,51,351,6,0,6,35.51014728844166,0.0,8.446016147732735,64.19609069824219,1.7881393432617188e-07
0.27499999999999997,24,463,1,49,413,6,0,6,41.25335670262575,0.0,8.53555179387331,66.89461517333984,1.7881393432617188e-07
0.3,24,488,1,49,438,6,0,6,43.74768604338169,0.0,8.704935498535633,73.75814056396484,1.7881393432617188e-07
0.325,24,556,2,50,504,9,0,9,50.01229804754257,0.0,8.761396825313568,81.92897033691406,1.7881393432617188e-07
0.35000000000000003,24,616,3,62,551,8,0,8,54.96065252274275,0.0,8.728322625160217,93.89044189453125,1.7881393432617188e-07
0.37500000000000006,24,648,1,62,585,8,0,8,58.12968148291111,0.0,8.671861365437508,108.09381103515625,1.7881393432617188e-07
0.4000000000000001,24,688,1,62,625,10,0,10,61.93303805589676,0.0,8.55208883434534,123.1613998413086,1.7881393432617188e-07
0.4250000000000001,24,732,1,37,694,10,0,10,67.55730410665274,0.0,8.545238621532917,136.30789184570312,1.7881393432617188e-07
0.4500000000000001,24,773,6,31,736,10,0,10,71.48132768273354,0.0,8.545238614082336,146.3162841796875,1.7881393432617188e-07
0.47500000000000014,24,899,4,67,828,12,0,12,81.51345039904118,0.0,8.665011316537857,152.60061645507812,1.7881393432617188e-07
0.5000000000000001,24,975,3,92,880,12,0,12,87.51190992444754,0.0,8.744859673082829,155.52816772460938,1.7881393432617188e-07
0.5250000000000001,24,1017,2,85,930,13,0,13,91.8589455485344,0.0,8.857782162725925,156.0164794921875,1.7881393432617188e-07
0.5500000000000002,24,1021,4,61,956,13,0,13,93.48663777112961,0.0,8.77793387323618,156.67198181152344,1.7881393432617188e-07
0.5750000000000002,24,1011,4,49,958,13,0,13,93.20031838864088,0.0,8.777933858335018,156.47970581054688,1.7881393432617188e-07
0.6000000000000002,24,1000,4,62,934,13,0,13,91.43431045860052,0.0,8.857782311737537,155.55160522460938,1.7881393432617188e-07
0.6250000000000002,24,979,2,80,897,12,0,12,88.60321895778179,0.0,8.88116928935051,153.21490478515625,1.7881393432617188e-07
0.6500000000000002,24,911,1,62,848,12,0,12,83.12176793813705,0.0,8.704935446381569,148.6494598388672,1.7881393432617188e-07
0.6750000000000003,24,826,0,42,784,12,0,12,76.11468359827995,0.0,8.641624085605145,142.02935791015625,1.7881393432617188e-07
0.7000000000000003,24,756,0,40,716,10,0,10,69.64516038447618,0.0,8.505314514040947,133.4653778076172,1.7881393432617188e-07
0.7250000000000003,24,699,2,57,640,11,0,11,63.03849474340677,0.0,8.704935573041439,121.9819564819336,1.7881393432617188e-07
0.7500000000000003,24,644,2,56,586,8,0,8,58.054677195847034,0.0,8.688398517668247,108.55750274658203,1.7881393432617188e-07
0.7750000000000004,24,603,1,39,563,8,0,8,55.11917382478714,0.0,8.68839842826128,94.41109466552734,1.7881393432617188e-07
0.8000000000000004,24,567,1,48,518,8,0,8,51.22583498060703,0.0,8.528701700270176,83.10130310058594,1.7881393432617188e-07
0.8250000000000004,24,522,0,55,467,7,0,7,46.58964129537344,0.0,8.408929079771042,74.7619400024414,1.7881393432617188e-07
0.8500000000000004,24,479,0,65,414,6,0,6,41.976835548877716,0.0,8.552088849246502,67.1382064819336,1.7881393432617188e-07
0.8750000000000004,24,450,2,65,383,7,0,7,38.972346767783165,0.0,8.51901475340128,60.87641525268555,1.7881393432617188e-07
0.9000000000000005,24,382,1,43,338,6,0,6,33.75666484981775,0.0,8.406092151999474,57.58903121948242,1.7881393432617188e-07
0.9250000000000005,24,316,0,37,279,4,0,4,27.983219109475613,0.0,7.917314015328884,55.791996002197266,1.7881393432617188e-07
0.9500000000000005,24,292,1,42,249,4,0,4,25.359429135918617,0.0,7.303920596837997,55.283363342285156,1.7881393432617188e-07
0.9750000000000005,24,226,0,38,188,4,0,4,19.392764933407307,0.0,6.760687962174416,54.62276840209961,1.7881393432617188e-07
1.0000000000000004,24,177,0,31,146,4,0,4,15.177577435970306,0.0,6.160993739962578,53.35344696044922,1.7881393432617188e-07
1.0250000000000004,24,135,0,24,111,3,0,3,11.396050028502941,0.0,5.418140009045601,52.69060134887695,1.7881393432617188e-07
1.0500000000000003,24,102,0,17,85,2,0,2,8.678711466491222,0.0,4.543820321559906,52.00197219848633,1.7881393432617188e-07
1.0750000000000002,24,73,2,11,60,2,0,2,6.109376102685928,0.0,3.2109598964452744,51.955894470214844,1.7881393432617188e-07
1.1,24,4,0,1,3,1,0,1,0.2609259635210037,0.0,0.2609259635210037,51.95779800415039,1.7881393432617188e-07
1.125,24,0,0,0,0,0,0,0,0.0,0.0,0.0,51.84183120727539,1.7881393432617188e-07
1.15,24,0,0,0,0,0,0,0,0.0,0.0,0.0,51.59074783325195,1.7881393432617188e-07
1.1749999999999998,24,0,0,0,0,0,0,0,0.0,0.0,0.0,51.13093948364258,1.7881393432617188e-07
1.1999999999999997,24,0,0,0,0,0,0,0,0.0,0.0,0.0,50.5264778137207,1.7881393432617188e-07
1.2249999999999996,24,0,0,0,0,0,0,0,0.0,0.0,0.0,49.770347595214844,1.7881393432617188e-07
1.2499999999999996,24,0,0,0,0,0,0,0,0.0,0.0,0.0,48.90446472167969,1.7881393432617188e-07
1.2749999999999995,24,0,0,0,0,0,0,0,0.0,0.0,0.0,48.66368103027344,1.7881393432617188e-07
1.2999999999999994,24,0,0,0,0,0,0,0,0.0,0.0,0.0,48.76597595214844,1.7881393432617188e-07
1.3249999999999993,24,0,0,0,0,0,0,0,0.0,0.0,0.0,48.793914794921875,1.7881393432617188e-07
1.3499999999999992,24,0,0,0,0,0,0,0,0.0,0.0,0.0,48.66090774536133,1.7881393432617188e-07
1.3749999999999991,24,0,0,0,0,0,0,0,0.0,0.0,0.0,48.42562484741211,1.7881393432617188e-07
1.399999999999999,24,0,0,0,0,0,0,0,0.0,0.0,0.0,48.02298355102539,1.7881393432617188e-07
1.424999999999999,24,0,0,0,0,0,0,0,0.0,0.0,0.0,47.500362396240234,1.7881393432617188e-07
1.4499999999999988,24,0,0,0,0,0,0,0,0.0,0.0,0.0,46.85232925415039,1.7881393432617188e-07
1.4749999999999988,24,0,0,0,0,0,0,0,0.0,0.0,0.0,46.15153884887695,1.7881393432617188e-07
1.4999999999999987,24,0,0,0,0,0,0,0,0.0,0.0,0.0,46.30940246582031,1.7881393432617188e-07
1.5249999999999986,24,0,0,0,0,0,0,0,0.0,0.0,0.0,46.33918762207031,1.7881393432617188e-07
1.5499999999999985,24,0,0,0,0,0,0,0,0.0,0.0,0.0,46.263736724853516,1.7881393432617188e-07
1.5749999999999984,24,0,0,0,0,0,0,0,0.0,0.0,0.0,46.16716766357422,1.7881393432617188e-07
1.5999999999999983,24,0,0,0,0,0,0,0,0.0,0.0,0.0,45.96446228027344,1.7881393432617188e-07
1.6249999999999982,24,0,0,0,0,0,0,0,0.0,0.0,0.0,45.635948181152344,1.7881393432617188e-07
1.6499999999999981,24,0,0,0,0,0,0,0,0.0,0.0,0.0,45.37958908081055,1.7881393432617188e-07
1.674999999999998,24,0,0,0,0,0,0,0,0.0,0.0,0.0,45.83463668823242,1.7881393432617188e-07
1.699999999999998,24,64,0,23,41,2,0,2,4.7055234760046005,0.0,2.8488048017024994,46.026023864746094,1.7881393432617188e-07
1.7249999999999979,24,117,1,26,90,2,0,2,9.559881314635277,0.0,4.793052680790424,46.0709342956543,1.7881393432617188e-07
1.7499999999999978,24,138,2,13,123,3,0,3,12.165128022432327,0.0,5.444364942610264,46.28701400756836,1.7881393432617188e-07
1.7749999999999977,24,180,0,21,159,4,0,4,15.806398183107376,0.0,6.046064853668213,46.360111236572266,1.7881393432617188e-07
1.7999999999999976,24,251,0,46,205,4,0,4,21.238237783312798,0.0,7.17646698653698,46.071876525878906,1.7881393432617188e-07
1.8249999999999975,24,342,0,73,269,5,0,5,28.473171889781952,0.0,7.970938242971897,45.060279846191406,1.7881393432617188e-07
1.8499999999999974,24,384,0,65,319,6,0,6,32.93268360197544,0.0,8.077010974287987,44.96577835083008,1.7881393432617188e-07
1.8749999999999973,24,426,0,44,382,6,0,6,38.05409001559019,0.0,8.359317906200886,45.624637603759766,1.7881393432617188e-07
1.8999999999999972,24,481,0,58,423,6,0,6,42.593065932393074,0.0,9.160638868808746,47.81175994873047,1.7881393432617188e-07
1.9249999999999972,24,578,0,101,477,7,0,7,49.474703162908554,0.0,9.888962537050247,48.85810470581055,1.7881393432617188e-07
1.949999999999997,24,689,0,122,567,8,0,8,58.86319303512573,0.0,9.905499339103699,53.8287353515625,1.7881393432617188e-07
1.974999999999997,24,682,0,83,599,8,0,8,60.36225663125515,0.0,9.48287021368742,62.58376693725586,1.7881393432617188e-07
1.999999999999997,24,672,0,51,621,8,0,8,61.28940784931183,0.0,9.255018375813961,71.70234680175781,1.7881393432617188e-07
0.0,25,0,0,0,0,0,0,0,0.0,0.0,0.0,60.294273376464844,1.7881393432617188e-07
0.025,25,0,0,0,0,0,0,0,0.0,0.0,0.0,59.64573287963867,1.7881393432617188e-07
0.05,25,0,0,0,0,0,0,0,0.0,0.0,0.0,58.80990982055664,1.7881393432617188e-07
0.07500000000000001,25,62,1,10,51,2,0,2,5.162057809531689,0.0,3.4601923003792763,58.8363151550293,1.7881393432617188e-07
0.1,25,131,2,31,98,2,0,2,10.683433175086975,0.0,5.6177611500024796,59.12769317626953,1.7881393432617188e-07
0.125,25,133,0,20,113,2,0,2,11.497279420495033,0.0,5.91660500317812,59.548118591308594,1.7881393432617188e-07
0.15,25,198,0,32,166,4,0,4,16.948493666946888,0.0,6.358608424663544,59.4669075012207,1.7881393432617188e-07
0.175,25,253,0,46,207,4,0,4,21.43100867420435,0.0,6.807461895048618,60.9079704284668,1.7881393432617188e-07
0.19999999999999998,25,295,0,52,243,4,0,4,25.140433102846146,0.0,7.498697705566883,61.129844665527344,1.7881393432617188e-07
0.22499999999999998,25,330,0,45,285,4,0,4,28.88092675805092,0.0,7.787854582071304,63.78098678588867,1.7881393432617188e-07
0.24999999999999997,25,403,1,53,349,9,0,9,35.124157667160034,0.0,8.150009654462337,65.22061920166016,1.7881393432617188e-07
0.27499999999999997,25,465,0,58,407,6,0,6,40.96620588749647,0.0,8.558938667178154,68.13899993896484,1.7881393432617188e-07
0.3,25,512,0,66,446,7,0,7,44.97648073732853,0.0,8.831558339297771,74.69529724121094,1.7881393432617188e-07
0.325,25,562,2,66,494,8,0,8,49.67114130407572,0.0,8.831558115780354,83.33283233642578,1.7881393432617188e-07
0.35000000000000003,25,622,2,62,558,8,0,8,55.59542775154114,0.0,8.8928631991148,93.59031677246094,1.7881393432617188e-07
0.37500000000000006,25,670,3,61,606,9,0,9,60.125547364354134,0.0,8.9210936576128,104.7093276977539,1.7881393432617188e-07
0.4000000000000001,25,738,2,64,672,10,0,10,66.44222489744425,0.0,8.761396862566471,116.56124114990234,1.7881393432617188e-07
0.4250000000000001,25,788,0,72,716,10,0,10,70.92273399978876,0.0,8.784783959388733,128.80567932128906,1.7881393432617188e-07
0.4500000000000001,25,835,1,79,755,11,0,11,74.9612397775054,0.0,8.824708193540573,142.36807250976562,1.7881393432617188e-07
0.47500000000000014,25,906,3,74,829,12,0,12,81.90584228932858,0.0,8.824708178639412,154.26657104492188,1.7881393432617188e-07
0.5000000000000001,25,954,3,78,873,12,0,12,86.2218117415905,0.0,8.704935602843761,162.16372680664062,1.7881393432617188e-07
0.5250000000000001,25,1002,6,93,903,12,0,12,89.86024335771799,0.0,8.66501134634018,164.95028686523438,1.7881393432617188e-07
0.5500000000000002,25,1093,7,124,962,14,0,14,96.66002333164215,0.0,8.937630742788315,163.0538330078125,1.7881393432617188e-07
0.5750000000000002,25,1072,4,107,961,14,0,14,95.70869302004576,0.0,8.881169311702251,160.83314514160156,1.7881393432617188e-07
0.6000000000000002,25,1052,5,108,939,13,0,13,93.76444508135319,0.0,8.961017809808254,157.01524353027344,1.7881393432617188e-07
0.6250000000000002,25,1010,5,105,900,13,0,13,89.91386721283197,0.0,8.897706545889378,151.69346618652344,1.7881393432617188e-07
0.6500000000000002,25,959,3,103,853,12,0,12,85.34866654872894,0.0,8.89770656824112,144.88487243652344,1.7881393432617188e-07
0.6750000000000003,25,900,2,108,790,12,0,12,79.40784326195717,0.0,8.784784033894539,136.6573944091797,1.7881393432617188e-07
0.7000000000000003,25,829,2,106,721,10,0,10,72.8419326171279,0.0,8.824708051979542,129.1839141845703,1.7881393432617188e-07
0.7250000000000003,25,750,0,88,662,10,0,10,66.3849330842495,0.0,8.904556535184383,122.53543853759766,1.7881393432617188e-07
0.7500000000000003,25,663,0,72,591,13,0,13,58.75477001070976,0.0,8.744859673082829,113.20357513427734,1.7881393432617188e-07
0.7750000000000004,25,614,0,65,549,8,0,8,54.76788172125816,0.0,8.688398510217667,100.95384979248047,1.7881393432617188e-07
0.8000000000000004,25,583,0,72,511,8,0,8,51.468944683671,0.0,8.80817099660635,86.81302642822266,1.7881393432617188e-07
0.8250000000000004,25,561,0,83,478,9,0,9,48.63145051151514,0.0,8.888019472360611,72.73454284667969,1.7881393432617188e-07
0.8500000000000004,25,495,0,76,419,7,0,7,42.8575571924448,0.0,8.735172547399998,68.7545394897461,1.7881393432617188e-07
0.8750000000000004,25,428,0,64,364,6,0,6,37.11763445287943,0.0,8.366167835891247,66.01624298095703,1.7881393432617188e-07
0.9000000000000005,25,347,0,50,297,5,0,5,30.169019035995007,0.0,8.2532449811697,61.21565628051758,1.7881393432617188e-07
0.9250000000000005,25,318,0,46,272,4,0,4,27.66783830523491,0.0,8.180246353149414,56.38828659057617,1.7881393432617188e-07
0.9500000000000005,25,299,0,57,242,4,0,4,25.243669144809246,0.0,7.698318853974342,54.31763458251953,1.7881393432617188e-07
0.9750000000000005,25,263,0,51,212,4,0,4,22.169019125401974,0.0,7.289389573037624,53.02962875366211,1.7881393432617188e-07
1.0000000000000004,25,201,0,44,157,4,0,4,16.616127409040928,0.0,6.638077862560749,52.4979362487793,1.7881393432617188e-07
1.0250000000000004,25,142,2,30,110,2,0,2,11.715443663299084,0.0,5.9516856148839,52.03446960449219,1.7881393432617188e-07
1.0500000000000003,25,115,2,23,90,2,0,2,9.508263409137726,0.0,4.884594738483429,52.136138916015625,1.7881393432617188e-07
1.0750000000000002,25,83,1,18,64,2,0,2,6.790924787521362,0.0,3.415424458682537,52.27925491333008,1.7881393432617188e-07
1.1,25,32,1,5,26,1,0,1,2.6491837352514267,0.0,2.6491837352514267,52.31442642211914,1.7881393432617188e-07
1.125,25,0,0,0,0,0,0,0,0.0,0.0,0.0,52.37922668457031,1.7881393432617188e-07
1.15,25,0,0,0,0,0,0,0,0.0,0.0,0.0,52.20198440551758,1.7881393432617188e-07
1.1749999999999998,25,0,0,0,0,0,0,0,0.0,0.0,0.0,51.87027359008789,1.7881393432617188e-07
1.1999999999999997,25,0,0,0,0,0,0,0,0.0,0.0,0.0,51.34904098510742,1.7881393432617188e-07
1.2249999999999996,25,0,0,0,0,0,0,0,0.0,0.0,0.0,50.69452667236328,1.7881393432617188e-07
1.2499999999999996,25,0,0,0,0,0,0,0,0.0,0.0,0.0,49.87422561645508,1.7881393432617188e-07
1.2749999999999995,25,0,0,0,0,0,0,0,0.0,0.0,0.0,48.940696716308594,1.7881393432617188e-07
1.2999999999999994,25,0,0,0,0,0,0,0,0.0,0.0,0.0,48.37628173828125,1.7881393432617188e-07
1.3249999999999993,25,0,0,0,0,0,0,0,0.0,0.0,0.0,48.21895217895508,1.7881393432617188e-07
1.3499999999999992,25,0,0,0,0,0,0,0,0.0,0.0,0.0,47.954471588134766,1.7881393432617188e-07
1.3749999999999991,25,0,0,0,0,0,0,0,0.0,0.0,0.0,47.683589935302734,1.7881393432617188e-07
1.399999999999999,25,0,0,0,0,0,0,0,0.0,0.0,0.0,48.08000564575195,1.7881393432617188e-07
1.424999999999999,25,0,0,0,0,0,0,0,0.0,0.0,0.0,48.33932876586914,1.7881393432617188e-07
1.4499999999999988,25,0,0,0,0,0,0,0,0.0,0.0,0.0,48.41728973388672,1.7881393432617188e-07
1.4749999999999988,25,0,0,0,0,0,0,0,0.0,0.0,0.0,48.35990524291992,1.7881393432617188e-07
1.4999999999999987,25,0,0,0,0,0,0,0,0.0,0.0,0.0,48.144691467285156,1.7881393432617188e-07
1.5249999999999986,25,0,0,0,0,0,0,0,0.0,0.0,0.0,47.78196334838867,1.7881393432617188e-07
1.5499999999999985,25,0,0,0,0,0,0,0,0.0,0.0,0.0,47.308692932128906,1.7881393432617188e-07
1.5749999999999984,25,0,0,0,0,0,0,0,0.0,0.0,0.0,46.69978713989258,1.7881393432617188e-07
1.5999999999999983,25,0,0,0,0,0,0,0,0.0,0.0,0.0,45.97508239746094,1.7881393432617188e-07
1.6249999999999982,25,0,0,0,0,0,0,0,0.0,0.0,0.0,45.14958953857422,1.7881393432617188e-07
1.6499999999999981,25,0,0,0,0,0,0,0,0.0,0.0,0.0,44.24342727661133,1.7881393432617188e-07
1.674999999999998,25,0,0,0,0,0,0,0,0.0,0.0,0.0,43.63527297973633,1.7881393432617188e-07
1.699999999999998,25,42,0,13,29,2,0,2,3.149654820561409,0.0,3.081499993801117,43.45893478393555,1.7881393432617188e-07
1.7249999999999979,25,128,0,20,108,3,0,3,10.94719660282135,0.0,4.600281670689583,43.2103157043457,1.7881393432617188e-07
1.7499999999999978,25,150,0,26,124,3,0,3,12.75714085996151,0.0,5.564136981964111,42.99897766113281,1.7881393432617188e-07
1.7749999999999977,25,178,0,35,143,3,0,3,14.947783946990967,0.0,6.687689207494259,43.01996994018555,1.7881393432617188e-07
1.7999999999999976,25,249,0,51,198,6,0,6,20.626850441098213,0.0,7.40231229364872,44.12431716918945,1.7881393432617188e-07
1.8249999999999975,25,363,0,67,296,6,0,6,30.683189943432808,0.0,7.787854418158531,44.01141357421875,1.7881393432617188e-07
1.8499999999999974,25,385,0,56,329,6,0,6,33.48120781779289,0.0,8.07701100409031,42.94526290893555,1.7881393432617188e-07
1.8749999999999973,25,412,0,57,355,6,0,6,35.99892546981573,0.0,8.678711339831352,44.44820022583008,1.7881393432617188e-07
1.8999999999999972,25,501,0,71,430,7,0,7,43.63393312692642,0.0,8.98440496623516,46.49465560913086,1.7881393432617188e-07
1.9249999999999972,25,592,0,84,508,8,0,8,51.77180125564337,0.0,9.034016691148281,51.45515823364258,1.7881393432617188e-07
1.949999999999997,25,613,0,69,544,8,0,8,54.502111718058586,0.0,8.954168163239956,57.81770324707031,1.7881393432617188e-07
1.974999999999997,25,636,0,69,567,8,0,8,56.66251787543297,0.0,8.994092494249344,63.93919372558594,1.7881393432617188e-07
1.999999999999997,25,706,0,81,625,9,0,9,62.60735462605953,0.0,9.193713463842869,71.0444564819336,1.7881393432617188e-07
0.0,26,0,0,0,0,0,0,0,0.0,0.0,0.0,61.67957305908203,1.7881393432617188e-07
0.025,26,0,0,0,0,0,0,0,0.0,0.0,0.0,61.505760192871094,1.7881393432617188e-07
0.05,26,14,0,3,11,1,0,1,1.1118586882948875,0.0,1.1118586882948875,61.67844009399414,1.7881393432617188e-07
0.07500000000000001,26,69,0,10,59,2,0,2,5.893217824399471,0.0,3.0347258672118187,61.767486572265625,1.7881393432617188e-07
0.1,26,97,0,14,83,2,0,2,8.366167612373829,0.0,4.191352382302284,61.50752258300781,1.7881393432617188e-07
0.125,26,151,0,25,126,3,0,3,12.90998774021864,0.0,5.274980515241623,61.47101974487305,1.7881393432617188e-07
0.15,26,208,0,24,184,4,0,4,18.307578653097153,0.0,5.949679337441921,61.42399215698242,1.7881393432617188e-07
0.175,26,243,0,24,219,4,0,4,21.681072019040585,0.0,6.6243778839707375,62.45970916748047,1.7881393432617188e-07
0.19999999999999998,26,280,0,24,256,4,0,4,25.247337132692337,0.0,7.219228461384773,61.61888885498047,1.7881393432617188e-07
0.22499999999999998,26,319,0,35,284,4,0,4,28.413529098033905,0.0,7.70115602761507,60.80674362182617,1.7881393432617188e-07
0.24999999999999997,26,431,2,51,378,6,0,6,37.999634735286236,0.0,7.933851145207882,64.9840087890625,1.7881393432617188e-07
0.27499999999999997,26,467,2,46,419,6,0,6,41.72359073907137,0.0,8.143159732222557,68.57362365722656,1.7881393432617188e-07
0.3,26,484,1,38,445,6,0,6,43.92675773054361,0.0,8.483934164047241,72.73204803466797,1.7881393432617188e-07
0.325,26,505,2,39,464,6,0,6,45.78146989643574,0.0,8.55208870768547,81.71513366699219,1.7881393432617188e-07
0.35000000000000003,26,604,1,54,549,8,0,8,54.425100699067116,0.0,8.54523877799511,94.76819610595703,1.7881393432617188e-07
0.37500000000000006,26,633,1,48,584,8,0,8,57.50258772075176,0.0,8.505314454436302,108.30445861816406,1.7881393432617188e-07
0.4000000000000001,26,659,3,47,609,10,0,10,59.787610687315464,0.0,8.545238725841045,121.93854522705078,1.7881393432617188e-07
0.4250000000000001,26,749,2,52,695,10,0,10,68.20823340117931,0.0,8.5452386662364,134.69798278808594,1.7881393432617188e-07
0.4500000000000001,26,810,2,54,754,12,0,12,73.86018141359091,0.0,8.625087104737759,145.01182556152344,1.7881393432617188e-07
0.47500000000000014,26,896,4,64,828,12,0,12,81.4496903643012,0.0,8.545238614082336,152.0101318359375,1.7881393432617188e-07
0.5000000000000001,26,957,4,71,882,12,0,12,86.90619672089815,0.0,8.625087216496468,155.65948486328125,1.7881393432617188e-07
0.5250000000000001,26,1013,5,75,933,14,0,14,91.800478361547,0.0,8.60170005261898,158.09034729003906,1.7881393432617188e-07
0.5500000000000002,26,1039,5,64,970,14,0,14,94.89934662729502,0.0,8.658161282539368,158.7183074951172,1.7881393432617188e-07
0.5750000000000002,26,1039,3,78,958,13,0,13,94.37465719133615,0.0,8.81785812228918,158.20828247070312,1.7881393432617188e-07
0.6000000000000002,26,1024,2,82,940,13,0,13,92.73125968873501,0.0,8.857782386243343,156.17770385742188,1.7881393432617188e-07
0.6250000000000002,26,969,3,76,890,12,0,12,87.80874755233526,0.0,8.69808542728424,152.30027770996094,1.7881393432617188e-07
0.6500000000000002,26,897,2,54,841,12,0,12,82.16759926080704,0.0,8.601699985563755,147.5145721435547,1.7881393432617188e-07
0.6750000000000003,26,793,2,39,752,11,0,11,73.08680863678455,0.0,8.46539032459259,141.8808135986328,1.7881393432617188e-07
0.7000000000000003,26,759,2,44,713,10,0,10,69.62377970665693,0.0,8.625087171792984,133.52052307128906,1.7881393432617188e-07
0.7250000000000003,26,720,3,51,666,10,0,10,65.44128329306841,0.0,8.58516289293766,122.2055435180664,1.7881393432617188e-07
0.7500000000000003,26,665,3,57,605,9,0,9,59.92592640221119,0.0,8.6250871270895,108.78353118896484,1.7881393432617188e-07
0.7750000000000004,26,629,2,60,567,8,0,8,56.38304843753576,0.0,8.585162930190563,94.35778045654297,1.7881393432617188e-07
0.8000000000000004,26,588,1,59,528,8,0,8,52.71310040354729,0.0,8.505314499139786,82.85380554199219,1.7881393432617188e-07
0.8250000000000004,26,509,2,43,464,7,0,7,45.90124278515577,0.0,8.39239190518856,76.30107879638672,1.7881393432617188e-07
0.8500000000000004,26,472,2,44,426,6,0,6,42.318440429866314,0.0,8.455703116953373,68.46405029296875,1.7881393432617188e-07
0.8750000000000004,26,423,2,50,371,7,0,7,37.21685663610697,0.0,8.262932315468788,61.77802658081055,1.7881393432617188e-07
0.9000000000000005,26,389,0,54,335,5,0,5,33.99136607348919,0.0,8.006850026547909,56.71405029296875,1.7881393432617188e-07
0.9250000000000005,26,359,0,54,305,5,0,5,31.099800147116184,0.0,7.468460775911808,56.55698013305664,1.7881393432617188e-07
0.9500000000000005,26,294,0,38,256,5,0,5,25.738121196627617,0.0,7.003070153295994,55.06488800048828,1.7881393432617188e-07
0.9750000000000005,26,238,0,34,204,4,0,4,20.63453145325184,0.0,6.66430252045393,54.57909393310547,1.7881393432617188e-07
1.0000000000000004,26,169,0,23,146,3,0,3,14.757850743830204,0.0,6.097682602703571,54.4975700378418,1.7881393432617188e-07
1.0250000000000004,26,149,0,22,127,3,0,3,12.88660104572773,0.0,5.371366068720818,54.41987609863281,1.7881393432617188e-07
1.0500000000000003,26,120,0,23,97,3,0,3,10.062741681933403,0.0,4.7269042283296585,53.9376335144043,1.7881393432617188e-07
1.0750000000000002,26,62,1,12,49,2,0,2,5.161609664559364,0.0,3.34041965007782,52.9803581237793,1.7881393432617188e-07
1.1,26,22,1,2,19,1,0,1,1.854712352156639,0.0,1.854712352156639,51.96757125854492,1.7881393432617188e-07
1.125,26,0,0,0,0,0,0,0,0.0,0.0,0.0,51.118900299072266,1.7881393432617188e-07
1.15,26,0,0,0,0,0,0,0,0.0,0.0,0.0,51.11588668823242,1.7881393432617188e-07
1.1749999999999998,26,0,0,0,0,0,0,0,0.0,0.0,0.0,50.96841812133789,1.7881393432617188e-07
1.1999999999999997,26,0,0,0,0,0,0,0,0.0,0.0,0.0,50.659088134765625,1.7881393432617188e-07
1.2249999999999996,26,0,0,0,0,0,0,0,0.0,0.0,0.0,50.21723937988281,1.7881393432617188e-07
1.2499999999999996,26,0,0,0,0,0,0,0,0.0,0.0,0.0,49.78632736206055,1.7881393432617188e-07
1.2749999999999995,26,0,0,0,0,0,0,0,0.0,0.0,0.0,49.348297119140625,1.7881393432617188e-07
1.2999999999999994,26,0,0,0,0,0,0,0,0.0,0.0,0.0,49.024497985839844,1.7881393432617188e-07
1.3249999999999993,26,0,0,0,0,0,0,0,0.0,0.0,0.0,48.92074966430664,1.7881393432617188e-07
1.3499999999999992,26,0,0,0,0,0,0,0,0.0,0.0,0.0,49.04303741455078,1.7881393432617188e-07
1.3749999999999991,26,0,0,0,0,0,0,0,0.0,0.0,0.0,49.06734085083008,1.7881393432617188e-07
1.399999999999999,26,0,0,0,0,0,0,0,0.0,0.0,0.0,48.92752456665039,1.7881393432617188e-07
1.424999999999999,26,0,0,0,0,0,0,0,0.0,0.0,0.0,48.63869094848633,1.7881393432617188e-07
1.4499999999999988,26,0,0,0,0,0,0,0,0.0,0.0,0.0,48.2289924621582,1.7881393432617188e-07
1.4749999999999988,26,0,0,0,0,0,0,0,0.0,0.0,0.0,47.836063385009766,1.7881393432617188e-07
1.4999999999999987,26,0,0,0,0,0,0,0,0.0,0.0,0.0,47.61115646362305,1.7881393432617188e-07
1.5249999999999986,26,0,0,0,0,0,0,0,0.0,0.0,0.0,47.46629333496094,1.7881393432617188e-07
1.5499999999999985,26,0,0,0,0,0,0,0,0.0,0.0,0.0,47.21280288696289,1.7881393432617188e-07
1.5749999999999984,26,0,0,0,0,0,0,0,0.0,0.0,0.0,46.81010055541992,1.7881393432617188e-07
1.5999999999999983,26,0,0,0,0,0,0,0,0.0,0.0,0.0,46.35781478881836,1.7881393432617188e-07
1.6249999999999982,26,0,0,0,0,0,0,0,0.0,0.0,0.0,46.749088287353516,1.7881393432617188e-07
1.6499999999999981,26,0,0,0,0,0,0,0,0.0,0.0,0.0,46.965572357177734,1.7881393432617188e-07
1.674999999999998,26,2,0,1,1,1,0,1,0.06815487891435623,0.0,0.06815487891435623,47.05319595336914,1.7881393432617188e-07
1.699999999999998,26,52,0,10,42,2,0,2,4.282894365489483,0.0,2.348333641886711,47.0644645690918,1.7881393432617188e-07
1.7249999999999979,26,82,0,12,70,2,0,2,7.033307254314423,0.0,3.749348908662796,46.90056228637695,1.7881393432617188e-07
1.7499999999999978,26,114,0,18,96,2,0,2,9.778876423835754,0.0,4.912825182080269,46.58651351928711,1.7881393432617188e-07
1.7749999999999977,26,176,0,25,151,3,0,3,15.29139620065689,0.0,6.039215035736561,45.993770599365234,1.7881393432617188e-07
1.7999999999999976,26,268,0,42,226,4,0,4,23.102637507021427,0.0,6.948615171015263,45.51014709472656,1.7881393432617188e-07
1.8249999999999975,26,297,0,38,259,4,0,4,26.123662889003754,0.0,7.595083259046078,45.54825973510742,1.7881393432617188e-07
1.8499999999999974,26,324,0,40,284,4,0,4,28.584919184446335,0.0,7.997162498533726,45.528133392333984,1.7881393432617188e-07
1.8749999999999973,26,430,0,54,376,6,0,6,37.87501880526543,0.0,8.37585486471653,45.76380920410156,1.7881393432617188e-07
1.8999999999999972,26,489,0,64,425,6,0,6,43.02538239210844,0.0,8.62508687376976,47.73013687133789,1.7881393432617188e-07
1.9249999999999972,26,535,0,65,470,6,0,6,47.346195094287395,0.0,9.113864965736866,49.00631332397461,1.7881393432617188e-07
1.949999999999997,26,572,0,54,518,9,0,9,51.272608280181885,0.0,9.137251526117325,55.86479568481445,1.7881393432617188e-07
1.974999999999997,26,634,0,63,571,8,0,8,56.7802844569087,0.0,9.097328014671803,63.54946517944336,1.7881393432617188e-07
1.999999999999997,26,690,0,71,619,8,0,8,61.72618451714516,0.0,9.090478263795376,70.87564849853516,1.7881393432617188e-07
0.0,27,0,0,0,0,0,0,0,0.0,0.0,0.0,58.56466293334961,1.7881393432617188e-07
0.025,27,0,0,0,0,0,0,0,0.0,0.0,0.0,58.029422760009766,1.7881393432617188e-07
0.05,27,15,0,1,14,1,0,1,1.2929362952709198,0.0,1.2929362952709198,57.73853302001953,1.7881393432617188e-07
0.07500000000000001,27,78,0,22,56,2,0,2,6.111382342875004,0.0,3.671506829559803,57.997379302978516,1.7881393432617188e-07
0.1,27,111,0,35,76,2,0,2,8.755722358822823,0.0,4.682136245071888,58.97329330444336,1.7881393432617188e-07
0.125,27,190,2,54,134,4,0,4,14.99172119051218,0.0,5.669378906488419,59.54129409790039,1.7881393432617188e-07
0.15,27,246,2,42,202,4,0,4,20.981707729399204,0.0,6.450150549411774,59.534423828125,1.7881393432617188e-07
0.175,27,258,0,25,233,4,0,4,23.182868875563145,0.0,6.8171491622924805,58.49998474121094,1.7881393432617188e-07
0.19999999999999998,27,290,0,38,252,4,0,4,25.420733988285065,0.0,7.731393165886402,60.40969467163086,1.7881393432617188e-07
0.22499999999999998,27,338,1,54,283,5,0,5,29.131716810166836,0.0,8.00401235371828,63.356388092041016,1.7881393432617188e-07
0.24999999999999997,27,431,2,63,366,6,0,6,37.35032907128334,0.0,8.145165853202343,67.4766616821289,1.7881393432617188e-07
0.27499999999999997,27,476,1,57,418,6,0,6,42.0546777844429,0.0,8.399241909384727,70.95545959472656,1.7881393432617188e-07
0.3,27,480,1,32,447,6,0,6,43.823522083461285,0.0,8.432316206395626,74.06539916992188,1.7881393432617188e-07
0.325,27,529,1,48,480,7,0,7,47.57487754523754,0.0,8.784784018993378,82.6216812133789,1.7881393432617188e-07
0.35000000000000003,27,623,0,69,554,8,0,8,55.381275080144405,0.0,8.984405025839806,94.83818817138672,1.7881393432617188e-07
0.37500000000000006,27,662,2,72,588,8,0,8,58.998709946870804,0.0,8.848095118999481,110.91106414794922,1.7881393432617188e-07
0.4000000000000001,27,657,2,50,605,8,0,8,59.64645737409592,0.0,8.568625882267952,125.73590850830078,1.7881393432617188e-07
0.4250000000000001,27,696,3,36,657,10,0,10,63.918488658964634,0.0,8.545238681137562,137.87808227539062,1.7881393432617188e-07
0.4500000000000001,27,794,2,56,736,11,0,11,72.27981296926737,0.0,8.585162959992886,147.0386962890625,1.7881393432617188e-07
0.47500000000000014,27,906,1,82,823,12,0,12,81.5106126666069,0.0,8.728322446346283,154.29351806640625,1.7881393432617188e-07
0.5000000000000001,27,968,3,93,872,12,0,12,86.75251916050911,0.0,8.864632211625576,157.4319305419922,1.7881393432617188e-07
0.5250000000000001,27,1006,5,81,920,13,0,13,90.9958716109395,0.0,8.648474097251892,157.04295349121094,1.7881393432617188e-07
0.5500000000000002,27,1009,6,58,945,13,0,13,92.44293421506882,0.0,8.738009728491306,157.05564880371094,1.7881393432617188e-07
0.5750000000000002,27,1009,7,60,942,13,0,13,92.24531907588243,0.0,8.857782281935215,156.95526123046875,1.7881393432617188e-07
0.6000000000000002,27,1011,1,88,922,12,0,12,91.26409620046616,0.0,8.93763067573309,153.12425231933594,1.7881393432617188e-07
0.6250000000000002,27,984,3,93,888,12,0,12,88.26645692437887,0.0,9.017479158937931,152.90240478515625,1.7881393432617188e-07
0.6500000000000002,27,911,2,70,839,12,0,12,82.58538476377726,0.0,8.704935438930988,150.25584411621094,1.7881393432617188e-07
0.6750000000000003,27,810,0,47,763,12,0,12,74.26197845488787,0.0,8.625087171792984,144.15147399902344,1.7881393432617188e-07
0.7000000000000003,27,765,0,56,709,10,0,10,69.63747954368591,0.0,8.625087164342403,134.69161987304688,1.7881393432617188e-07
0.7250000000000003,27,744,1,71,672,10,0,10,66.71000110358,0.0,8.784783884882927,122.5768814086914,1.7881393432617188e-07
0.7500000000000003,27,703,1,78,624,10,0,10,62.36296423524618,0.0,8.904556587338448,108.90550994873047,1.7881393432617188e-07
0.7750000000000004,27,655,2,86,567,8,0,8,57.392846904695034,0.0,8.904556594789028,94.54507446289062,1.7881393432617188e-07
0.8000000000000004,27,548,2,57,489,8,0,8,48.941922426223755,0.0,8.60855007916689,85.65408325195312,1.7881393432617188e-07
0.8250000000000004,27,497,3,47,447,6,0,6,44.58692583441734,0.0,8.568625934422016,77.18054962158203,1.7881393432617188e-07
0.8500000000000004,27,487,0,56,431,6,0,6,43.25607172399759,0.0,8.575475841760635,67.84586334228516,1.7881393432617188e-07
0.8750000000000004,27,460,0,72,388,8,0,8,39.55751013755798,0.0,8.638787068426609,60.479373931884766,1.7881393432617188e-07
0.9000000000000005,27,345,0,53,292,5,0,5,29.975351460278034,0.0,8.213320642709732,56.8736457824707,1.7881393432617188e-07
0.9250000000000005,27,309,0,43,266,4,0,4,27.026213854551315,0.0,7.696312569081783,56.477420806884766,1.7881393432617188e-07
0.9500000000000005,27,287,0,36,251,4,0,4,25.24449986219406,0.0,7.242615647614002,54.93571090698242,1.7881393432617188e-07
0.9750000000000005,27,271,0,42,229,4,0,4,23.363563016057014,0.0,6.631228014826775,54.46296310424805,1.7881393432617188e-07
1.0000000000000004,27,218,0,47,171,6,0,6,17.94898771494627,0.0,6.219461478292942,54.51641082763672,1.7881393432617188e-07
1.0250000000000004,27,157,0,45,112,3,0,3,12.415535688400269,0.0,5.403609126806259,54.126949310302734,1.7881393432617188e-07
1.0500000000000003,27,118,2,36,80,2,0,2,9.119883686304092,0.0,4.647055521607399,53.63164520263672,1.7881393432617188e-07
1.0750000000000002,27,79,2,18,59,2,0,2,6.320690579712391,0.0,3.756198763847351,53.1166877746582,1.7881393432617188e-07
1.1,27,24,1,5,18,1,0,1,1.8780994266271591,0.0,1.8780994266271591,52.65049362182617,1.7881393432617188e-07
1.125,27,0,0,0,0,0,0,0,0.0,0.0,0.0,52.03080368041992,1.7881393432617188e-07
1.15,27,0,0,0,0,0,0,0,0.0,0.0,0.0,51.765384674072266,1.7881393432617188e-07
1.1749999999999998,27,0,0,0,0,0,0,0,0.0,0.0,0.0,51.93354415893555,1.7881393432617188e-07
1.1999999999999997,27,0,0,0,0,0,0,0,0.0,0.0,0.0,51.98103713989258,1.7881393432617188e-07
1.2249999999999996,27,0,0,0,0,0,0,0,0.0,0.0,0.0,52.146427154541016,1.7881393432617188e-07
1.2499999999999996,27,0,0,0,0,0,0,0,0.0,0.0,0.0,52.169403076171875,1.7881393432617188e-07
1.2749999999999995,27,0,0,0,0,0,0,0,0.0,0.0,0.0,52.00383758544922,1.7881393432617188e-07
1.2999999999999994,27,0,0,0,0,0,0,0,0.0,0.0,0.0,51.71395492553711,1.7881393432617188e-07
1.3249999999999993,27,0,0,0,0,0,0,0,0.0,0.0,0.0,51.236995697021484,1.7881393432617188e-07
1.3499999999999992,27,0,0,0,0,0,0,0,0.0,0.0,0.0,50.641693115234375,1.7881393432617188e-07
1.3749999999999991,27,0,0,0,0,0,0,0,0.0,0.0,0.0,49.84559631347656,1.7881393432617188e-07
1.399999999999999,27,0,0,0,0,0,0,0,0.0,0.0,0.0,48.93169021606445,1.7881393432617188e-07
1.424999999999999,27,0,0,0,0,0,0,0,0.0,0.0,0.0,47.85160827636719,1.7881393432617188e-07
1.4499999999999988,27,0,0,0,0,0,0,0,0.0,0.0,0.0,47.24705123901367,1.7881393432617188e-07
1.4749999999999988,27,0,0,0,0,0,0,0,0.0,0.0,0.0,46.92701721191406,1.7881393432617188e-07
1.4999999999999987,27,0,0,0,0,0,0,0,0.0,0.0,0.0,46.483665466308594,1.7881393432617188e-07
1.5249999999999986,27,0,0,0,0,0,0,0,0.0,0.0,0.0,46.035804748535156,1.7881393432617188e-07
1.5499999999999985,27,0,0,0,0,0,0,0,0.0,0.0,0.0,45.948829650878906,1.7881393432617188e-07
1.5749999999999984,27,0,0,0,0,0,0,0,0.0,0.0,0.0,46.1495246887207,1.7881393432617188e-07
1.5999999999999983,27,0,0,0,0,0,0,0,0.0,0.0,0.0,46.22032165527344,1.7881393432617188e-07
1.6249999999999982,27,0,0,0,0,0,0,0,0.0,0.0,0.0,46.107582092285156,1.7881393432617188e-07
1.6499999999999981,27,0,0,0,0,0,0,0,0.0,0.0,0.0,45.8365592956543,1.7881393432617188e-07
1.674999999999998,27,17,1,4,12,2,0,2,1.1917072460055351,0.0,0.8343955725431442,45.422752380371094,1.7881393432617188e-07
1.699999999999998,27,83,0,31,52,2,0,2,6.14161940664053,0.0,3.1778856217861176,44.98823547363281,1.7881393432617188e-07
1.7249999999999979,27,145,0,41,104,3,0,3,11.371831975877285,0.0,5.032597936689854,45.0799560546875,1.7881393432617188e-07
1.7499999999999978,27,182,1,35,146,3,0,3,15.276864744722843,0.0,6.116226002573967,45.1072883605957,1.7881393432617188e-07
1.7749999999999977,27,214,1,25,188,4,0,4,18.801198922097683,0.0,6.391682781279087,45.494815826416016,1.7881393432617188e-07
1.7999999999999976,27,267,0,46,221,4,0,4,22.780406408011913,0.0,7.009920231997967,45.68878173828125,1.7881393432617188e-07
1.8249999999999975,27,342,0,53,289,5,0,5,29.48947597295046,0.0,7.88423977047205,44.79352569580078,1.7881393432617188e-07
1.8499999999999974,27,412,0,68,344,6,0,6,35.406081557273865,0.0,8.349630430340767,43.66989517211914,1.7881393432617188e-07
1.8749999999999973,27,435,0,57,378,6,0,6,38.13110078126192,0.0,8.229857921600342,46.25958251953125,1.7881393432617188e-07
1.8999999999999972,27,459,0,56,403,6,0,6,40.61373823881149,0.0,8.592012867331505,49.01322937011719,1.7881393432617188e-07
1.9249999999999972,27,565,0,75,490,8,0,8,49.53683787584305,0.0,9.057403296232224,49.95025634765625,1.7881393432617188e-07
1.949999999999997,27,647,0,80,567,8,0,8,57.101684868335724,0.0,9.43810249119997,54.25487518310547,1.7881393432617188e-07
1.974999999999997,27,659,0,76,583,8,0,8,58.540618538856506,0.0,9.386484421789646,62.18479537963867,1.7881393432617188e-07
1.999999999999997,27,696,0,80,616,9,0,9,61.81288383156061,0.0,9.32317365705967,70.40514373779297,1.7881393432617188e-07
0.0,28,0,0,0,0,0,0,0,0.0,0.0,0.0,60.34078598022461,1.7881393432617188e-07
0.025,28,0,0,0,0,0,0,0,0.0,0.0,0.0,60.573158264160156,1.7881393432617188e-07
0.05,28,8,0,1,7,1,0,1,0.6182374954223633,0.0,0.6182374954223633,60.60320281982422,1.7881393432617188e-07
0.07500000000000001,28,83,0,14,69,2,0,2,7.045000858604908,0.0,3.613039180636406,60.41083908081055,1.7881393432617188e-07
0.1,28,123,0,24,99,3,0,3,10.239423371851444,0.0,5.185444615781307,59.771183013916016,1.7881393432617188e-07
0.125,28,165,0,31,134,3,0,3,13.864156372845173,0.0,6.036377631127834,59.52755355834961,1.7881393432617188e-07
0.15,28,205,0,34,171,4,0,4,17.453808084130287,0.0,6.494918070733547,61.4201545715332,1.7881393432617188e-07
0.175,28,254,0,34,220,4,0,4,22.204930514097214,0.0,6.697376556694508,62.335838317871094,1.7881393432617188e-07
0.19999999999999998,28,276,0,22,254,4,0,4,25.00294855237007,0.0,7.122842662036419,61.915855407714844,1.7881393432617188e-07
0.22499999999999998,28,307,0,30,277,4,0,4,27.51097921282053,0.0,7.604770712554455,61.426368713378906,1.7881393432617188e-07
0.24999999999999997,28,441,2,73,366,6,0,6,37.89027691632509,0.0,8.133472636342049,64.1537094116211,1.7881393432617188e-07
0.27499999999999997,28,497,1,79,417,6,0,6,42.83662385493517,0.0,8.342780485749245,68.64118194580078,1.7881393432617188e-07
0.3,28,497,1,53,443,6,0,6,44.304618522524834,0.0,8.432316213846207,75.30653381347656,1.7881393432617188e-07
0.325,28,534,1,47,486,7,0,7,48.197958163917065,0.0,8.784783944487572,81.87659454345703,1.7881393432617188e-07
0.35000000000000003,28,604,3,49,552,8,0,8,54.50979245454073,0.0,8.744859829545021,95.26766204833984,1.7881393432617188e-07
0.37500000000000006,28,663,2,78,583,8,0,8,58.6720836982131,0.0,8.528701566159725,110.43650817871094,1.7881393432617188e-07
0.4000000000000001,28,704,1,80,623,9,0,9,62.44281309098005,0.0,8.625087030231953,124.3519058227539,1.7881393432617188e-07
0.4250000000000001,28,741,2,63,676,10,0,10,66.9285496994853,0.0,8.369004875421524,136.1331024169922,1.7881393432617188e-07
0.4500000000000001,28,815,4,54,757,11,0,11,74.24744854867458,0.0,8.585162937641144,145.66488647460938,1.7881393432617188e-07
0.47500000000000014,28,877,4,52,821,12,0,12,80.32413233816624,0.0,8.585162967443466,151.1959991455078,1.7881393432617188e-07
0.5000000000000001,28,944,4,62,878,12,0,12,86.10487572103739,0.0,8.641624189913273,153.55455017089844,1.7881393432617188e-07
0.5250000000000001,28,988,5,67,916,12,0,12,90.00707095861435,0.0,8.73800964653492,154.30332946777344,1.7881393432617188e-07
0.5500000000000002,28,1034,2,80,952,14,0,14,93.68342098593712,0.0,8.665011323988438,157.09674072265625,1.7881393432617188e-07
0.5750000000000002,28,1037,4,79,954,13,0,13,94.01250237226486,0.0,8.738009713590145,157.46441650390625,1.7881393432617188e-07
0.6000000000000002,28,1002,5,65,932,13,0,13,91.37300629168749,0.0,8.777933955192566,157.7108917236328,1.7881393432617188e-07
0.6250000000000002,28,936,5,46,885,12,0,12,86.26540310680866,0.0,8.698085486888885,155.55027770996094,1.7881393432617188e-07
0.6500000000000002,28,891,4,47,840,12,0,12,81.87159261107445,0.0,8.56177582591772,150.44271850585938,1.7881393432617188e-07
0.6750000000000003,28,814,2,45,767,12,0,12,74.70398212969303,0.0,8.50531455129385,144.11224365234375,1.7881393432617188e-07
0.7000000000000003,28,746,3,46,697,11,0,11,68.10499781370163,0.0,8.625087060034275,134.8873291015625,1.7881393432617188e-07
0.7250000000000003,28,691,2,59,630,11,0,11,62.210948541760445,0.0,8.665011323988438,122.26126861572266,1.7881393432617188e-07
0.7500000000000003,28,652,1,57,594,8,0,8,58.85399238020182,0.0,8.585162907838821,107.44193267822266,1.7881393432617188e-07
0.7750000000000004,28,634,2,57,575,8,0,8,57.03436025232077,0.0,8.64162427932024,92.21060943603516,1.7881393432617188e-07
0.8000000000000004,28,585,4,50,531,8,0,8,52.6220051497221,0.0,8.528701581060886,84.3037109375,1.7881393432617188e-07
0.8250000000000004,28,501,1,47,453,7,0,7,44.960773929953575,0.0,8.55208883434534,77.89315795898438,1.7881393432617188e-07
0.8500000000000004,28,462,1,50,411,6,0,6,41.10050943493843,0.0,8.319393403828144,69.75479888916016,1.7881393432617188e-07
0.8750000000000004,28,436,1,56,379,6,0,6,38.339962124824524,0.0,8.086698479950428,62.96316146850586,1.7881393432617188e-07
0.9000000000000005,28,400,1,55,344,6,0,6,34.898759953677654,0.0,8.053623922169209,57.897377014160156,1.7881393432617188e-07
0.9250000000000005,28,323,0,44,279,4,0,4,28.262688763439655,0.0,7.7011560052633286,55.21943283081055,1.7881393432617188e-07
0.9500000000000005,28,290,0,37,253,4,0,4,25.477195084095,0.0,7.186154194176197,53.94364929199219,1.7881393432617188e-07
0.9750000000000005,28,245,0,29,216,4,0,4,21.619767233729362,0.0,6.7772249430418015,53.62934875488281,1.7881393432617188e-07
1.0000000000000004,28,191,0,27,164,4,0,4,16.556101344525814,0.0,6.295297108590603,53.236392974853516,1.7881393432617188e-07
1.0250000000000004,28,158,0,29,129,3,0,3,13.358841195702553,0.0,5.939991898834705,52.710182189941406,1.7881393432617188e-07
1.0500000000000003,28,129,3,27,99,3,0,3,10.507199376821518,0.0,5.260449513792992,52.39369583129883,1.7881393432617188e-07
1.0750000000000002,28,83,1,18,64,2,0,2,6.734463356435299,0.0,3.563427686691284,52.3853874206543,1.7881393432617188e-07
1.1,28,22,0,3,19,2,0,2,1.7583267912268639,0.0,1.043703831732273,52.08551788330078,1.7881393432617188e-07
1.125,28,0,0,0,0,0,0,0,0.0,0.0,0.0,51.55908966064453,1.7881393432617188e-07
1.15,28,0,0,0,0,0,0,0,0.0,0.0,0.0,50.92815399169922,1.7881393432617188e-07
1.1749999999999998,28,0,0,0,0,0,0,0,0.0,0.0,0.0,50.23116683959961,1.7881393432617188e-07
1.1999999999999997,28,0,0,0,0,0,0,0,0.0,0.0,0.0,50.46153259277344,1.7881393432617188e-07
1.2249999999999996,28,0,0,0,0,0,0,0,0.0,0.0,0.0,50.545997619628906,1.7881393432617188e-07
1.2499999999999996,28,0,0,0,0,0,0,0,0.0,0.0,0.0,50.49103927612305,1.7881393432617188e-07
1.2749999999999995,28,0,0,0,0,0,0,0,0.0,0.0,0.0,50.262428283691406,1.7881393432617188e-07
1.2999999999999994,28,0,0,0,0,0,0,0,0.0,0.0,0.0,49.92970275878906,1.7881393432617188e-07
1.3249999999999993,28,0,0,0,0,0,0,0,0.0,0.0,0.0,49.4231071472168,1.7881393432617188e-07
1.3499999999999992,28,0,0,0,0,0,0,0,0.0,0.0,0.0,48.84199142456055,1.7881393432617188e-07
1.3749999999999991,28,0,0,0,0,0,0,0,0.0,0.0,0.0,48.07410430908203,1.7881393432617188e-07
1.399999999999999,28,0,0,0,0,0,0,0,0.0,0.0,0.0,47.50363540649414,1.7881393432617188e-07
1.424999999999999,28,0,0,0,0,0,0,0,0.0,0.0,0.0,47.67593765258789,1.7881393432617188e-07
1.4499999999999988,28,0,0,0,0,0,0,0,0.0,0.0,0.0,47.74689865112305,1.7881393432617188e-07
1.4749999999999988,28,0,0,0,0,0,0,0,0.0,0.0,0.0,47.69683837890625,1.7881393432617188e-07
1.4999999999999987,28,0,0,0,0,0,0,0,0.0,0.0,0.0,47.53614807128906,1.7881393432617188e-07
1.5249999999999986,28,0,0,0,0,0,0,0,0.0,0.0,0.0,47.264976501464844,1.7881393432617188e-07
1.5499999999999985,28,0,0,0,0,0,0,0,0.0,0.0,0.0,46.89627456665039,1.7881393432617188e-07
1.5749999999999984,28,0,0,0,0,0,0,0,0.0,0.0,0.0,46.43288040161133,1.7881393432617188e-07
1.5999999999999983,28,0,0,0,0,0,0,0,0.0,0.0,0.0,45.87009048461914,1.7881393432617188e-07
1.6249999999999982,28,0,0,0,0,0,0,0,0.0,0.0,0.0,46.057071685791016,1.7881393432617188e-07
1.6499999999999981,28,0,0,0,0,0,0,0,0.0,0.0,0.0,46.18375778198242,1.7881393432617188e-07
1.674999999999998,28,0,0,0,0,0,0,0,0.0,0.0,0.0,46.16971206665039,1.7881393432617188e-07
1.699999999999998,28,45,0,7,38,3,0,3,3.709424704313278,0.0,1.9676350802183151,46.09449768066406,1.7881393432617188e-07
1.7249999999999979,28,93,0,10,83,2,0,2,8.2064710855484,0.0,4.111504070460796,45.853511810302734,1.7881393432617188e-07
1.7499999999999978,28,123,0,19,104,2,0,2,10.618115596473217,0.0,5.519369177520275,45.469783782958984,1.7881393432617188e-07
1.7749999999999977,28,249,0,50,199,4,0,4,20.819621086120605,0.0,6.494918145239353,44.805328369140625,1.7881393432617188e-07
1.7999999999999976,28,296,0,60,236,4,0,4,25.067434884607792,0.0,7.232928328216076,44.40365219116211,1.7881393432617188e-07
1.8249999999999975,28,327,0,53,274,5,0,5,28.49538441747427,0.0,7.964088603854179,44.06197738647461,1.7881393432617188e-07
1.8499999999999974,28,390,2,56,332,5,0,5,34.14421230554581,0.0,8.241551525890827,43.59065628051758,1.7881393432617188e-07
1.8749999999999973,28,470,2,69,399,6,0,6,40.77059768885374,0.0,8.55893924832344,45.20271682739258,1.7881393432617188e-07
1.8999999999999972,28,521,2,83,436,6,0,6,44.92403098195791,0.0,8.784783892333508,45.297481536865234,1.7881393432617188e-07
1.9249999999999972,28,561,0,82,479,7,0,7,48.82422149926424,0.0,9.05740362405777,50.3861198425293,1.7881393432617188e-07
1.949999999999997,28,580,0,66,514,7,0,7,51.58715979009867,0.0,9.090478241443634,57.397789001464844,1.7881393432617188e-07
1.974999999999997,28,639,0,62,577,8,0,8,57.37513590604067,0.0,9.30663637816906,63.0881462097168,1.7881393432617188e-07
1.999999999999997,28,702,0,81,621,9,0,9,62.25004271417856,0.0,9.482870258390903,68.87921142578125,1.7881393432617188e-07
0.0,29,0,0,0,0,0,0,0,0.0,0.0,0.0,59.35902404785156,1.7881393432617188e-07
0.025,29,0,0,0,0,0,0,0,0.0,0.0,0.0,58.893497467041016,1.7881393432617188e-07
0.05,29,0,0,0,0,0,0,0,0.0,0.0,0.0,58.490379333496094,1.7881393432617188e-07
0.07500000000000001,29,71,1,7,63,2,0,2,6.22714226692915,0.0,3.255727671086788,58.62054443359375,1.7881393432617188e-07
0.1,29,99,0,13,86,2,0,2,8.615399897098541,0.0,4.327662020921707,58.886077880859375,1.7881393432617188e-07
0.125,29,143,0,24,119,3,0,3,12.167134255170822,0.0,5.667372435331345,59.351318359375,1.7881393432617188e-07
0.15,29,206,0,37,169,4,0,4,17.465501733124256,0.0,6.53484233468771,59.36322784423828,1.7881393432617188e-07
0.175,29,247,0,29,218,4,0,4,21.840769179165363,0.0,6.817149259150028,59.92559814453125,1.7881393432617188e-07
0.19999999999999998,29,276,0,25,251,4,0,4,24.805333487689495,0.0,7.04299434274435,60.262229919433594,1.7881393432617188e-07
0.22499999999999998,29,308,0,29,279,4,0,4,27.692056499421597,0.0,7.564846336841583,59.97359085083008,1.7881393432617188e-07
0.24999999999999997,29,391,1,41,349,8,0,8,34.62897802889347,0.0,8.070161201059818,63.542236328125,1.7881393432617188e-07
0.27499999999999997,29,455,4,47,404,6,0,6,40.594746977090836,0.0,8.382705070078373,67.4204330444336,1.7881393432617188e-07
0.3,29,484,1,44,439,6,0,6,43.55975876748562,0.0,8.59201281517744,73.71908569335938,1.7881393432617188e-07
0.325,29,542,1,47,494,8,0,8,48.78796551376581,0.0,8.704935349524021,81.90178680419922,1.7881393432617188e-07
0.35000000000000003,29,614,0,55,559,8,0,8,55.38850877434015,0.0,8.665011368691921,93.35489654541016,1.7881393432617188e-07
0.37500000000000006,29,664,0,59,605,9,0,9,59.829540602862835,0.0,8.744859732687473,106.20654296875,1.7881393432617188e-07
0.4000000000000001,29,722,1,55,666,10,0,10,65.49290026724339,0.0,8.784783840179443,119.7447509765625,1.7881393432617188e-07
0.4250000000000001,29,750,3,49,698,10,0,10,68.38931081444025,0.0,8.744859762489796,132.58551025390625,1.7881393432617188e-07
0.4500000000000001,29,838,1,64,773,12,0,12,76.05739273130894,0.0,8.585162997245789,143.4256134033203,1.7881393432617188e-07
0.47500000000000014,29,921,0,81,840,12,0,12,83.0693191960454,0.0,8.545238688588142,151.31288146972656,1.7881393432617188e-07
0.5000000000000001,29,960,1,78,881,12,0,12,86.91304691880941,0.0,8.761396870017052,156.18734741210938,1.7881393432617188e-07
0.5250000000000001,29,998,6,77,915,13,0,13,90.2816972732544,0.0,8.761396817862988,159.3063201904297,1.7881393432617188e-07
0.5500000000000002,29,1048,5,73,970,14,0,14,95.28689563274384,0.0,8.681548424065113,160.0182342529297,1.7881393432617188e-07
0.5750000000000002,29,1041,3,67,971,14,0,14,95.09211732447147,0.0,8.777933798730373,158.48182678222656,1.7881393432617188e-07
0.6000000000000002,29,1002,1,68,933,14,0,14,91.33308181166649,0.0,8.81785799562931,155.23703002929688,1.7881393432617188e-07
0.6250000000000002,29,979,2,83,894,12,0,12,88.40560419857502,0.0,8.937630712985992,150.80519104003906,1.7881393432617188e-07
0.6500000000000002,29,940,3,90,847,12,0,12,84.22310817241669,0.0,8.801320903003216,146.0525360107422,1.7881393432617188e-07
0.6750000000000003,29,849,3,71,775,11,0,11,76.64940508455038,0.0,8.777933895587921,139.6080780029297,1.7881393432617188e-07
0.7000000000000003,29,765,3,44,718,10,0,10,70.17386231571436,0.0,8.545238763093948,130.85975646972656,1.7881393432617188e-07
0.7250000000000003,29,677,3,35,639,9,0,9,62.24001068621874,0.0,8.585162974894047,119.91981506347656,1.7881393432617188e-07
0.7500000000000003,29,668,2,68,598,9,0,9,59.65046966075897,0.0,8.881169453263283,107.379638671875,1.7881393432617188e-07
0.7750000000000004,29,647,0,80,567,8,0,8,57.12991522997618,0.0,8.784783959388733,94.65523529052734,1.7881393432617188e-07
0.8000000000000004,29,610,0,79,531,8,0,8,53.62011147290468,0.0,8.70493545383215,82.80801391601562,1.7881393432617188e-07
0.8250000000000004,29,508,0,48,460,7,0,7,45.71971741318703,0.0,8.404085740447044,74.97003936767578,1.7881393432617188e-07
0.8500000000000004,29,449,1,31,417,6,0,6,40.920262679457664,0.0,8.279469460248947,66.24542999267578,1.7881393432617188e-07
0.8750000000000004,29,433,1,42,390,6,0,6,38.75702012330294,0.0,8.19962103664875,60.16584014892578,1.7881393432617188e-07
0.9000000000000005,29,410,1,61,348,6,0,6,35.580308720469475,0.0,7.877389989793301,59.73390579223633,1.7881393432617188e-07
0.9250000000000005,29,343,0,54,289,5,0,5,29.641875758767128,0.0,7.548309437930584,57.392574310302734,1.7881393432617188e-07
0.9500000000000005,29,281,0,36,245,4,0,4,24.666186459362507,0.0,7.146229647099972,54.28815841674805,1.7881393432617188e-07
0.9750000000000005,29,233,0,22,211,4,0,4,20.858370542526245,0.0,6.737300805747509,53.67888641357422,1.7881393432617188e-07
1.0000000000000004,29,195,0,21,174,4,0,4,17.252180993556976,0.0,6.471530944108963,52.46123123168945,1.7881393432617188e-07
1.0250000000000004,29,157,0,29,128,4,0,4,13.137839771807194,0.0,6.0928390845656395,52.47939682006836,1.7881393432617188e-07
1.0500000000000003,29,114,1,21,92,2,0,2,9.58126176148653,0.0,5.0374414920806885,52.82148361206055,1.7881393432617188e-07
1.0750000000000002,29,81,1,14,66,2,0,2,6.795768462121487,0.0,3.765886142849922,53.10481262207031,1.7881393432617188e-07
1.1,29,12,1,2,9,2,0,2,0.822702094912529,0.0,0.4936212822794914,53.28989791870117,1.7881393432617188e-07
1.125,29,0,0,0,0,0,0,0,0.0,0.0,0.0,53.302547454833984,1.7881393432617188e-07
1.15,29,0,0,0,0,0,0,0,0.0,0.0,0.0,53.08827590942383,1.7881393432617188e-07
1.1749999999999998,29,0,0,0,0,0,0,0,0.0,0.0,0.0,52.72098159790039,1.7881393432617188e-07
1.1999999999999997,29,0,0,0,0,0,0,0,0.0,0.0,0.0,52.290714263916016,1.7881393432617188e-07
1.2249999999999996,29,0,0,0,0,0,0,0,0.0,0.0,0.0,51.78083419799805,1.7881393432617188e-07
1.2499999999999996,29,0,0,0,0,0,0,0,0.0,0.0,0.0,51.184173583984375,1.7881393432617188e-07
1.2749999999999995,29,0,0,0,0,0,0,0,0.0,0.0,0.0,50.5154914855957,1.7881393432617188e-07
1.2999999999999994,29,0,0,0,0,0,0,0,0.0,0.0,0.0,49.76485824584961,1.7881393432617188e-07
1.3249999999999993,29,0,0,0,0,0,0,0,0.0,0.0,0.0,49.660743713378906,1.7881393432617188e-07
1.3499999999999992,29,0,0,0,0,0,0,0,0.0,0.0,0.0,50.207130432128906,1.7881393432617188e-07
1.3749999999999991,29,0,0,0,0,0,0,0,0.0,0.0,0.0,50.610084533691406,1.7881393432617188e-07
1.399999999999999,29,0,0,0,0,0,0,0,0.0,0.0,0.0,50.86083984375,1.7881393432617188e-07
1.424999999999999,29,0,0,0,0,0,0,0,0.0,0.0,0.0,50.94968795776367,1.7881393432617188e-07
1.4499999999999988,29,0,0,0,0,0,0,0,0.0,0.0,0.0,50.90678405761719,1.7881393432617188e-07
1.4749999999999988,29,0,0,0,0,0,0,0,0.0,0.0,0.0,50.6864128112793,1.7881393432617188e-07
1.4999999999999987,29,0,0,0,0,0,0,0,0.0,0.0,0.0,50.31932067871094,1.7881393432617188e-07
1.5249999999999986,29,0,0,0,0,0,0,0,0.0,0.0,0.0,49.806461334228516,1.7881393432617188e-07
1.5499999999999985,29,0,0,0,0,0,0,0,0.0,0.0,0.0,49.13774490356445,1.7881393432617188e-07
1.5749999999999984,29,0,0,0,0,0,0,0,0.0,0.0,0.0,48.36062240600586,1.7881393432617188e-07
1.5999999999999983,29,0,0,0,0,0,0,0,0.0,0.0,0.0,47.45870590209961,1.7881393432617188e-07
1.6249999999999982,29,0,0,0,0,0,0,0,0.0,0.0,0.0,46.668941497802734,1.7881393432617188e-07
1.6499999999999981,29,0,0,0,0,0,0,0,0.0,0.0,0.0,46.503990173339844,1.7881393432617188e-07
1.674999999999998,29,0,0,0,0,0,0,0,0.0,0.0,0.0,46.252227783203125,1.7881393432617188e-07
1.699999999999998,29,69,1,9,59,2,0,2,5.921448931097984,0.0,3.1593421548604965,45.84733963012695,1.7881393432617188e-07
1.7249999999999979,29,112,1,23,88,2,0,2,9.247337721288204,0.0,4.736591778695583,45.24978256225586,1.7881393432617188e-07
1.7499999999999978,29,147,0,34,113,3,0,3,12.129216514527798,0.0,5.564137130975723,44.6158447265625,1.7881393432617188e-07
1.7749999999999977,29,229,0,51,178,5,0,5,19.04960060864687,0.0,6.391682550311089,44.07754135131836,1.7881393432617188e-07
1.7999999999999976,29,273,0,26,247,4,0,4,24.459715731441975,0.0,7.259152688086033,43.799468994140625,1.7881393432617188e-07
1.8249999999999975,29,311,1,36,274,4,0,4,27.50129161030054,0.0,7.5882333889603615,43.62529373168945,1.7881393432617188e-07
1.8499999999999974,29,383,0,69,314,5,0,5,32.566132724285126,0.0,8.213320583105087,43.15678405761719,1.7881393432617188e-07
1.8749999999999973,29,503,0,91,412,6,0,6,42.76563178002834,0.0,8.342780627310276,44.46591567993164,1.7881393432617188e-07
1.8999999999999972,29,525,0,77,448,6,0,6,45.70480314642191,0.0,8.749703422188759,45.20002746582031,1.7881393432617188e-07
1.9249999999999972,29,524,0,49,475,7,0,7,47.12118058651686,0.0,8.89770645648241,50.863487243652344,1.7881393432617188e-07
1.949999999999997,29,611,0,73,538,8,0,8,54.08349598944187,0.0,9.52279457449913,56.607826232910156,1.7881393432617188e-07
1.974999999999997,29,675,0,96,579,8,0,8,58.89709955453873,0.0,9.466333255171776,62.431270599365234,1.7881393432617188e-07
1.999999999999997,29,715,0,90,625,9,0,9,63.02313365787268,0.0,9.186863884329796,72.3818130493164,1.7881393432617188e-07
0.0,30,0,0,0,0,0,0,0,0.0,0.0,0.0,60.385772705078125,1.7881393432617188e-07
0.025,30,0,0,0,0,0,0,0,0.0,0.0,0.0,60.6037483215332,1.7881393432617188e-07
0.05,30,20,0,2,18,1,0,1,1.7184026390314102,0.0,1.7184026390314102,60.60655975341797,1.7881393432617188e-07
0.07500000000000001,30,69,0,14,55,2,0,2,5.695603094995022,0.0,3.0181887298822403,60.49281692504883,1.7881393432617188e-07
0.1,30,97,0,16,81,2,0,2,8.28147553652525,0.0,4.600281432271004,60.1974983215332,1.7881393432617188e-07
0.125,30,152,0,13,139,4,0,4,13.531062945723534,0.0,5.580674365162849,59.43357467651367,1.7881393432617188e-07
0.15,30,224,0,30,194,4,0,4,19.510978646576405,0.0,6.37514553964138,58.30290603637695,1.7881393432617188e-07
0.175,30,259,0,42,217,4,0,4,22.263397850096226,0.0,6.8171491548419,58.21249771118164,1.7881393432617188e-07
0.19999999999999998,30,280,0,39,241,4,0,4,24.40041707456112,0.0,7.378925107419491,61.074668884277344,1.7881393432617188e-07
0.22499999999999998,30,293,0,33,260,4,0,4,26.020427778363228,0.0,7.644694767892361,63.91360092163086,1.7881393432617188e-07
0.24999999999999997,30,423,0,40,383,6,0,6,37.93431677669287,0.0,7.870540082454681,65.10763549804688,1.7881393432617188e-07
0.27499999999999997,30,462,0,36,426,6,0,6,41.919198870658875,0.0,8.256082266569138,66.88065338134766,1.7881393432617188e-07
0.3,30,486,0,47,439,6,0,6,43.6396075412631,0.0,8.432315975427628,73.54840087890625,1.7881393432617188e-07
0.325,30,556,0,64,492,9,0,9,49.2505187317729,0.0,8.472240395843983,84.96138763427734,1.7881393432617188e-07
0.35000000000000003,30,613,2,53,558,8,0,8,55.2643408626318,0.0,8.392392039299011,96.8255615234375,1.7881393432617188e-07
0.37500000000000006,30,623,2,35,586,8,0,8,57.18803818523884,0.0,8.545238725841045,108.13469696044922,1.7881393432617188e-07
0.4000000000000001,30,677,5,36,636,9,0,9,62.12708801776171,0.0,8.585162915289402,119.98223114013672,1.7881393432617188e-07
0.4250000000000001,30,766,1,55,710,10,0,10,69.70563363283873,0.0,8.54523877799511,131.1697540283203,1.7881393432617188e-07
0.4500000000000001,30,827,3,69,755,11,0,11,74.69830723851919,0.0,8.545238688588142,140.63380432128906,1.7881393432617188e-07
0.47500000000000014,30,890,2,55,833,12,0,12,81.49245278537273,0.0,8.505314461886883,148.0666046142578,1.7881393432617188e-07
0.5000000000000001,30,939,2,51,886,12,0,12,86.35694555938244,0.0,8.561775729060173,153.81875610351562,1.7881393432617188e-07
0.5250000000000001,30,1000,4,48,948,14,0,14,92.10015341639519,0.0,8.561775833368301,158.68138122558594,1.7881393432617188e-07
0.5500000000000002,30,1034,4,57,973,14,0,14,94.86910931766033,0.0,8.641624234616756,161.16265869140625,1.7881393432617188e-07
0.5750000000000002,30,1045,3,66,976,14,0,14,95.50589042156935,0.0,8.698085442185402,161.01296997070312,1.7881393432617188e-07
0.6000000000000002,30,995,3,59,933,14,0,14,91.19431770592928,0.0,8.698085494339466,158.5188751220703,1.7881393432617188e-07
0.6250000000000002,30,937,2,42,893,12,0,12,86.67232667654753,0.0,8.561775803565979,153.48231506347656,1.7881393432617188e-07
0.6500000000000002,30,903,2,46,855,12,0,12,83.197603687644,0.0,8.561775833368301,146.2520294189453,1.7881393432617188e-07
0.6750000000000003,30,857,2,55,800,12,0,12,78.22748539596796,0.0,8.681548364460468,137.39588928222656,1.7881393432617188e-07
0.7000000000000003,30,770,0,46,724,10,0,10,70.65578915178776,0.0,8.505314506590366,127.28504943847656,1.7881393432617188e-07
0.7250000000000003,30,724,1,43,680,10,0,10,66.39143868535757,0.0,8.58516289293766,116.68526458740234,1.7881393432617188e-07
0.7500000000000003,30,667,1,45,621,10,0,10,60.78454011678696,0.0,8.505314536392689,105.65159606933594,1.7881393432617188e-07
0.7750000000000004,30,631,1,49,581,8,0,8,57.22512485831976,0.0,8.625087022781372,94.34325408935547,1.7881393432617188e-07
0.8000000000000004,30,593,2,47,544,8,0,8,53.84388576447964,0.0,8.488777466118336,83.05931091308594,1.7881393432617188e-07
0.8250000000000004,30,511,2,44,465,7,0,7,46.037552535533905,0.0,8.608549989759922,72.98117065429688,1.7881393432617188e-07
0.8500000000000004,30,495,2,53,440,7,0,7,43.959000550210476,0.0,8.512164503335953,64.57938385009766,1.7881393432617188e-07
0.8750000000000004,30,473,2,62,409,6,0,6,41.4549829736352,0.0,8.199620887637138,59.77731704711914,1.7881393432617188e-07
0.9000000000000005,30,351,0,42,309,7,0,7,31.010647535324097,0.0,8.006850086152554,58.199710845947266,1.7881393432617188e-07
0.9250000000000005,30,298,0,31,267,4,0,4,26.58704750984907,0.0,7.741080194711685,58.35777282714844,1.7881393432617188e-07
0.9500000000000005,30,272,1,32,239,4,0,4,23.99633150547743,0.0,7.078075006604195,58.651546478271484,1.7881393432617188e-07
0.9750000000000005,30,266,1,46,219,4,0,4,22.627559274435043,0.0,6.6029971688985825,56.81064987182617,1.7881393432617188e-07
1.0000000000000004,30,201,0,40,161,4,0,4,17.122935689985752,0.0,6.0061406791210175,55.371009826660156,1.7881393432617188e-07
1.0250000000000004,30,127,0,22,105,3,0,3,10.990620240569115,0.0,5.347978875041008,54.85793685913086,1.7881393432617188e-07
1.0500000000000003,30,104,1,15,88,2,0,2,8.956174470484257,0.0,4.713204339146614,54.369625091552734,1.7881393432617188e-07
1.0750000000000002,30,82,1,14,67,2,0,2,6.892153851687908,0.0,3.4601922780275345,53.3022346496582,1.7881393432617188e-07
1.1,30,20,1,5,14,2,0,2,1.480863742530346,0.0,0.9590118750929832,51.966148376464844,1.7881393432617188e-07
1.125,30,0,0,0,0,0,0,0,0.0,0.0,0.0,52.00139617919922,1.7881393432617188e-07
1.15,30,0,0,0,0,0,0,0,0.0,0.0,0.0,51.88454055786133,1.7881393432617188e-07
1.1749999999999998,30,0,0,0,0,0,0,0,0.0,0.0,0.0,51.58164978027344,1.7881393432617188e-07
1.1999999999999997,30,0,0,0,0,0,0,0,0.0,0.0,0.0,51.074729919433594,1.7881393432617188e-07
1.2249999999999996,30,0,0,0,0,0,0,0,0.0,0.0,0.0,50.44224166870117,1.7881393432617188e-07
1.2499999999999996,30,0,0,0,0,0,0,0,0.0,0.0,0.0,49.69435501098633,1.7881393432617188e-07
1.2749999999999995,30,0,0,0,0,0,0,0,0.0,0.0,0.0,50.078983306884766,1.7881393432617188e-07
1.2999999999999994,30,0,0,0,0,0,0,0,0.0,0.0,0.0,50.46923828125,1.7881393432617188e-07
1.3249999999999993,30,0,0,0,0,0,0,0,0.0,0.0,0.0,50.640098571777344,1.7881393432617188e-07
1.3499999999999992,30,0,0,0,0,0,0,0,0.0,0.0,0.0,50.685237884521484,1.7881393432617188e-07
1.3749999999999991,30,0,0,0,0,0,0,0,0.0,0.0,0.0,50.528106689453125,1.7881393432617188e-07
1.399999999999999,30,0,0,0,0,0,0,0,0.0,0.0,0.0,50.22318649291992,1.7881393432617188e-07
1.424999999999999,30,0,0,0,0,0,0,0,0.0,0.0,0.0,49.74351501464844,1.7881393432617188e-07
1.4499999999999988,30,0,0,0,0,0,0,0,0.0,0.0,0.0,49.240238189697266,1.7881393432617188e-07
1.4749999999999988,30,0,0,0,0,0,0,0,0.0,0.0,0.0,48.594329833984375,1.7881393432617188e-07
1.4999999999999987,30,0,0,0,0,0,0,0,0.0,0.0,0.0,47.81389236450195,1.7881393432617188e-07
1.5249999999999986,30,0,0,0,0,0,0,0,0.0,0.0,0.0,46.89198684692383,1.7881393432617188e-07
1.5499999999999985,30,0,0,0,0,0,0,0,0.0,0.0,0.0,46.73210906982422,1.7881393432617188e-07
1.5749999999999984,30,0,0,0,0,0,0,0,0.0,0.0,0.0,46.51713180541992,1.7881393432617188e-07
1.5999999999999983,30,0,0,0,0,0,0,0,0.0,0.0,0.0,46.19804763793945,1.7881393432617188e-07
1.6249999999999982,30,0,0,0,0,0,0,0,0.0,0.0,0.0,45.7879524230957,1.7881393432617188e-07
1.6499999999999981,30,0,0,0,0,0,0,0,0.0,0.0,0.0,45.28725814819336,1.7881393432617188e-07
1.674999999999998,30,15,0,2,13,2,0,2,1.1683200299739838,0.0,1.100165143609047,44.726600646972656,1.7881393432617188e-07
1.699999999999998,30,72,0,7,65,2,0,2,6.351758673787117,0.0,3.2041100487113,44.1295280456543,1.7881393432617188e-07
1.7249999999999979,30,93,0,11,82,2,0,2,8.150009468197823,0.0,4.2478137239813805,43.45634078979492,1.7881393432617188e-07
1.7499999999999978,30,157,0,20,137,3,0,3,13.798390872776508,0.0,5.484288677573204,43.11583709716797,1.7881393432617188e-07
1.7749999999999977,30,220,0,25,195,4,0,4,19.46420529484749,0.0,6.295297458767891,43.18754959106445,1.7881393432617188e-07
1.7999999999999976,30,268,1,39,228,4,0,4,23.2720208466053,0.0,6.913534566760063,43.34490966796875,1.7881393432617188e-07
1.8249999999999975,30,302,0,42,260,4,0,4,26.407976739108562,0.0,7.531772144138813,43.86747741699219,1.7881393432617188e-07
1.8499999999999974,30,346,0,41,305,5,0,5,30.58078556507826,0.0,8.070161156356335,44.33869552612305,1.7881393432617188e-07
1.8749999999999973,30,439,1,51,387,6,0,6,38.855412393808365,0.0,8.563782773911953,45.8164176940918,1.7881393432617188e-07
1.8999999999999972,30,486,0,56,430,6,0,6,43.13145552575588,0.0,8.817858628928661,46.73007583618164,1.7881393432617188e-07
1.9249999999999972,30,539,0,65,474,7,0,7,47.663583278656006,0.0,8.937631219625473,49.593868255615234,1.7881393432617188e-07
1.949999999999997,30,566,0,62,504,7,0,7,50.435376048088074,0.0,9.193713523447514,57.78596496582031,1.7881393432617188e-07
1.974999999999997,30,629,0,66,563,8,0,8,56.12897331267595,0.0,9.266712129116058,64.79542541503906,1.7881393432617188e-07
1.999999999999997,30,686,0,65,621,9,0,9,61.72373008728027,0.0,9.379634775221348,70.60244750976562,1.7881393432617188e-07
0.0,31,0,0,0,0,0,0,0,0.0,0.0,0.0,58.756492614746094,1.7881393432617188e-07
0.025,31,0,0,0,0,0,0,0,0.0,0.0,0.0,59.4755859375,1.7881393432617188e-07
0.05,31,2,0,1,1,1,0,1,0.06815484911203384,0.0,0.06815484911203384,60.05412673950195,1.7881393432617188e-07
0.07500000000000001,31,71,0,12,59,2,0,2,5.97306639701128,0.0,3.283958360552788,60.42525863647461,1.7881393432617188e-07
0.1,31,105,0,17,88,2,0,2,8.96786792576313,0.0,4.832976758480072,60.35901641845703,1.7881393432617188e-07
0.125,31,156,0,20,136,4,0,4,13.52137554436922,0.0,5.836756631731987,59.925479888916016,1.7881393432617188e-07
0.15,31,224,0,27,197,4,0,4,19.68036336451769,0.0,6.687689132988453,59.836647033691406,1.7881393432617188e-07
0.175,31,262,0,31,231,4,0,4,23.117168441414833,0.0,6.784075058996677,60.33767318725586,1.7881393432617188e-07
0.19999999999999998,31,291,0,38,253,4,0,4,25.545350082218647,0.0,7.226078324019909,61.766963958740234,1.7881393432617188e-07
0.22499999999999998,31,373,2,51,320,6,0,6,32.465735368430614,0.0,7.508385136723518,63.748287200927734,1.7881393432617188e-07
0.24999999999999997,31,429,3,41,385,6,0,6,38.34324622899294,0.0,7.877389997243881,64.05437469482422,1.7881393432617188e-07
0.27499999999999997,31,460,1,37,422,6,0,6,41.61350544542074,0.0,8.342780746519566,68.21711730957031,1.7881393432617188e-07
0.3,31,497,1,47,449,6,0,6,44.615156665444374,0.0,8.631937094032764,72.98040008544922,1.7881393432617188e-07
0.325,31,569,0,55,514,8,0,8,51.05160674452782,0.0,8.676704920828342,82.27885437011719,1.7881393432617188e-07
0.35000000000000003,31,617,0,54,563,8,0,8,55.706343948841095,0.0,8.665011301636696,96.12601470947266,1.7881393432617188e-07
0.37500000000000006,31,636,3,45,588,8,0,8,57.87643625587225,0.0,8.585162959992886,109.78653717041016,1.7881393432617188e-07
0.4000000000000001,31,674,3,45,626,11,0,11,61.24993195384741,0.0,8.704935662448406,122.12113189697266,1.7881393432617188e-07
0.4250000000000001,31,766,0,61,705,10,0,10,69.45155841112137,0.0,8.744859732687473,132.6279754638672,1.7881393432617188e-07
0.4500000000000001,31,826,2,72,752,10,0,10,74.47246192395687,0.0,8.744859643280506,142.64649963378906,1.7881393432617188e-07
0.47500000000000014,31,901,2,71,828,12,0,12,81.62152928858995,0.0,8.665011398494244,151.17958068847656,1.7881393432617188e-07
0.5000000000000001,31,944,4,69,871,12,0,12,85.7378768324852,0.0,8.665011338889599,156.62039184570312,1.7881393432617188e-07
0.5250000000000001,31,1001,3,81,917,13,0,13,90.51439259946346,0.0,8.721472628414631,159.0590057373047,1.7881393432617188e-07
0.5500000000000002,31,1049,2,97,950,13,0,13,94.26574733108282,0.0,8.897706538438797,159.01124572753906,1.7881393432617188e-07
0.5750000000000002,31,1048,5,95,948,14,0,14,94.07297640293837,0.0,8.937630787491798,159.0216064453125,1.7881393432617188e-07
0.6000000000000002,31,989,6,63,920,13,0,13,90.20468639582396,0.0,8.681548453867435,158.1916961669922,1.7881393432617188e-07
0.6250000000000002,31,933,4,46,883,12,0,12,85.94801615178585,0.0,8.681548431515694,154.79415893554688,1.7881393432617188e-07
0.6500000000000002,31,904,5,59,840,12,0,12,82.36237632483244,0.0,8.641624182462692,148.4502410888672,1.7881393432617188e-07
0.6750000000000003,31,868,3,87,778,11,0,11,77.60557986050844,0.0,8.744859635829926,139.51132202148438,1.7881393432617188e-07
0.7000000000000003,31,804,2,78,724,10,0,10,72.09745469689369,0.0,8.761396743357182,130.18214416503906,1.7881393432617188e-07
0.7250000000000003,31,733,1,64,668,10,0,10,66.07322055846453,0.0,8.681548312306404,119.9200439453125,1.7881393432617188e-07
0.7500000000000003,31,662,0,54,608,9,0,9,59.91907652467489,0.0,8.721472658216953,108.03746795654297,1.7881393432617188e-07
0.7750000000000004,31,623,1,55,567,8,0,8,56.22774790972471,0.0,8.817858010530472,95.21483612060547,1.7881393432617188e-07
0.8000000000000004,31,577,1,53,523,8,0,8,51.82269158214331,0.0,8.881169483065605,82.33052062988281,1.7881393432617188e-07
0.8250000000000004,31,532,1,59,472,7,0,7,47.2711897790432,0.0,8.961017824709415,74.28307342529297,1.7881393432617188e-07
0.8500000000000004,31,489,0,58,431,6,0,6,43.3359202966094,0.0,8.68839855492115,67.48731231689453,1.7881393432617188e-07
0.8750000000000004,31,456,0,56,400,6,0,6,40.21165906637907,0.0,8.28631941974163,64.2255859375,1.7881393432617188e-07
0.9000000000000005,31,372,0,47,325,6,0,6,32.679886393249035,0.0,7.81407867372036,59.134464263916016,1.7881393432617188e-07
0.9250000000000005,31,322,0,39,283,5,0,5,28.35222502797842,0.0,7.548309251666069,56.97473907470703,1.7881393432617188e-07
0.9500000000000005,31,276,0,37,239,4,0,4,24.12779761850834,0.0,7.458773642778397,55.17977523803711,1.7881393432617188e-07
0.9750000000000005,31,237,0,30,207,4,0,4,20.76399114727974,0.0,6.8736104518175125,55.46542739868164,1.7881393432617188e-07
1.0000000000000004,31,193,0,29,164,4,0,4,16.607719287276268,0.0,6.454993985593319,55.925785064697266,1.7881393432617188e-07
1.0250000000000004,31,148,1,22,125,3,0,3,12.677292838692665,0.0,5.667372412979603,55.45863342285156,1.7881393432617188e-07
1.0500000000000003,31,102,2,16,84,2,0,2,8.622249834239483,0.0,4.407510466873646,54.45988082885742,1.7881393432617188e-07
1.0750000000000002,31,71,1,17,53,2,0,2,5.718990333378315,0.0,3.102880798280239,53.490074157714844,1.7881393432617188e-07
1.1,31,12,0,1,11,1,0,1,1.003779612481594,0.0,1.003779612481594,52.600730895996094,1.7881393432617188e-07
1.125,31,0,0,0,0,0,0,0,0.0,0.0,0.0,51.6102294921875,1.7881393432617188e-07
1.15,31,0,0,0,0,0,0,0,0.0,0.0,0.0,50.45118713378906,1.7881393432617188e-07
1.1749999999999998,31,0,0,0,0,0,0,0,0.0,0.0,0.0,49.14278793334961,1.7881393432617188e-07
1.1999999999999997,31,0,0,0,0,0,0,0,0.0,0.0,0.0,48.71201705932617,1.7881393432617188e-07
1.2249999999999996,31,0,0,0,0,0,0,0,0.0,0.0,0.0,48.94575881958008,1.7881393432617188e-07
1.2499999999999996,31,0,0,0,0,0,0,0,0.0,0.0,0.0,49.236114501953125,1.7881393432617188e-07
1.2749999999999995,31,0,0,0,0,0,0,0,0.0,0.0,0.0,49.45103454589844,1.7881393432617188e-07
1.2999999999999994,31,0,0,0,0,0,0,0,0.0,0.0,0.0,49.59968566894531,1.7881393432617188e-07
1.3249999999999993,31,0,0,0,0,0,0,0,0.0,0.0,0.0,49.6915397644043,1.7881393432617188e-07
1.3499999999999992,31,0,0,0,0,0,0,0,0.0,0.0,0.0,49.68753433227539,1.7881393432617188e-07
1.3749999999999991,31,0,0,0,0,0,0,0,0.0,0.0,0.0,49.56480407714844,1.7881393432617188e-07
1.399999999999999,31,0,0,0,0,0,0,0,0.0,0.0,0.0,49.24489212036133,1.7881393432617188e-07
1.424999999999999,31,0,0,0,0,0,0,0,0.0,0.0,0.0,48.774330139160156,1.7881393432617188e-07
1.4499999999999988,31,0,0,0,0,0,0,0,0.0,0.0,0.0,48.14839553833008,1.7881393432617188e-07
1.4749999999999988,31,0,0,0,0,0,0,0,0.0,0.0,0.0,47.58504867553711,1.7881393432617188e-07
1.4999999999999987,31,0,0,0,0,0,0,0,0.0,0.0,0.0,47.765682220458984,1.7881393432617188e-07
1.5249999999999986,31,0,0,0,0,0,0,0,0.0,0.0,0.0,47.82196807861328,1.7881393432617188e-07
1.5499999999999985,31,0,0,0,0,0,0,0,0.0,0.0,0.0,47.75714874267578,1.7881393432617188e-07
1.5749999999999984,31,0,0,0,0,0,0,0,0.0,0.0,0.0,47.562076568603516,1.7881393432617188e-07
1.5999999999999983,31,0,0,0,0,0,0,0,0.0,0.0,0.0,47.25468826293945,1.7881393432617188e-07
1.6249999999999982,31,0,0,0,0,0,0,0,0.0,0.0,0.0,46.83523178100586,1.7881393432617188e-07
1.6499999999999981,31,0,0,0,0,0,0,0,0.0,0.0,0.0,46.33226013183594,1.7881393432617188e-07
1.674999999999998,31,36,0,7,29,2,0,2,2.9101097360253334,0.0,2.3201029300689697,45.73069381713867,1.7881393432617188e-07
1.699999999999998,31,77,0,10,67,2,0,2,6.692532740533352,0.0,3.4319615364074707,45.063716888427734,1.7881393432617188e-07
1.7249999999999979,31,95,0,13,82,2,0,2,8.2298578992486,0.0,4.520433165132999,44.34750747680664,1.7881393432617188e-07
1.7499999999999978,31,166,0,31,135,4,0,4,13.94884828478098,0.0,5.547599971294403,43.94995880126953,1.7881393432617188e-07
1.7749999999999977,31,246,1,42,203,4,0,4,21.00993812084198,0.0,6.431606963276863,43.852420806884766,1.7881393432617188e-07
1.7999999999999976,31,267,1,27,239,4,0,4,23.768479354679585,0.0,7.089768625795841,43.93174743652344,1.7881393432617188e-07
1.8249999999999975,31,301,0,34,267,4,0,4,26.706820517778397,0.0,7.468460746109486,44.06147384643555,1.7881393432617188e-07
1.8499999999999974,31,393,0,57,336,6,0,6,34.167600102722645,0.0,8.191939987242222,43.13923645019531,1.7881393432617188e-07
1.8749999999999973,31,453,0,70,383,6,0,6,39.21673519909382,0.0,8.815021045506,44.554840087890625,1.7881393432617188e-07
1.8999999999999972,31,496,0,70,426,6,0,6,43.333082512021065,0.0,8.728322565555573,49.132713317871094,1.7881393432617188e-07
1.9249999999999972,31,518,0,49,469,7,0,7,46.57109744846821,0.0,8.761396758258343,52.98733139038086,1.7881393432617188e-07
1.949999999999997,31,580,0,65,515,9,0,9,51.563323237001896,0.0,8.817858055233955,58.700355529785156,1.7881393432617188e-07
1.974999999999997,31,654,0,82,572,8,0,8,57.63522942364216,0.0,9.130402617156506,64.19010162353516,1.7881393432617188e-07
1.999999999999997,31,706,0,85,621,8,0,8,62.59081792086363,0.0,9.29494283348322,70.47258758544922,1.7881393432617188e-07
0.0,32,0,0,0,0,0,0,0,0.0,0.0,0.0,57.74917221069336,1.7881393432617188e-07
0.025,32,0,0,0,0,0,0,0,0.0,0.0,0.0,57.76081085205078,1.7881393432617188e-07
0.05,32,16,0,3,13,1,0,1,1.3046297878026962,0.0,1.3046297878026962,58.27354049682617,1.7881393432617188e-07
0.07500000000000001,32,67,0,13,54,2,0,2,5.587524086236954,0.0,2.813724108040333,58.45219802856445,1.7881393432617188e-07
0.1,32,99,0,17,82,2,0,2,8.41778539866209,0.0,4.536970309913158,58.2916374206543,1.7881393432617188e-07
0.125,32,136,0,23,113,4,0,4,11.593216516077518,0.0,5.416133835911751,58.59588623046875,1.7881393432617188e-07
0.15,32,200,1,28,171,4,0,4,17.338879466056824,0.0,6.238835893571377,58.9114875793457,1.7881393432617188e-07
0.175,32,248,0,26,222,4,0,4,22.05007742345333,0.0,6.930071771144867,60.11894226074219,1.7881393432617188e-07
0.19999999999999998,32,285,0,33,252,4,0,4,25.249343618750572,0.0,7.395462349057198,60.48579788208008,1.7881393432617188e-07
0.22499999999999998,32,315,0,38,277,4,0,4,27.83037270605564,0.0,7.781004637479782,62.565650939941406,1.7881393432617188e-07
0.24999999999999997,32,403,0,51,352,6,0,6,35.44199276715517,0.0,8.030236832797527,63.09033203125,1.7881393432617188e-07
0.27499999999999997,32,462,2,51,409,6,0,6,40.987586595118046,0.0,8.342780582606792,67.6324234008789,1.7881393432617188e-07
0.3,32,478,1,37,440,6,0,6,43.37667538970709,0.0,8.455703295767307,75.74887084960938,1.7881393432617188e-07
0.325,32,540,1,55,484,9,0,9,48.10357927531004,0.0,8.512164443731308,85.48713684082031,1.7881393432617188e-07
0.35000000000000003,32,588,1,48,539,8,0,8,53.16523929685354,0.0,8.4157789722085,98.16613006591797,1.7881393432617188e-07
0.37500000000000006,32,635,1,53,581,8,0,8,57.46951397508383,0.0,8.608550064265728,109.80228424072266,1.7881393432617188e-07
0.4000000000000001,32,672,3,40,629,9,0,9,61.53223726898432,0.0,8.556932523846626,122.64965057373047,1.7881393432617188e-07
0.4250000000000001,32,753,3,52,698,10,0,10,68.50908306986094,0.0,8.625087022781372,134.89752197265625,1.7881393432617188e-07
0.4500000000000001,32,819,2,65,752,11,0,11,74.15306822955608,0.0,8.585162907838821,144.1979522705078,1.7881393432617188e-07
0.47500000000000014,32,905,3,68,834,12,0,12,82.09176409244537,0.0,8.6250871270895,150.29002380371094,1.7881393432617188e-07
0.5000000000000001,32,930,3,39,888,12,0,12,86.13878153264523,0.0,8.505314528942108,153.51174926757812,1.7881393432617188e-07
0.5250000000000001,32,971,3,51,917,12,0,12,89.384820997715,0.0,8.681548371911049,157.91925048828125,1.7881393432617188e-07
0.5500000000000002,32,1004,2,67,935,13,0,13,91.62223848700523,0.0,8.698085509240627,161.7037811279297,1.7881393432617188e-07
0.5750000000000002,32,1012,4,69,939,13,0,13,92.19570834189653,0.0,8.585162907838821,162.6255645751953,1.7881393432617188e-07
0.6000000000000002,32,986,4,65,917,13,0,13,89.94376008212566,0.0,8.625087171792984,160.45156860351562,1.7881393432617188e-07
0.6250000000000002,32,958,2,72,884,12,0,12,87.00258228182793,0.0,8.58516290038824,155.01280212402344,1.7881393432617188e-07
0.6500000000000002,32,907,2,66,839,12,0,12,82.48214948177338,0.0,8.585162937641144,149.4550018310547,1.7881393432617188e-07
0.6750000000000003,32,814,2,44,768,12,0,12,74.7039819508791,0.0,8.585162930190563,142.61279296875,1.7881393432617188e-07
0.7000000000000003,32,743,1,41,701,10,0,10,68.30745570361614,0.0,8.625087082386017,132.59800720214844,1.7881393432617188e-07
0.7250000000000003,32,684,1,48,635,9,0,9,62.350095987319946,0.0,8.625087201595306,120.03295135498047,1.7881393432617188e-07
0.7500000000000003,32,662,0,59,603,8,0,8,59.733155608177185,0.0,8.625087082386017,106.03057098388672,1.7881393432617188e-07
0.7750000000000004,32,636,0,63,573,8,0,8,57.00128626078367,0.0,8.665011338889599,93.640380859375,1.7881393432617188e-07
0.8000000000000004,32,546,2,39,505,9,0,9,49.500581845641136,0.0,8.528701700270176,85.15178680419922,1.7881393432617188e-07
0.8250000000000004,32,471,4,24,443,6,0,6,43.26658972352743,0.0,8.37585474550724,77.11526489257812,1.7881393432617188e-07
0.8500000000000004,32,473,0,44,429,6,0,6,42.52774900943041,0.0,8.472240269184113,67.53923034667969,1.7881393432617188e-07
0.8750000000000004,32,454,0,64,390,6,0,6,39.651888854801655,0.0,8.29116303473711,60.256961822509766,1.7881393432617188e-07
0.9000000000000005,32,397,0,60,337,6,0,6,34.35552763193846,0.0,8.030237011611462,57.88174819946289,1.7881393432617188e-07
0.9250000000000005,32,335,0,45,290,5,0,5,29.294699408113956,0.0,7.668081879615784,55.02025604248047,1.7881393432617188e-07
0.9500000000000005,32,272,1,22,249,4,0,4,24.589175775647163,0.0,7.066381372511387,54.251094818115234,1.7881393432617188e-07
0.9750000000000005,32,252,1,26,225,4,0,4,22.379157595336437,0.0,6.79376196116209,54.319271087646484,1.7881393432617188e-07
1.0000000000000004,32,221,0,38,183,4,0,4,18.79836266487837,0.0,6.567916721105576,53.013057708740234,1.7881393432617188e-07
1.0250000000000004,32,159,0,31,128,4,0,4,13.245918519794941,0.0,5.853293716907501,52.34800720214844,1.7881393432617188e-07
1.0500000000000003,32,107,0,16,91,2,0,2,9.245331317186356,0.0,4.8894383534789085,52.72826385498047,1.7881393432617188e-07
1.0750000000000002,32,79,0,12,67,2,0,2,6.744150668382645,0.0,3.54004068672657,52.82008743286133,1.7881393432617188e-07
1.1,32,0,0,0,0,0,0,0,0.0,0.0,0.0,52.7917594909668,1.7881393432617188e-07
1.125,32,0,0,0,0,0,0,0,0.0,0.0,0.0,52.619510650634766,1.7881393432617188e-07
1.15,32,0,0,0,0,0,0,0,0.0,0.0,0.0,52.263885498046875,1.7881393432617188e-07
1.1749999999999998,32,0,0,0,0,0,0,0,0.0,0.0,0.0,51.67768859863281,1.7881393432617188e-07
1.1999999999999997,32,0,0,0,0,0,0,0,0.0,0.0,0.0,50.9452018737793,1.7881393432617188e-07
1.2249999999999996,32,0,0,0,0,0,0,0,0.0,0.0,0.0,50.039276123046875,1.7881393432617188e-07
1.2499999999999996,32,0,0,0,0,0,0,0,0.0,0.0,0.0,49.042640686035156,1.7881393432617188e-07
1.2749999999999995,32,0,0,0,0,0,0,0,0.0,0.0,0.0,47.90559005737305,1.7881393432617188e-07
1.2999999999999994,32,0,0,0,0,0,0,0,0.0,0.0,0.0,47.54147720336914,1.7881393432617188e-07
1.3249999999999993,32,0,0,0,0,0,0,0,0.0,0.0,0.0,48.06315612792969,1.7881393432617188e-07
1.3499999999999992,32,0,0,0,0,0,0,0,0.0,0.0,0.0,48.63132095336914,1.7881393432617188e-07
1.3749999999999991,32,0,0,0,0,0,0,0,0.0,0.0,0.0,49.04084396362305,1.7881393432617188e-07
1.399999999999999,32,0,0,0,0,0,0,0,0.0,0.0,0.0,49.31104278564453,1.7881393432617188e-07
1.424999999999999,32,0,0,0,0,0,0,0,0.0,0.0,0.0,49.41388702392578,1.7881393432617188e-07
1.4499999999999988,32,0,0,0,0,0,0,0,0.0,0.0,0.0,49.34262466430664,1.7881393432617188e-07
1.4749999999999988,32,0,0,0,0,0,0,0,0.0,0.0,0.0,49.21870803833008,1.7881393432617188e-07
1.4999999999999987,32,0,0,0,0,0,0,0,0.0,0.0,0.0,49.01774215698242,1.7881393432617188e-07
1.5249999999999986,32,0,0,0,0,0,0,0,0.0,0.0,0.0,48.915348052978516,1.7881393432617188e-07
1.5499999999999985,32,0,0,0,0,0,0,0,0.0,0.0,0.0,49.323020935058594,1.7881393432617188e-07
1.5749999999999984,32,0,0,0,0,0,0,0,0.0,0.0,0.0,49.69485855102539,1.7881393432617188e-07
1.5999999999999983,32,0,0,0,0,0,0,0,0.0,0.0,0.0,49.88616180419922,1.7881393432617188e-07
1.6249999999999982,32,0,0,0,0,0,0,0,0.0,0.0,0.0,49.890113830566406,1.7881393432617188e-07
1.6499999999999981,32,0,0,0,0,0,0,0,0.0,0.0,0.0,49.733333587646484,1.7881393432617188e-07
1.674999999999998,32,0,0,0,0,0,0,0,0.0,0.0,0.0,49.42180633544922,1.7881393432617188e-07
1.699999999999998,32,56,0,16,40,2,0,2,4.30143778771162,0.0,2.287028655409813,48.92958068847656,1.7881393432617188e-07
1.7249999999999979,32,103,0,19,84,2,0,2,8.662174344062805,0.0,4.3841235637664795,48.235389709472656,1.7881393432617188e-07
1.7499999999999978,32,154,0,27,127,3,0,3,13.029760412871838,0.0,5.554449707269669,47.4608039855957,1.7881393432617188e-07
1.7749999999999977,32,206,0,40,166,4,0,4,17.239656805992126,0.0,6.574766755104065,46.751556396484375,1.7881393432617188e-07
1.7999999999999976,32,268,0,46,222,4,0,4,22.848560884594917,0.0,7.249465398490429,45.71837615966797,1.7881393432617188e-07
1.8249999999999975,32,318,0,44,274,5,0,5,27.684375517070293,0.0,7.684618890285492,44.18596267700195,1.7881393432617188e-07
1.8499999999999974,32,367,0,44,323,6,0,6,32.39557319134474,0.0,8.070161178708076,44.80096435546875,1.7881393432617188e-07
1.8749999999999973,32,441,0,62,379,6,0,6,38.48356853425503,0.0,8.519014403223991,44.694862365722656,1.7881393432617188e-07
1.8999999999999972,32,519,0,75,444,7,0,7,45.227718994021416,0.0,8.888019397854805,46.033668518066406,1.7881393432617188e-07
1.9249999999999972,32,569,0,78,491,8,0,8,49.78122606873512,0.0,9.052559919655323,51.29391860961914,1.7881393432617188e-07
1.949999999999997,32,624,0,78,546,8,0,8,55.0259700268507,0.0,9.113864824175835,56.5321159362793,1.7881393432617188e-07
1.974999999999997,32,661,0,72,589,8,0,8,58.93100459128618,0.0,9.210250966250896,61.382484436035156,1.7881393432617188e-07
1.999999999999997,32,710,1,75,634,9,0,9,63.33166517317295,0.0,9.290099322795868,69.6382827758789,1.7881393432617188e-07
0.0,33,0,0,0,0,0,0,0,0.0,0.0,0.0,59.329322814941406,1.7881393432617188e-07
0.025,33,0,0,0,0,0,0,0,0.0,0.0,0.0,59.3210563659668,1.7881393432617188e-07
0.05,33,0,0,0,0,0,0,0,0.0,0.0,0.0,59.07284164428711,1.7881393432617188e-07
0.07500000000000001,33,62,0,8,54,2,0,2,5.35967244207859,0.0,2.705645054578781,58.69259262084961,1.7881393432617188e-07
0.1,33,98,0,15,83,2,0,2,8.406091868877411,0.0,4.214739464223385,58.11597442626953,1.7881393432617188e-07
0.125,33,146,0,26,120,3,0,3,12.315137796103954,0.0,5.491138748824596,57.950740814208984,1.7881393432617188e-07
0.15,33,241,1,33,207,4,0,4,21.007931597530842,0.0,6.471531040966511,58.773441314697266,1.7881393432617188e-07
0.175,33,264,0,29,235,4,0,4,23.45109236240387,0.0,7.18615397810936,60.09291076660156,1.7881393432617188e-07
0.19999999999999998,33,301,0,35,266,4,0,4,26.65035891532898,0.0,7.924164108932018,59.9001350402832,1.7881393432617188e-07
0.22499999999999998,33,348,1,37,310,5,0,5,30.942940272390842,0.0,8.189933575689793,61.98347854614258,1.7881393432617188e-07
0.24999999999999997,33,437,2,53,382,6,0,6,38.436794839799404,0.0,8.269782118499279,64.86841583251953,1.7881393432617188e-07
0.27499999999999997,33,475,1,57,417,6,0,6,41.93006128072739,0.0,8.326243415474892,69.58140563964844,1.7881393432617188e-07
0.3,33,509,0,55,454,7,0,7,45.30839851498604,0.0,8.49562742561102,73.23942565917969,1.7881393432617188e-07
0.325,33,566,1,41,524,8,0,8,51.43998655676842,0.0,8.744859829545021,82.07018280029297,1.7881393432617188e-07
0.35000000000000003,33,607,1,46,560,8,0,8,55.13771715015173,0.0,8.681548416614532,95.01412200927734,1.7881393432617188e-07
0.37500000000000006,33,648,1,54,593,8,0,8,58.60960274934769,0.0,8.857782252132893,108.2020034790039,1.7881393432617188e-07
0.4000000000000001,33,692,1,59,632,9,0,9,62.47187429666519,0.0,8.76139685511589,120.76505279541016,1.7881393432617188e-07
0.4250000000000001,33,758,1,59,698,10,0,10,68.73693516105413,0.0,8.744859755039215,131.9855499267578,1.7881393432617188e-07
0.4500000000000001,33,792,3,52,737,10,0,10,72.2681187838316,0.0,8.704935483634472,143.76417541503906,1.7881393432617188e-07
0.47500000000000014,33,896,2,63,831,12,0,12,81.56306172907352,0.0,8.721472539007664,154.60325622558594,1.7881393432617188e-07
0.5000000000000001,33,944,2,64,878,12,0,12,86.133106559515,0.0,8.721472576260567,161.20330810546875,1.7881393432617188e-07
0.5250000000000001,33,973,2,65,906,12,0,12,88.87182537466288,0.0,8.704935617744923,163.1119384765625,1.7881393432617188e-07
0.5500000000000002,33,1018,5,73,940,13,0,13,92.46348346024752,0.0,8.801320880651474,161.01222229003906,1.7881393432617188e-07
0.5750000000000002,33,1026,7,66,953,14,0,14,93.44871978461742,0.0,8.761396877467632,158.48666381835938,1.7881393432617188e-07
0.6000000000000002,33,984,6,58,920,13,0,13,89.97683478146791,0.0,8.954168327152729,156.52622985839844,1.7881393432617188e-07
0.6250000000000002,33,949,1,57,891,12,0,12,87.03849463909864,0.0,8.914244003593922,152.6199188232422,1.7881393432617188e-07
0.6500000000000002,33,896,2,51,843,12,0,12,82.26882910728455,0.0,8.841245114803314,146.64845275878906,1.7881393432617188e-07
0.6750000000000003,33,810,2,46,762,12,0,12,74.2337469831109,0.0,8.761396765708923,138.63128662109375,1.7881393432617188e-07
0.7000000000000003,33,759,1,46,712,10,0,10,69.53908706456423,0.0,8.585162922739983,130.0406036376953,1.7881393432617188e-07
0.7250000000000003,33,671,0,42,629,9,0,9,61.492312625050545,0.0,8.608549952507019,121.66053771972656,1.7881393432617188e-07
0.7500000000000003,33,635,0,38,597,8,0,8,58.31643354147673,0.0,8.585162788629532,110.95286560058594,1.7881393432617188e-07
0.7750000000000004,33,616,2,41,573,8,0,8,56.17457228899002,0.0,8.761397294700146,98.16217803955078,1.7881393432617188e-07
0.8000000000000004,33,586,1,51,534,8,0,8,52.803084053099155,0.0,8.784783951938152,84.33457946777344,1.7881393432617188e-07
0.8250000000000004,33,521,2,48,471,7,0,7,46.775562174618244,0.0,8.82470814883709,72.91108703613281,1.7881393432617188e-07
0.8500000000000004,33,475,3,45,427,6,0,6,42.635827384889126,0.0,8.824707865715027,66.17044830322266,1.7881393432617188e-07
0.8750000000000004,33,447,2,40,405,6,0,6,40.16287840157747,0.0,8.523858316242695,62.31429672241211,1.7881393432617188e-07
0.9000000000000005,33,391,1,40,350,7,0,7,34.78182514756918,0.0,8.121778883039951,61.57072067260742,1.7881393432617188e-07
0.9250000000000005,33,304,2,37,265,6,0,6,26.633822292089462,0.0,7.604770705103874,58.42562484741211,1.7881393432617188e-07
0.9500000000000005,33,276,0,33,243,4,0,4,24.353642649948597,0.0,7.179304100573063,55.02743148803711,1.7881393432617188e-07
0.9750000000000005,33,238,0,24,214,4,0,4,21.22737530618906,0.0,6.6009911596775055,54.354942321777344,1.7881393432617188e-07
1.0000000000000004,33,208,0,26,182,4,0,4,18.194655917584896,0.0,6.1424503698945045,53.338829040527344,1.7881393432617188e-07
1.0250000000000004,33,125,0,21,104,2,0,2,10.669733583927155,0.0,5.411290310323238,52.87355041503906,1.7881393432617188e-07
1.0500000000000003,33,105,0,15,90,2,0,2,9.109021186828613,0.0,4.866051033139229,53.051021575927734,1.7881393432617188e-07
1.0750000000000002,33,78,0,6,72,2,0,2,7.014763794839382,0.0,3.93527003377676,53.054019927978516,1.7881393432617188e-07
1.1,33,28,0,3,25,3,0,3,2.2684851586818695,0.0,2.103944756090641,52.7307243347168,1.7881393432617188e-07
1.125,33,0,0,0,0,0,0,0,0.0,0.0,0.0,52.1602668762207,1.7881393432617188e-07
1.15,33,0,0,0,0,0,0,0,0.0,0.0,0.0,51.820091247558594,1.7881393432617188e-07
1.1749999999999998,33,0,0,0,0,0,0,0,0.0,0.0,0.0,51.371280670166016,1.7881393432617188e-07
1.1999999999999997,33,0,0,0,0,0,0,0,0.0,0.0,0.0,51.50677490234375,1.7881393432617188e-07
1.2249999999999996,33,0,0,0,0,0,0,0,0.0,0.0,0.0,51.56056594848633,1.7881393432617188e-07
1.2499999999999996,33,0,0,0,0,0,0,0,0.0,0.0,0.0,51.45379638671875,1.7881393432617188e-07
1.2749999999999995,33,0,0,0,0,0,0,0,0.0,0.0,0.0,51.20063781738281,1.7881393432617188e-07
1.2999999999999994,33,0,0,0,0,0,0,0,0.0,0.0,0.0,50.81087875366211,1.7881393432617188e-07
1.3249999999999993,33,0,0,0,0,0,0,0,0.0,0.0,0.0,50.22201156616211,1.7881393432617188e-07
1.3499999999999992,33,0,0,0,0,0,0,0,0.0,0.0,0.0,50.02142333984375,1.7881393432617188e-07
1.3749999999999991,33,0,0,0,0,0,0,0,0.0,0.0,0.0,50.141109466552734,1.7881393432617188e-07
1.399999999999999,33,0,0,0,0,0,0,0,0.0,0.0,0.0,50.09037780761719,1.7881393432617188e-07
1.424999999999999,33,0,0,0,0,0,0,0,0.0,0.0,0.0,49.85897445678711,1.7881393432617188e-07
1.4499999999999988,33,0,0,0,0,0,0,0,0.0,0.0,0.0,49.44571304321289,1.7881393432617188e-07
1.4749999999999988,33,0,0,0,0,0,0,0,0.0,0.0,0.0,48.872833251953125,1.7881393432617188e-07
1.4999999999999987,33,0,0,0,0,0,0,0,0.0,0.0,0.0,48.556034088134766,1.7881393432617188e-07
1.5249999999999986,33,0,0,0,0,0,0,0,0.0,0.0,0.0,49.0340576171875,1.7881393432617188e-07
1.5499999999999985,33,0,0,0,0,0,0,0,0.0,0.0,0.0,49.36483383178711,1.7881393432617188e-07
1.5749999999999984,33,0,0,0,0,0,0,0,0.0,0.0,0.0,49.60612487792969,1.7881393432617188e-07
1.5999999999999983,33,0,0,0,0,0,0,0,0.0,0.0,0.0,49.69623565673828,1.7881393432617188e-07
1.6249999999999982,33,0,0,0,0,0,0,0,0.0,0.0,0.0,49.58413314819336,1.7881393432617188e-07
1.6499999999999981,33,0,0,0,0,0,0,0,0.0,0.0,0.0,49.34703826904297,1.7881393432617188e-07
1.674999999999998,33,0,0,0,0,0,0,0,0.0,0.0,0.0,48.952857971191406,1.7881393432617188e-07
1.699999999999998,33,51,0,7,44,2,0,2,4.327662229537964,0.0,2.625796765089035,48.36819839477539,1.7881393432617188e-07
1.7249999999999979,33,87,0,10,77,2,0,2,7.656388342380524,0.0,3.8622716069221497,47.5836296081543,1.7881393432617188e-07
1.7499999999999978,33,125,0,26,99,2,0,2,10.443887867033482,0.0,5.25844332575798,46.723670959472656,1.7881393432617188e-07
1.7749999999999977,33,222,0,31,191,4,0,4,19.261746786534786,0.0,6.1892246305942535,46.20270919799805,1.7881393432617188e-07
1.7999999999999976,33,269,0,38,231,4,0,4,23.39663738757372,0.0,6.863923206925392,45.420841217041016,1.7881393432617188e-07
1.8249999999999975,33,302,0,38,264,4,0,4,26.605591408908367,0.0,7.435386560857296,44.47939682006836,1.7881393432617188e-07
1.8499999999999974,33,342,0,39,303,6,0,6,30.40849907696247,0.0,7.973775528371334,45.117549896240234,1.7881393432617188e-07
1.8749999999999973,33,434,0,44,390,6,0,6,38.8251743093133,0.0,8.415779188275337,45.7544059753418,1.7881393432617188e-07
1.8999999999999972,33,495,0,61,434,6,0,6,43.74484924226999,0.0,8.808171227574348,46.905391693115234,1.7881393432617188e-07
1.9249999999999972,33,529,0,67,462,6,0,6,46.68318974971771,0.0,8.88116942346096,50.75374221801758,1.7881393432617188e-07
1.949999999999997,33,565,0,58,507,8,0,8,50.46844996511936,0.0,8.817858129739761,57.38838195800781,1.7881393432617188e-07
1.974999999999997,33,626,0,53,573,8,0,8,56.63027582317591,0.0,9.05055420845747,62.926334381103516,1.7881393432617188e-07
1.999999999999997,33,668,0,50,618,8,0,8,60.791391521692276,0.0,9.130402520298958,71.4438247680664,1.7881393432617188e-07
0.0,34,0,0,0,0,0,0,0,0.0,0.0,0.0,60.72762680053711,1.7881393432617188e-07
0.025,34,0,0,0,0,0,0,0,0.0,0.0,0.0,60.82927703857422,1.7881393432617188e-07
0.05,34,21,0,4,17,1,0,1,1.7018654644489288,0.0,1.7018654644489288,60.73672866821289,1.7881393432617188e-07
0.07500000000000001,34,69,0,9,60,2,0,2,5.949679419398308,0.0,3.380343995988369,60.4560661315918,1.7881393432617188e-07
0.1,34,96,0,6,90,2,0,2,8.721472933888435,0.0,4.417197681963444,59.756107330322266,1.7881393432617188e-07
0.125,34,119,0,10,109,2,0,2,10.712495148181915,0.0,5.580674350261688,58.92703628540039,1.7881393432617188e-07
0.15,34,201,0,33,168,4,0,4,17.2376502007246,0.0,6.454994089901447,58.94441604614258,1.7881393432617188e-07
0.175,34,258,0,36,222,4,0,4,22.4775500446558,0.0,7.305926755070686,58.58291244506836,1.7881393432617188e-07
0.19999999999999998,34,287,0,24,263,4,0,4,25.92203614115715,0.0,7.644694700837135,60.16350173950195,1.7881393432617188e-07
0.22499999999999998,34,355,2,30,323,6,0,6,31.938145965337753,0.0,7.7741546630859375,60.41391372680664,1.7881393432617188e-07
0.24999999999999997,34,409,0,48,361,6,0,6,36.133228957653046,0.0,8.11008533090353,66.31421661376953,1.7881393432617188e-07
0.27499999999999997,34,451,1,56,394,6,0,6,39.70150040090084,0.0,8.446015909314156,71.00125122070312,1.7881393432617188e-07
0.3,34,482,2,45,435,6,0,6,43.25406551361084,0.0,8.75170961767435,74.9670639038086,1.7881393432617188e-07
0.325,34,552,3,40,509,8,0,8,50.034127332270145,0.0,8.744859650731087,83.70958709716797,1.7881393432617188e-07
0.35000000000000003,34,596,2,40,554,8,0,8,54.331552274525166,0.0,8.545238725841045,95.27839660644531,1.7881393432617188e-07
0.37500000000000006,34,629,1,51,577,8,0,8,56.975892677903175,0.0,8.568625830113888,110.243408203125,1.7881393432617188e-07
0.4000000000000001,34,672,0,49,623,9,0,9,61.137008152902126,0.0,8.704935625195503,123.98912811279297,1.7881393432617188e-07
0.4250000000000001,34,758,0,53,705,10,0,10,69.13216435164213,0.0,8.68154825270176,135.0260467529297,1.7881393432617188e-07
0.4500000000000001,34,798,0,38,760,11,0,11,73.70988957583904,0.0,8.665011286735535,142.85874938964844,1.7881393432617188e-07
0.47500000000000014,34,878,0,37,841,12,0,12,81.3808091506362,0.0,8.641624212265015,148.86862182617188,1.7881393432617188e-07
0.5000000000000001,34,922,0,40,882,12,0,12,85.45238846540451,0.0,8.585162937641144,155.87718200683594,1.7881393432617188e-07
0.5250000000000001,34,969,2,49,918,13,0,13,89.26504828035831,0.0,8.761396802961826,160.18263244628906,1.7881393432617188e-07
0.5500000000000002,34,1006,1,43,962,14,0,14,93.158387824893,0.0,8.68154838681221,161.4754638671875,1.7881393432617188e-07
0.5750000000000002,34,1010,2,54,954,14,0,14,92.83816304057837,0.0,8.641624197363853,160.09600830078125,1.7881393432617188e-07
0.6000000000000002,34,988,2,71,915,12,0,12,89.95060976594687,0.0,8.738009721040726,156.81582641601562,1.7881393432617188e-07
0.6250000000000002,34,943,1,60,882,12,0,12,86.29079710692167,0.0,8.64162416011095,153.9941864013672,1.7881393432617188e-07
0.6500000000000002,34,899,1,59,839,12,0,12,82.1627556309104,0.0,8.721472628414631,148.89271545410156,1.7881393432617188e-07
0.6750000000000003,34,802,3,55,744,10,0,10,73.06259084492922,0.0,8.82470827549696,140.75877380371094,1.7881393432617188e-07
0.7000000000000003,34,788,4,67,717,10,0,10,71.03565691411495,0.0,8.76139684766531,129.8642120361328,1.7881393432617188e-07
0.7250000000000003,34,749,1,68,680,10,0,10,67.41777423769236,0.0,8.681548401713371,117.56615447998047,1.7881393432617188e-07
0.7500000000000003,34,657,3,49,605,8,0,8,59.64645637571812,0.0,8.58516289293766,105.87709045410156,1.7881393432617188e-07
0.7750000000000004,34,633,2,58,573,8,0,8,56.85328219085932,0.0,8.76139672100544,94.21273040771484,1.7881393432617188e-07
0.8000000000000004,34,615,2,64,549,8,0,8,54.779575496912,0.0,8.841245286166668,82.55266571044922,1.7881393432617188e-07
0.8250000000000004,34,585,1,67,517,8,0,8,51.859777353703976,0.0,8.801320917904377,72.4725341796875,1.7881393432617188e-07
0.8500000000000004,34,501,1,55,445,7,0,7,44.50908400118351,0.0,8.73316640406847,63.86195373535156,1.7881393432617188e-07
0.8750000000000004,34,449,1,48,400,9,0,9,39.84019911289215,0.0,8.608550027012825,58.9861946105957,1.7881393432617188e-07
0.9000000000000005,34,396,2,44,350,6,0,6,35.190306685864925,0.0,8.314550027251244,55.51653289794922,1.7881393432617188e-07
0.9250000000000005,34,354,0,55,299,5,0,5,30.64610280096531,0.0,7.839472264051437,55.140445709228516,1.7881393432617188e-07
0.9500000000000005,34,317,0,54,263,4,0,4,27.147993184626102,0.0,7.153080090880394,55.16354751586914,1.7881393432617188e-07
0.9750000000000005,34,291,0,53,238,4,0,4,24.67019934207201,0.0,6.793762043118477,53.88760757446289,1.7881393432617188e-07
1.0000000000000004,34,138,0,9,129,3,0,3,12.532126970589161,0.0,6.328371487557888,52.33292007446289,1.7881393432617188e-07
1.0250000000000004,34,125,0,11,114,2,0,2,11.234346993267536,0.0,5.716983966529369,52.17844009399414,1.7881393432617188e-07
1.0500000000000003,34,111,1,14,96,2,0,2,9.659103654325008,0.0,5.025747776031494,52.442298889160156,1.7881393432617188e-07
1.0750000000000002,34,85,1,13,71,2,0,2,7.209541067481041,0.0,3.7493488043546677,52.59751892089844,1.7881393432617188e-07
1.1,34,24,0,8,16,2,0,2,1.8094966784119606,0.0,1.0432559549808502,52.510555267333984,1.7881393432617188e-07
1.125,34,0,0,0,0,0,0,0,0.0,0.0,0.0,52.30113983154297,1.7881393432617188e-07
1.15,34,0,0,0,0,0,0,0,0.0,0.0,0.0,51.95488357543945,1.7881393432617188e-07
1.1749999999999998,34,0,0,0,0,0,0,0,0.0,0.0,0.0,51.58543014526367,1.7881393432617188e-07
1.1999999999999997,34,0,0,0,0,0,0,0,0.0,0.0,0.0,51.37019729614258,1.7881393432617188e-07
1.2249999999999996,34,0,0,0,0,0,0,0,0.0,0.0,0.0,51.1973762512207,1.7881393432617188e-07
1.2499999999999996,34,0,0,0,0,0,0,0,0.0,0.0,0.0,51.331207275390625,1.7881393432617188e-07
1.2749999999999995,34,0,0,0,0,0,0,0,0.0,0.0,0.0,51.24471664428711,1.7881393432617188e-07
1.2999999999999994,34,0,0,0,0,0,0,0,0.0,0.0,0.0,51.359500885009766,1.7881393432617188e-07
1.3249999999999993,34,0,0,0,0,0,0,0,0.0,0.0,0.0,51.474205017089844,1.7881393432617188e-07
1.3499999999999992,34,0,0,0,0,0,0,0,0.0,0.0,0.0,51.438133239746094,1.7881393432617188e-07
1.3749999999999991,34,0,0,0,0,0,0,0,0.0,0.0,0.0,51.1878547668457,1.7881393432617188e-07
1.399999999999999,34,0,0,0,0,0,0,0,0.0,0.0,0.0,50.77524185180664,1.7881393432617188e-07
1.424999999999999,34,0,0,0,0,0,0,0,0.0,0.0,0.0,50.18281555175781,1.7881393432617188e-07
1.4499999999999988,34,0,0,0,0,0,0,0,0.0,0.0,0.0,49.44261169433594,1.7881393432617188e-07
1.4749999999999988,34,0,0,0,0,0,0,0,0.0,0.0,0.0,48.5660400390625,1.7881393432617188e-07
1.4999999999999987,34,0,0,0,0,0,0,0,0.0,0.0,0.0,47.65671920776367,1.7881393432617188e-07
1.5249999999999986,34,0,0,0,0,0,0,0,0.0,0.0,0.0,46.6146240234375,1.7881393432617188e-07
1.5499999999999985,34,0,0,0,0,0,0,0,0.0,0.0,0.0,45.46208572387695,1.7881393432617188e-07
1.5749999999999984,34,0,0,0,0,0,0,0,0.0,0.0,0.0,45.170631408691406,1.7881393432617188e-07
1.5999999999999983,34,0,0,0,0,0,0,0,0.0,0.0,0.0,45.10646438598633,1.7881393432617188e-07
1.6249999999999982,34,0,0,0,0,0,0,0,0.0,0.0,0.0,45.11289596557617,1.7881393432617188e-07
1.6499999999999981,34,0,0,0,0,0,0,0,0.0,0.0,0.0,45.16368865966797,1.7881393432617188e-07
1.674999999999998,34,17,0,3,14,1,0,1,1.3727846890687943,0.0,1.3727846890687943,45.07918930053711,1.7881393432617188e-07
1.699999999999998,34,80,0,17,63,2,0,2,6.558229476213455,0.0,3.3472696617245674,44.81772994995117,1.7881393432617188e-07
1.7249999999999979,34,102,0,17,85,2,0,2,8.70694201439619,0.0,4.548663966357708,44.46308517456055,1.7881393432617188e-07
1.7499999999999978,34,165,0,27,138,3,0,3,14.09000139683485,0.0,5.763758026063442,44.19976806640625,1.7881393432617188e-07
1.7749999999999977,34,238,0,52,186,6,0,6,19.594839602708817,0.0,6.661465056240559,44.33572769165039,1.7881393432617188e-07
1.7999999999999976,34,316,1,70,245,4,0,4,26.147777557373047,0.0,7.263165235519409,44.642208099365234,1.7881393432617188e-07
1.8249999999999975,34,342,0,72,270,4,0,4,28.541327014565468,0.0,7.7947041913867,44.37142562866211,1.7881393432617188e-07
1.8499999999999974,34,389,0,72,317,7,0,7,33.06370163708925,0.0,8.185090094804764,43.54780197143555,1.7881393432617188e-07
1.8749999999999973,34,491,2,100,389,7,0,7,41.25764776021242,0.0,8.918257020413876,44.85585403442383,1.7881393432617188e-07
1.8999999999999972,34,540,2,94,444,6,0,6,46.07782059162855,0.0,9.184026144444942,47.07500076293945,1.7881393432617188e-07
1.9249999999999972,34,566,0,92,474,7,0,7,48.76976661384106,0.0,9.24048712104559,51.6585578918457,1.7881393432617188e-07
1.949999999999997,34,621,0,90,531,8,0,8,54.05927840620279,0.0,9.386484824120998,57.20986557006836,1.7881393432617188e-07
1.974999999999997,34,692,0,108,584,8,0,8,59.85811656713486,0.0,9.699028141796589,62.4343147277832,1.7881393432617188e-07
1.999999999999997,34,762,0,115,647,9,0,9,66.2546431273222,0.0,9.790570072829723,67.9007568359375,1.7881393432617188e-07
0.0,35,0,0,0,0,0,0,0,0.0,0.0,0.0,58.95417785644531,1.7881393432617188e-07
0.025,35,0,0,0,0,0,0,0,0.0,0.0,0.0,59.51604080200195,1.7881393432617188e-07
0.05,35,21,0,3,18,1,0,1,1.7583268880844116,0.0,1.7583268880844116,59.84076690673828,1.7881393432617188e-07
0.07500000000000001,35,77,0,14,63,2,0,2,6.466687478125095,0.0,3.789273075759411,59.797821044921875,1.7881393432617188e-07
0.1,35,104,0,14,90,2,0,2,9.040866501629353,0.0,5.058822363615036,59.408424377441406,1.7881393432617188e-07
0.125,35,121,0,14,107,2,0,2,10.679420582950115,0.0,5.773445449769497,59.03873062133789,1.7881393432617188e-07
0.15,35,179,0,21,158,4,0,4,15.73824342340231,0.0,6.335221350193024,58.94614028930664,1.7881393432617188e-07
0.175,35,271,0,38,233,5,0,5,23.521253794431686,0.0,6.993383191525936,58.30759048461914,1.7881393432617188e-07
0.19999999999999998,35,316,0,47,269,4,0,4,27.41860580444336,0.0,7.884239852428436,59.32755661010742,1.7881393432617188e-07
0.22499999999999998,35,350,0,43,307,5,0,5,30.8534047678113,0.0,8.09354803711176,62.117794036865234,1.7881393432617188e-07
0.24999999999999997,35,400,1,44,355,6,0,6,35.49160432815552,0.0,8.382704816758633,63.825416564941406,1.7881393432617188e-07
0.27499999999999997,35,472,1,58,413,6,0,6,41.61267425864935,0.0,8.615400083363056,66.08336639404297,1.7881393432617188e-07
0.3,35,518,4,64,450,6,0,6,45.53825701773167,0.0,8.944480769336224,72.75780487060547,1.7881393432617188e-07
0.325,35,556,2,63,491,7,0,7,49.33036656677723,0.0,8.824707955121994,87.28684997558594,1.7881393432617188e-07
0.35000000000000003,35,595,1,53,541,8,0,8,53.55763040482998,0.0,8.688398391008377,101.74735260009766,1.7881393432617188e-07
0.37500000000000006,35,632,2,57,573,8,0,8,56.84158970415592,0.0,8.512164644896984,114.29283142089844,1.7881393432617188e-07
0.4000000000000001,35,699,0,63,636,10,0,10,62.96504817903042,0.0,8.535551689565182,123.89073944091797,1.7881393432617188e-07
0.4250000000000001,35,792,0,78,714,10,0,10,70.997738532722,0.0,8.704935424029827,130.83041381835938,1.7881393432617188e-07
0.4500000000000001,35,849,3,78,768,11,0,11,76.25417598336935,0.0,8.841245263814926,138.20166015625,1.7881393432617188e-07
0.47500000000000014,35,936,4,80,852,12,0,12,84.43041003495455,0.0,8.994092501699924,144.50746154785156,1.7881393432617188e-07
0.5000000000000001,35,969,2,74,893,12,0,12,87.94990113377571,0.0,8.857782281935215,151.08241271972656,1.7881393432617188e-07
0.5250000000000001,35,1001,4,84,913,12,0,12,90.41316317766905,0.0,8.89770633727312,155.4471893310547,1.7881393432617188e-07
0.5500000000000002,35,1031,5,91,935,13,0,13,92.75665336102247,0.0,8.841245159506798,159.5850830078125,1.7881393432617188e-07
0.5750000000000002,35,1009,5,80,924,12,0,12,91.29716965556145,0.0,8.88116941601038,164.4235382080078,1.7881393432617188e-07
0.6000000000000002,35,974,5,64,905,12,0,12,88.88351905345917,0.0,8.733166247606277,165.83998107910156,1.7881393432617188e-07
0.6250000000000002,35,937,5,54,878,12,0,12,85.82540633529425,0.0,8.625087082386017,162.28639221191406,1.7881393432617188e-07
0.6500000000000002,35,892,1,56,835,12,0,12,81.629210524261,0.0,8.744859769940376,153.59100341796875,1.7881393432617188e-07
0.6750000000000003,35,833,1,58,774,11,0,11,75.89769587665796,0.0,8.744859665632248,140.9370574951172,1.7881393432617188e-07
0.7000000000000003,35,778,1,54,723,10,0,10,70.91872145235538,0.0,8.881169326603413,127.09632110595703,1.7881393432617188e-07
0.7250000000000003,35,719,1,51,667,10,0,10,65.42958953976631,0.0,8.897706538438797,114.50745391845703,1.7881393432617188e-07
0.7500000000000003,35,638,0,47,591,8,0,8,58.09743867069483,0.0,8.824708208441734,106.09600830078125,1.7881393432617188e-07
0.7750000000000004,35,614,2,54,558,8,0,8,55.24780231714249,0.0,8.688398532569408,97.45061492919922,1.7881393432617188e-07
0.8000000000000004,35,577,0,64,513,8,0,8,51.483027413487434,0.0,8.671861454844475,86.41387939453125,1.7881393432617188e-07
0.8250000000000004,35,504,0,53,451,6,0,6,45.03577968478203,0.0,8.5754758939147,74.2798080444336,1.7881393432617188e-07
0.8500000000000004,35,486,1,49,436,6,0,6,43.44199237972498,0.0,8.751709818840027,65.42743682861328,1.7881393432617188e-07
0.8750000000000004,35,441,1,41,399,6,0,6,39.58456437289715,0.0,8.63193703442812,60.939971923828125,1.7881393432617188e-07
0.9000000000000005,35,375,0,42,333,7,0,7,33.15496449172497,0.0,8.302856661379337,58.62983322143555,1.7881393432617188e-07
0.9250000000000005,35,333,0,45,288,5,0,5,29.13015864044428,0.0,7.804391510784626,56.50141906738281,1.7881393432617188e-07
0.9500000000000005,35,298,0,44,254,4,0,4,25.90951158851385,0.0,7.531772196292877,54.2353401184082,1.7881393432617188e-07
0.9750000000000005,35,269,1,41,227,4,0,4,23.227252773940563,0.0,7.181310296058655,52.06340408325195,1.7881393432617188e-07
1.0000000000000004,35,215,1,34,180,4,0,4,18.36120245605707,0.0,6.381995342671871,51.74858474731445,1.7881393432617188e-07
1.0250000000000004,35,124,0,19,105,2,0,2,10.714500866830349,0.0,5.648828931152821,51.619815826416016,1.7881393432617188e-07
1.0500000000000003,35,103,2,11,90,2,0,2,9.057403720915318,0.0,4.974130377173424,51.93008041381836,1.7881393432617188e-07
1.0750000000000002,35,79,2,10,67,2,0,2,6.800612024962902,0.0,3.5799649208784103,51.890262603759766,1.7881393432617188e-07
1.1,35,2,0,1,1,1,0,1,0.06815493106842041,0.0,0.06815493106842041,51.61070251464844,1.7881393432617188e-07
1.125,35,0,0,0,0,0,0,0,0.0,0.0,0.0,51.226356506347656,1.7881393432617188e-07
1.15,35,0,0,0,0,0,0,0,0.0,0.0,0.0,50.72071075439453,1.7881393432617188e-07
1.1749999999999998,35,0,0,0,0,0,0,0,0.0,0.0,0.0,50.08010482788086,1.7881393432617188e-07
1.1999999999999997,35,0,0,0,0,0,0,0,0.0,0.0,0.0,49.24650955200195,1.7881393432617188e-07
1.2249999999999996,35,0,0,0,0,0,0,0,0.0,0.0,0.0,48.853065490722656,1.7881393432617188e-07
1.2499999999999996,35,0,0,0,0,0,0,0,0.0,0.0,0.0,48.96296310424805,1.7881393432617188e-07
1.2749999999999995,35,0,0,0,0,0,0,0,0.0,0.0,0.0,48.96091079711914,1.7881393432617188e-07
1.2999999999999994,35,0,0,0,0,0,0,0,0.0,0.0,0.0,48.828426361083984,1.7881393432617188e-07
1.3249999999999993,35,0,0,0,0,0,0,0,0.0,0.0,0.0,48.642513275146484,1.7881393432617188e-07
1.3499999999999992,35,0,0,0,0,0,0,0,0.0,0.0,0.0,48.59218215942383,1.7881393432617188e-07
1.3749999999999991,35,0,0,0,0,0,0,0,0.0,0.0,0.0,48.9583625793457,1.7881393432617188e-07
1.399999999999999,35,0,0,0,0,0,0,0,0.0,0.0,0.0,49.15789794921875,1.7881393432617188e-07
1.424999999999999,35,0,0,0,0,0,0,0,0.0,0.0,0.0,49.18403625488281,1.7881393432617188e-07
1.4499999999999988,35,0,0,0,0,0,0,0,0.0,0.0,0.0,49.01646423339844,1.7881393432617188e-07
1.4749999999999988,35,0,0,0,0,0,0,0,0.0,0.0,0.0,48.86009216308594,1.7881393432617188e-07
1.4999999999999987,35,0,0,0,0,0,0,0,0.0,0.0,0.0,48.545719146728516,1.7881393432617188e-07
1.5249999999999986,35,0,0,0,0,0,0,0,0.0,0.0,0.0,48.05516815185547,1.7881393432617188e-07
1.5499999999999985,35,0,0,0,0,0,0,0,0.0,0.0,0.0,47.401737213134766,1.7881393432617188e-07
1.5749999999999984,35,0,0,0,0,0,0,0,0.0,0.0,0.0,47.06975173950195,1.7881393432617188e-07
1.5999999999999983,35,0,0,0,0,0,0,0,0.0,0.0,0.0,46.98112106323242,1.7881393432617188e-07
1.6249999999999982,35,0,0,0,0,0,0,0,0.0,0.0,0.0,46.705589294433594,1.7881393432617188e-07
1.6499999999999981,35,0,0,0,0,0,0,0,0.0,0.0,0.0,46.25836181640625,1.7881393432617188e-07
1.674999999999998,35,29,0,2,27,2,0,2,2.489486962556839,0.0,1.3893217891454697,45.674251556396484,1.7881393432617188e-07
1.699999999999998,35,87,0,25,62,2,0,2,6.8094682693481445,0.0,3.864277943968773,45.517093658447266,1.7881393432617188e-07
1.7249999999999979,35,121,0,41,80,2,0,2,9.211425706744194,0.0,4.750291138887405,45.371307373046875,1.7881393432617188e-07
1.7499999999999978,35,137,0,34,103,2,0,2,11.12059286981821,0.0,5.718990311026573,45.034645080566406,1.7881393432617188e-07
1.7749999999999977,35,220,0,28,192,4,0,4,19.238359414041042,0.0,6.64091544598341,44.62867736816406,1.7881393432617188e-07
1.7999999999999976,35,277,0,41,236,4,0,4,24.05479920655489,0.0,7.305926591157913,43.71996307373047,1.7881393432617188e-07
1.8249999999999975,35,327,0,59,268,4,0,4,27.829541340470314,0.0,8.220170803368092,43.999568939208984,1.7881393432617188e-07
1.8499999999999974,35,340,0,51,289,4,0,4,29.50601350516081,0.0,8.502477131783962,45.20842361450195,1.7881393432617188e-07
1.8749999999999973,35,408,0,57,351,6,0,6,35.64161382615566,0.0,8.575475826859474,45.52193069458008,1.7881393432617188e-07
1.8999999999999972,35,478,0,57,421,7,0,7,42.235754892230034,0.0,8.728322729468346,47.12175750732422,1.7881393432617188e-07
1.9249999999999972,35,541,0,69,472,6,0,6,47.6986628100276,0.0,9.29009883850813,50.830142974853516,1.7881393432617188e-07
1.949999999999997,35,570,0,73,497,7,0,7,50.143382020294666,0.0,9.649416655302048,56.83027267456055,1.7881393432617188e-07
1.974999999999997,35,615,0,75,540,8,0,8,54.35611583292484,0.0,9.569568648934364,67.46021270751953,1.7881393432617188e-07
1.999999999999997,35,659,0,77,582,8,0,8,58.45592623203993,0.0,9.346560589969158,77.32837677001953,1.7881393432617188e-07
0.0,36,0,0,0,0,0,0,0,0.0,0.0,0.0,60.676177978515625,1.7881393432617188e-07
0.025,36,0,0,0,0,0,0,0,0.0,0.0,0.0,61.24531173706055,1.7881393432617188e-07
0.05,36,0,0,0,0,0,0,0,0.0,0.0,0.0,61.583106994628906,1.7881393432617188e-07
0.07500000000000001,36,65,0,12,53,2,0,2,5.394753135740757,0.0,2.745569296181202,61.68840026855469,1.7881393432617188e-07
0.1,36,99,0,15,84,2,0,2,8.530708156526089,0.0,4.43574133515358,61.44102478027344,1.7881393432617188e-07
0.125,36,115,0,10,105,2,0,2,10.326952919363976,0.0,5.251593299210072,60.76803207397461,1.7881393432617188e-07
0.15,36,199,0,15,184,4,0,4,18.004721730947495,0.0,5.902905061841011,60.523319244384766,1.7881393432617188e-07
0.175,36,253,0,26,227,4,0,4,22.532005108892918,0.0,6.833686240017414,59.98103332519531,1.7881393432617188e-07
0.19999999999999998,36,289,0,33,256,4,0,4,25.606654934585094,0.0,7.345850870013237,61.0970344543457,1.7881393432617188e-07
0.22499999999999998,36,344,1,47,296,5,0,5,30.10525932908058,0.0,8.060473896563053,63.80597686767578,1.7881393432617188e-07
0.24999999999999997,36,430,0,51,379,6,0,6,38.01617255061865,0.0,8.150009587407112,65.07180786132812,1.7881393432617188e-07
0.27499999999999997,36,460,2,43,415,6,0,6,41.3029677644372,0.0,8.279469296336174,69.0720443725586,1.7881393432617188e-07
0.3,36,490,1,42,447,6,0,6,44.25099554657936,0.0,8.432316236197948,74.1300048828125,1.7881393432617188e-07
0.325,36,544,1,47,496,7,0,7,49.04889138042927,0.0,8.704935491085052,82.5992660522461,1.7881393432617188e-07
0.35000000000000003,36,620,1,61,558,8,0,8,55.5155780762434,0.0,8.648474238812923,94.16326904296875,1.7881393432617188e-07
0.37500000000000006,36,651,2,64,585,8,0,8,58.33414687216282,0.0,8.744859673082829,107.78072357177734,1.7881393432617188e-07
0.4000000000000001,36,675,1,51,623,9,0,9,61.28501070290804,0.0,8.568625904619694,121.11206817626953,1.7881393432617188e-07
0.4250000000000001,36,753,1,54,698,11,0,11,68.46915901452303,0.0,8.665011338889599,133.09393310546875,1.7881393432617188e-07
0.4500000000000001,36,829,1,59,769,11,0,11,75.48392245918512,0.0,8.625086933374405,143.03578186035156,1.7881393432617188e-07
0.47500000000000014,36,916,1,70,845,12,0,12,83.15200555324554,0.0,8.665011286735535,150.4240264892578,1.7881393432617188e-07
0.5000000000000001,36,950,3,67,880,12,0,12,86.51380502432585,0.0,8.585162915289402,157.5236358642578,1.7881393432617188e-07
0.5250000000000001,36,964,5,49,910,12,0,12,88.71012166142464,0.0,8.561775766313076,161.845458984375,1.7881393432617188e-07
0.5500000000000002,36,975,4,37,934,13,0,13,90.43620620667934,0.0,8.585162982344627,162.73268127441406,1.7881393432617188e-07
0.5750000000000002,36,999,4,52,943,13,0,13,91.87430807203054,0.0,8.721472457051277,160.5045928955078,1.7881393432617188e-07
0.6000000000000002,36,997,5,77,915,12,0,12,90.36638882756233,0.0,8.721472643315792,156.17025756835938,1.7881393432617188e-07
0.6250000000000002,36,972,5,70,897,12,0,12,88.32374896854162,0.0,8.72147262096405,151.68344116210938,1.7881393432617188e-07
0.6500000000000002,36,901,3,53,845,12,0,12,82.55314222723246,0.0,8.60170005261898,146.9418182373047,1.7881393432617188e-07
0.6750000000000003,36,824,1,54,769,11,0,11,75.28430157154799,0.0,8.545238763093948,139.92578125,1.7881393432617188e-07
0.7000000000000003,36,768,1,51,716,10,0,10,70.15248064696789,0.0,8.721472524106503,130.62075805664062,1.7881393432617188e-07
0.7250000000000003,36,689,0,43,646,9,0,9,63.114330522716045,0.0,8.76139684021473,119.382568359375,1.7881393432617188e-07
0.7500000000000003,36,655,0,50,605,9,0,9,59.47022356837988,0.0,8.76139684021473,106.97875213623047,1.7881393432617188e-07
0.7750000000000004,36,628,0,68,560,8,0,8,56.00435644388199,0.0,8.665011331439018,95.99641418457031,1.7881393432617188e-07
0.8000000000000004,36,589,0,72,517,8,0,8,52.10416683554649,0.0,8.568625845015049,84.60673522949219,1.7881393432617188e-07
0.8250000000000004,36,492,1,46,445,6,0,6,44.27438176423311,0.0,8.552088782191277,75.267333984375,1.7881393432617188e-07
0.8500000000000004,36,467,2,38,427,6,0,6,42.17528157681227,0.0,8.512164533138275,66.07789611816406,1.7881393432617188e-07
0.8750000000000004,36,426,2,36,388,6,0,6,38.33639693260193,0.0,8.359317779541016,61.99159240722656,1.7881393432617188e-07
0.9000000000000005,36,379,0,49,330,7,0,7,33.173508033156395,0.0,7.933851286768913,61.04081344604492,1.7881393432617188e-07
0.9250000000000005,36,323,0,41,282,5,0,5,28.448609955608845,0.0,7.50838515907526,57.763710021972656,1.7881393432617188e-07
0.9500000000000005,36,270,0,28,242,4,0,4,24.085866928100586,0.0,7.139379978179932,54.728450775146484,1.7881393432617188e-07
0.9750000000000005,36,225,0,24,201,4,0,4,19.974363908171654,0.0,6.544529929757118,55.15085983276367,1.7881393432617188e-07
1.0000000000000004,36,169,0,22,147,4,0,4,14.71792657673359,0.0,6.006140634417534,54.58388137817383,1.7881393432617188e-07
1.0250000000000004,36,121,0,14,107,3,0,3,10.61126583069563,0.0,5.251593567430973,54.50407791137695,1.7881393432617188e-07
1.0500000000000003,36,98,1,9,88,3,0,3,8.620243981480598,0.0,4.287737973034382,54.665279388427734,1.7881393432617188e-07
1.0750000000000002,36,66,0,7,59,2,0,2,5.773445300757885,0.0,3.3569568544626236,54.610260009765625,1.7881393432617188e-07
1.1,36,19,0,4,15,2,0,2,1.440939612686634,0.0,1.1800136268138885,54.199283599853516,1.7881393432617188e-07
1.125,36,0,0,0,0,0,0,0,0.0,0.0,0.0,53.50111770629883,1.7881393432617188e-07
1.15,36,0,0,0,0,0,0,0,0.0,0.0,0.0,52.63846206665039,1.7881393432617188e-07
1.1749999999999998,36,0,0,0,0,0,0,0,0.0,0.0,0.0,51.64814376831055,1.7881393432617188e-07
1.1999999999999997,36,0,0,0,0,0,0,0,0.0,0.0,0.0,50.823211669921875,1.7881393432617188e-07
1.2249999999999996,36,0,0,0,0,0,0,0,0.0,0.0,0.0,50.42525863647461,1.7881393432617188e-07
1.2499999999999996,36,0,0,0,0,0,0,0,0.0,0.0,0.0,50.237693786621094,1.7881393432617188e-07
1.2749999999999995,36,0,0,0,0,0,0,0,0.0,0.0,0.0,49.938419342041016,1.7881393432617188e-07
1.2999999999999994,36,0,0,0,0,0,0,0,0.0,0.0,0.0,49.8901252746582,1.7881393432617188e-07
1.3249999999999993,36,0,0,0,0,0,0,0,0.0,0.0,0.0,49.72446823120117,1.7881393432617188e-07
1.3499999999999992,36,0,0,0,0,0,0,0,0.0,0.0,0.0,49.33573532104492,1.7881393432617188e-07
1.3749999999999991,36,0,0,0,0,0,0,0,0.0,0.0,0.0,48.828006744384766,1.7881393432617188e-07
1.399999999999999,36,0,0,0,0,0,0,0,0.0,0.0,0.0,48.12786865234375,1.7881393432617188e-07
1.424999999999999,36,0,0,0,0,0,0,0,0.0,0.0,0.0,47.298500061035156,1.7881393432617188e-07
1.4499999999999988,36,0,0,0,0,0,0,0,0.0,0.0,0.0,46.77339172363281,1.7881393432617188e-07
1.4749999999999988,36,0,0,0,0,0,0,0,0.0,0.0,0.0,46.67954635620117,1.7881393432617188e-07
1.4999999999999987,36,0,0,0,0,0,0,0,0.0,0.0,0.0,46.43547439575195,1.7881393432617188e-07
1.5249999999999986,36,0,0,0,0,0,0,0,0.0,0.0,0.0,46.035606384277344,1.7881393432617188e-07
1.5499999999999985,36,0,0,0,0,0,0,0,0.0,0.0,0.0,45.50543975830078,1.7881393432617188e-07
1.5749999999999984,36,0,0,0,0,0,0,0,0.0,0.0,0.0,45.024208068847656,1.7881393432617188e-07
1.5999999999999983,36,0,0,0,0,0,0,0,0.0,0.0,0.0,44.78525161743164,1.7881393432617188e-07
1.6249999999999982,36,0,0,0,0,0,0,0,0.0,0.0,0.0,44.418243408203125,1.7881393432617188e-07
1.6499999999999981,36,0,0,0,0,0,0,0,0.0,0.0,0.0,44.14258575439453,1.7881393432617188e-07
1.674999999999998,36,6,0,1,5,1,0,1,0.509710431098938,0.0,0.509710431098938,43.99113845825195,1.7881393432617188e-07
1.699999999999998,36,63,0,11,52,2,0,2,5.2866740599274635,0.0,3.0064952820539474,43.69948959350586,1.7881393432617188e-07
1.7249999999999979,36,96,1,14,81,2,0,2,8.298013098537922,0.0,4.640206083655357,43.225887298583984,1.7881393432617188e-07
1.7499999999999978,36,138,1,15,122,3,0,3,12.136897571384907,0.0,5.75690845400095,42.852500915527344,1.7881393432617188e-07
1.7749999999999977,36,213,1,33,179,4,0,4,18.30958491563797,0.0,6.52799279987812,42.75389099121094,1.7881393432617188e-07
1.7999999999999976,36,269,0,51,218,4,0,4,22.71910133957863,0.0,7.049844481050968,42.903079986572266,1.7881393432617188e-07
1.8249999999999975,36,300,0,39,261,4,0,4,26.35635893791914,0.0,7.611620582640171,43.72736740112305,1.7881393432617188e-07
1.8499999999999974,36,329,0,30,299,5,0,5,29.563305780291557,0.0,8.422629028558731,43.87865447998047,1.7881393432617188e-07
1.8749999999999973,36,415,0,42,373,6,0,6,37.163233026862144,0.0,8.592012889683247,44.65023422241211,1.7881393432617188e-07
1.8999999999999972,36,491,0,66,425,6,0,6,43.02053865790367,0.0,9.024329148232937,47.131507873535156,1.7881393432617188e-07
1.9249999999999972,36,539,0,77,462,6,0,6,47.08243254572153,0.0,9.040866754949093,50.11585235595703,1.7881393432617188e-07
1.949999999999997,36,564,0,58,506,7,0,7,50.468450121581554,0.0,9.017479434609413,55.95964813232422,1.7881393432617188e-07
1.974999999999997,36,621,0,50,571,8,0,8,56.31773233413696,0.0,9.130402617156506,63.63378143310547,1.7881393432617188e-07
1.999999999999997,36,676,0,66,610,8,0,8,60.687323555350304,0.0,9.130402192473412,71.13329315185547,1.7881393432617188e-07
0.0,37,0,0,0,0,0,0,0,0.0,0.0,0.0,60.68152618408203,1.7881393432617188e-07
0.025,37,0,0,0,0,0,0,0,0.0,0.0,0.0,60.16581344604492,1.7881393432617188e-07
0.05,37,0,0,0,0,0,0,0,0.0,0.0,0.0,60.185001373291016,1.7881393432617188e-07
0.07500000000000001,37,63,0,10,53,2,0,2,5.314904682338238,0.0,2.7056450322270393,60.12187957763672,1.7881393432617188e-07
0.1,37,98,0,11,87,2,0,2,8.63193716108799,0.0,4.497046135365963,59.704402923583984,1.7881393432617188e-07
0.125,37,122,0,19,103,2,0,2,10.49349931627512,0.0,5.507675759494305,59.66739273071289,1.7881393432617188e-07
0.15,37,208,0,32,176,4,0,4,17.884118273854256,0.0,6.1424503698945045,59.486961364746094,1.7881393432617188e-07
0.175,37,247,0,25,222,4,0,4,22.01015353947878,0.0,6.680839478969574,58.64338684082031,1.7881393432617188e-07
0.19999999999999998,37,274,0,23,251,4,0,4,24.725485287606716,0.0,7.259152673184872,60.081443786621094,1.7881393432617188e-07
0.22499999999999998,37,305,0,19,286,5,0,5,27.983602337539196,0.0,7.70115614682436,62.182579040527344,1.7881393432617188e-07
0.24999999999999997,37,390,0,33,357,6,0,6,35.17705483734608,0.0,8.126622423529625,64.19564056396484,1.7881393432617188e-07
0.27499999999999997,37,458,4,38,416,6,0,6,41.25134937465191,0.0,8.29600641131401,67.5658187866211,1.7881393432617188e-07
0.3,37,516,0,43,473,7,0,7,46.6324033588171,0.0,8.432316221296787,73.16203308105469,1.7881393432617188e-07
0.325,37,534,3,39,492,8,0,8,48.412110187113285,0.0,8.528701603412628,84.85424041748047,1.7881393432617188e-07
0.35000000000000003,37,574,1,39,534,8,0,8,52.32399366796017,0.0,8.648474343121052,97.086669921875,1.7881393432617188e-07
0.37500000000000006,37,612,2,33,577,8,0,8,56.24071966856718,0.0,8.50531455129385,108.54381561279297,1.7881393432617188e-07
0.4000000000000001,37,681,1,38,642,10,0,10,62.50093633681536,0.0,8.545238688588142,120.52442932128906,1.7881393432617188e-07
0.4250000000000001,37,755,1,47,707,10,0,10,69.15354541689157,0.0,8.625087186694145,131.76805114746094,1.7881393432617188e-07
0.4500000000000001,37,818,3,45,770,11,0,11,75.12287961691618,0.0,8.585162915289402,141.1793670654297,1.7881393432617188e-07
0.47500000000000014,37,892,3,56,833,13,0,13,81.44813335686922,0.0,8.585162915289402,148.44837951660156,1.7881393432617188e-07
0.5000000000000001,37,945,5,53,887,12,0,12,86.7094134837389,0.0,8.641624234616756,153.5298614501953,1.7881393432617188e-07
0.5250000000000001,37,954,4,46,904,12,0,12,88.02857405692339,0.0,8.62508700788021,158.70159912109375,1.7881393432617188e-07
0.5500000000000002,37,1002,4,63,935,13,0,13,91.570620842278,0.0,8.641624182462692,161.62449645996094,1.7881393432617188e-07
0.5750000000000002,37,1015,5,67,943,13,0,13,92.56955640763044,0.0,8.698085531592369,161.77853393554688,1.7881393432617188e-07
0.6000000000000002,37,982,5,59,918,13,0,13,89.81229379028082,0.0,8.641624249517918,158.97547912597656,1.7881393432617188e-07
0.6250000000000002,37,937,4,49,884,12,0,12,86.1641743183136,0.0,8.641624234616756,154.16795349121094,1.7881393432617188e-07
0.6500000000000002,37,910,3,64,843,12,0,12,82.77130619436502,0.0,8.585162945091724,147.97518920898438,1.7881393432617188e-07
0.6750000000000003,37,849,3,76,770,11,0,11,76.47957340627909,0.0,8.545238703489304,139.3994140625,1.7881393432617188e-07
0.7000000000000003,37,778,1,64,713,10,0,10,70.38233910501003,0.0,8.545238696038723,128.78538513183594,1.7881393432617188e-07
0.7250000000000003,37,726,1,50,675,10,0,10,66.13251961022615,0.0,8.68154838681221,116.86686706542969,1.7881393432617188e-07
0.7500000000000003,37,648,1,45,602,11,0,11,58.8850604146719,0.0,8.625087015330791,105.18631744384766,1.7881393432617188e-07
0.7750000000000004,37,607,1,43,563,8,0,8,55.27887120842934,0.0,8.608550064265728,94.61622619628906,1.7881393432617188e-07
0.8000000000000004,37,571,1,45,525,8,0,8,51.69606862962246,0.0,8.528701439499855,83.9207992553711,1.7881393432617188e-07
0.8250000000000004,37,527,0,49,478,7,0,7,47.38210675120354,0.0,8.472240284085274,74.1885757446289,1.7881393432617188e-07
0.8500000000000004,37,469,2,37,430,7,0,7,42.328127823770046,0.0,8.432316094636917,64.34522247314453,1.7881393432617188e-07
0.8750000000000004,37,416,0,34,382,6,0,6,37.62661698460579,0.0,8.22300799190998,59.350528717041016,1.7881393432617188e-07
0.9000000000000005,37,357,1,31,325,6,0,6,32.02456168830395,0.0,8.110085166990757,58.306190490722656,1.7881393432617188e-07
0.9250000000000005,37,338,0,40,298,5,0,5,29.922175474464893,0.0,7.820928484201431,55.87626266479492,1.7881393432617188e-07
0.9500000000000005,37,290,0,42,248,4,0,4,25.223119273781776,0.0,7.355538368225098,54.44264221191406,1.7881393432617188e-07
0.9750000000000005,37,255,0,37,218,4,0,4,22.103701807558537,0.0,6.793762139976025,53.059635162353516,1.7881393432617188e-07
1.0000000000000004,37,178,1,18,159,3,0,3,15.794704258441925,0.0,6.335221357643604,52.4047737121582,1.7881393432617188e-07
1.0250000000000004,37,124,0,16,108,2,0,2,10.855654537677765,0.0,5.451214395463467,52.41038131713867,1.7881393432617188e-07
1.0500000000000003,37,106,0,20,86,2,0,2,8.894869573414326,0.0,4.656743064522743,51.76546096801758,1.7881393432617188e-07
1.0750000000000002,37,78,0,15,63,2,0,2,6.478380843997002,0.0,3.3871936947107315,51.458316802978516,1.7881393432617188e-07
1.1,37,4,0,0,4,1,0,1,0.28915664553642273,0.0,0.28915664553642273,51.82308578491211,1.7881393432617188e-07
1.125,37,0,0,0,0,0,0,0,0.0,0.0,0.0,51.93732833862305,1.7881393432617188e-07
1.15,37,0,0,0,0,0,0,0,0.0,0.0,0.0,51.868003845214844,1.7881393432617188e-07
1.1749999999999998,37,0,0,0,0,0,0,0,0.0,0.0,0.0,51.611778259277344,1.7881393432617188e-07
1.1999999999999997,37,0,0,0,0,0,0,0,0.0,0.0,0.0,51.23495101928711,1.7881393432617188e-07
1.2249999999999996,37,0,0,0,0,0,0,0,0.0,0.0,0.0,50.67403793334961,1.7881393432617188e-07
1.2499999999999996,37,0,0,0,0,0,0,0,0.0,0.0,0.0,49.977638244628906,1.7881393432617188e-07
1.2749999999999995,37,0,0,0,0,0,0,0,0.0,0.0,0.0,49.1288948059082,1.7881393432617188e-07
1.2999999999999994,37,0,0,0,0,0,0,0,0.0,0.0,0.0,48.2159309387207,1.7881393432617188e-07
1.3249999999999993,37,0,0,0,0,0,0,0,0.0,0.0,0.0,48.330692291259766,1.7881393432617188e-07
1.3499999999999992,37,0,0,0,0,0,0,0,0.0,0.0,0.0,48.36822509765625,1.7881393432617188e-07
1.3749999999999991,37,0,0,0,0,0,0,0,0.0,0.0,0.0,48.247806549072266,1.7881393432617188e-07
1.399999999999999,37,0,0,0,0,0,0,0,0.0,0.0,0.0,48.030277252197266,1.7881393432617188e-07
1.424999999999999,37,0,0,0,0,0,0,0,0.0,0.0,0.0,47.72020721435547,1.7881393432617188e-07
1.4499999999999988,37,0,0,0,0,0,0,0,0.0,0.0,0.0,47.421688079833984,1.7881393432617188e-07
1.4749999999999988,37,0,0,0,0,0,0,0,0.0,0.0,0.0,47.13544464111328,1.7881393432617188e-07
1.4999999999999987,37,0,0,0,0,0,0,0,0.0,0.0,0.0,46.827125549316406,1.7881393432617188e-07
1.5249999999999986,37,0,0,0,0,0,0,0,0.0,0.0,0.0,47.3532829284668,1.7881393432617188e-07
1.5499999999999985,37,0,0,0,0,0,0,0,0.0,0.0,0.0,47.7615852355957,1.7881393432617188e-07
1.5749999999999984,37,0,0,0,0,0,0,0,0.0,0.0,0.0,48.04055404663086,1.7881393432617188e-07
1.5999999999999983,37,0,0,0,0,0,0,0,0.0,0.0,0.0,48.170589447021484,1.7881393432617188e-07
1.6249999999999982,37,0,0,0,0,0,0,0,0.0,0.0,0.0,48.13815689086914,1.7881393432617188e-07
1.6499999999999981,37,0,0,0,0,0,0,0,0.0,0.0,0.0,47.96171951293945,1.7881393432617188e-07
1.674999999999998,37,0,0,0,0,0,0,0,0.0,0.0,0.0,47.64988327026367,1.7881393432617188e-07
1.699999999999998,37,62,0,15,47,2,0,2,4.936212435364723,0.0,2.649183839559555,47.16596221923828,1.7881393432617188e-07
1.7249999999999979,37,127,0,34,93,2,0,2,10.241429589688778,0.0,5.970228672027588,46.65311813354492,1.7881393432617188e-07
1.7499999999999978,37,140,0,22,118,3,0,3,11.990900337696075,0.0,6.381995350122452,45.95362854003906,1.7881393432617188e-07
1.7749999999999977,37,235,0,33,202,4,0,4,20.458297602832317,0.0,6.2553728595376015,45.233367919921875,1.7881393432617188e-07
1.7999999999999976,37,306,0,65,241,4,0,4,25.550920821726322,0.0,7.143392615020275,44.5821647644043,1.7881393432617188e-07
1.8249999999999975,37,342,1,71,270,4,0,4,28.51309574395418,0.0,7.721705824136734,44.138362884521484,1.7881393432617188e-07
1.8499999999999974,37,418,0,72,346,6,0,6,35.814562909305096,0.0,8.225014433264732,43.26952362060547,1.7881393432617188e-07
1.8749999999999973,37,467,0,61,406,6,0,6,40.98959304392338,0.0,8.728322573006153,44.842472076416016,1.7881393432617188e-07
1.8999999999999972,37,513,0,73,440,7,0,7,44.67763673514128,0.0,9.064253188669682,47.47993469238281,1.7881393432617188e-07
1.9249999999999972,37,581,0,89,492,7,0,7,50.300240978598595,0.0,9.58610563725233,50.71792984008789,1.7881393432617188e-07
1.949999999999997,37,624,0,85,539,8,0,8,54.57428076118231,0.0,9.562718696892262,54.5581169128418,1.7881393432617188e-07
1.974999999999997,37,660,0,79,581,8,0,8,58.43938855081797,0.0,9.414715126156807,62.563011169433594,1.7881393432617188e-07
1.999999999999997,37,713,0,76,637,9,0,9,63.59259025007486,0.0,9.238481372594833,71.145751953125,1.7881393432617188e-07
0.0,38,0,0,0,0,0,0,0,0.0,0.0,0.0,61.23952102661133,1.7881393432617188e-07
0.025,38,0,0,0,0,0,0,0,0.0,0.0,0.0,60.76957321166992,1.7881393432617188e-07
0.05,38,12,0,2,10,1,0,1,0.9755489677190781,0.0,0.9755489677190781,60.041866302490234,1.7881393432617188e-07
0.07500000000000001,38,60,0,8,52,2,0,2,5.138670824468136,0.0,3.0512630939483643,59.05336380004883,1.7881393432617188e-07
0.1,38,111,0,22,89,2,0,2,9.263874314725399,0.0,4.9293623343110085,58.143096923828125,1.7881393432617188e-07
0.125,38,150,0,30,120,3,0,3,12.503065176308155,0.0,5.780295178294182,58.505096435546875,1.7881393432617188e-07
0.15,38,205,0,32,173,4,0,4,17.651422917842865,0.0,6.3751455321908,59.01768493652344,1.7881393432617188e-07
0.175,38,238,0,23,215,4,0,4,21.283836737275124,0.0,6.9300717413425446,59.63631820678711,1.7881393432617188e-07
0.19999999999999998,38,287,0,30,257,4,0,4,25.583267882466316,0.0,7.275689736008644,59.38880157470703,1.7881393432617188e-07
0.22499999999999998,38,322,0,42,280,4,0,4,28.307456240057945,0.0,7.940701276063919,60.84577178955078,1.7881393432617188e-07
0.24999999999999997,38,409,0,55,354,6,0,6,35.82224416732788,0.0,8.269782036542892,63.50029373168945,1.7881393432617188e-07
0.27499999999999997,38,455,1,51,403,6,0,6,40.34111837297678,0.0,8.575475849211216,67.90235900878906,1.7881393432617188e-07
0.3,38,474,1,37,436,8,0,8,42.8265927284956,0.0,8.552088849246502,74.61978149414062,1.7881393432617188e-07
0.325,38,531,4,41,486,7,0,7,47.965263567864895,0.0,8.528701715171337,85.2656021118164,1.7881393432617188e-07
0.35000000000000003,38,627,3,69,555,8,0,8,55.738139398396015,0.0,8.801321007311344,95.31566619873047,1.7881393432617188e-07
0.37500000000000006,38,662,2,72,588,8,0,8,58.94269655644894,0.0,8.82470828294754,105.367431640625,1.7881393432617188e-07
0.4000000000000001,38,742,2,72,668,10,0,10,66.40430691093206,0.0,8.841245204210281,115.96887969970703,1.7881393432617188e-07
0.4250000000000001,38,789,4,63,722,10,0,10,71.38611831516027,0.0,8.681548476219177,127.0829849243164,1.7881393432617188e-07
0.4500000000000001,38,809,0,50,759,10,0,10,74.18898040056229,0.0,8.68154838681221,138.33514404296875,1.7881393432617188e-07
0.47500000000000014,38,893,1,61,831,12,0,12,81.44328919053078,0.0,8.841245226562023,148.8610382080078,1.7881393432617188e-07
0.5000000000000001,38,941,2,64,875,12,0,12,85.81571911275387,0.0,8.744859710335732,157.46971130371094,1.7881393432617188e-07
0.5250000000000001,38,979,2,75,902,12,0,12,88.8572950810194,0.0,8.761396929621696,162.9337615966797,1.7881393432617188e-07
0.5500000000000002,38,1014,2,72,940,14,0,14,92.2356323376298,0.0,8.721472695469856,164.46884155273438,1.7881393432617188e-07
0.5750000000000002,38,1025,1,61,963,14,0,14,93.94517906010151,0.0,8.87431988120079,162.1177520751953,1.7881393432617188e-07
0.6000000000000002,38,1003,3,65,935,13,0,13,91.61054496467113,0.0,8.994092397391796,156.94190979003906,1.7881393432617188e-07
0.6250000000000002,38,979,4,82,893,12,0,12,88.4338348954916,0.0,8.921093605458736,150.56214904785156,1.7881393432617188e-07
0.6500000000000002,38,945,4,77,864,12,0,12,85.38257143646479,0.0,8.921093627810478,143.2332305908203,1.7881393432617188e-07
0.6750000000000003,38,842,4,59,779,11,0,11,76.59578106552362,0.0,8.897706657648087,135.3072967529297,1.7881393432617188e-07
0.7000000000000003,38,770,2,40,728,10,0,10,70.90986538678408,0.0,8.698085993528366,126.76546478271484,1.7881393432617188e-07
0.7250000000000003,38,738,3,51,684,10,0,10,67.17622303962708,0.0,8.761396899819374,117.38030242919922,1.7881393432617188e-07
0.7500000000000003,38,649,0,63,586,8,0,8,58.3107596039772,0.0,8.961017854511738,107.78092956542969,1.7881393432617188e-07
0.7750000000000004,38,616,0,60,556,8,0,8,55.27119003236294,0.0,8.784784033894539,97.50010681152344,1.7881393432617188e-07
0.8000000000000004,38,578,0,53,525,8,0,8,52.11624313890934,0.0,8.80132108181715,86.24909210205078,1.7881393432617188e-07
0.8250000000000004,38,528,1,34,493,8,0,8,48.17256511747837,0.0,8.721472516655922,74.29370880126953,1.7881393432617188e-07
0.8500000000000004,38,487,1,52,434,8,0,8,43.260915137827396,0.0,8.784783817827702,64.58721923828125,1.7881393432617188e-07
0.8750000000000004,38,421,1,57,363,6,0,6,36.80993405729532,0.0,8.582325868308544,62.122413635253906,1.7881393432617188e-07
0.9000000000000005,38,382,2,57,323,6,0,6,33.05089768022299,0.0,8.088704511523247,58.14017105102539,1.7881393432617188e-07
0.9250000000000005,38,332,1,40,291,5,0,5,29.316080197691917,0.0,7.668081887066364,54.455780029296875,1.7881393432617188e-07
0.9500000000000005,38,276,0,28,248,4,0,4,24.66418033093214,0.0,7.383768692612648,53.499210357666016,1.7881393432617188e-07
0.9750000000000005,38,222,0,27,195,4,0,4,19.572284154593945,0.0,6.9865328669548035,54.62556838989258,1.7881393432617188e-07
1.0000000000000004,38,165,0,24,141,3,0,3,14.287616446614265,0.0,6.431607000529766,54.59819030761719,1.7881393432617188e-07
1.0250000000000004,38,157,0,33,124,3,0,3,13.036610402166843,0.0,6.012990467250347,53.98328399658203,1.7881393432617188e-07
1.0500000000000003,38,114,0,23,91,2,0,2,9.496569842100143,0.0,4.889438226819038,53.46133041381836,1.7881393432617188e-07
1.0750000000000002,38,78,0,16,62,2,0,2,6.4219197779893875,0.0,3.6928874775767326,53.08665084838867,1.7881393432617188e-07
1.1,38,18,0,4,14,1,0,1,1.4127088487148285,0.0,1.4127088487148285,52.58095932006836,1.7881393432617188e-07
1.125,38,0,0,0,0,0,0,0,0.0,0.0,0.0,51.841732025146484,1.7881393432617188e-07
1.15,38,0,0,0,0,0,0,0,0.0,0.0,0.0,51.098876953125,1.7881393432617188e-07
1.1749999999999998,38,0,0,0,0,0,0,0,0.0,0.0,0.0,50.677066802978516,1.7881393432617188e-07
1.1999999999999997,38,0,0,0,0,0,0,0,0.0,0.0,0.0,50.110111236572266,1.7881393432617188e-07
1.2249999999999996,38,0,0,0,0,0,0,0,0.0,0.0,0.0,49.38039016723633,1.7881393432617188e-07
1.2499999999999996,38,0,0,0,0,0,0,0,0.0,0.0,0.0,48.55493927001953,1.7881393432617188e-07
1.2749999999999995,38,0,0,0,0,0,0,0,0.0,0.0,0.0,48.295806884765625,1.7881393432617188e-07
1.2999999999999994,38,0,0,0,0,0,0,0,0.0,0.0,0.0,48.22431945800781,1.7881393432617188e-07
1.3249999999999993,38,0,0,0,0,0,0,0,0.0,0.0,0.0,47.962928771972656,1.7881393432617188e-07
1.3499999999999992,38,0,0,0,0,0,0,0,0.0,0.0,0.0,47.610389709472656,1.7881393432617188e-07
1.3749999999999991,38,0,0,0,0,0,0,0,0.0,0.0,0.0,47.17009735107422,1.7881393432617188e-07
1.399999999999999,38,0,0,0,0,0,0,0,0.0,0.0,0.0,46.988101959228516,1.7881393432617188e-07
1.424999999999999,38,0,0,0,0,0,0,0,0.0,0.0,0.0,47.3535041809082,1.7881393432617188e-07
1.4499999999999988,38,0,0,0,0,0,0,0,0.0,0.0,0.0,47.65529251098633,1.7881393432617188e-07
1.4749999999999988,38,0,0,0,0,0,0,0,0.0,0.0,0.0,47.815120697021484,1.7881393432617188e-07
1.4999999999999987,38,0,0,0,0,0,0,0,0.0,0.0,0.0,47.863216400146484,1.7881393432617188e-07
1.5249999999999986,38,0,0,0,0,0,0,0,0.0,0.0,0.0,47.78307342529297,1.7881393432617188e-07
1.5499999999999985,38,0,0,0,0,0,0,0,0.0,0.0,0.0,47.59199905395508,1.7881393432617188e-07
1.5749999999999984,38,0,0,0,0,0,0,0,0.0,0.0,0.0,47.265869140625,1.7881393432617188e-07
1.5999999999999983,38,0,0,0,0,0,0,0,0.0,0.0,0.0,46.84904861450195,1.7881393432617188e-07
1.6249999999999982,38,0,0,0,0,0,0,0,0.0,0.0,0.0,46.325809478759766,1.7881393432617188e-07
1.6499999999999981,38,0,0,0,0,0,0,0,0.0,0.0,0.0,45.698001861572266,1.7881393432617188e-07
1.674999999999998,38,0,0,0,0,0,0,0,0.0,0.0,0.0,45.4328498840332,1.7881393432617188e-07
1.699999999999998,38,71,0,19,52,2,0,2,5.662528790533543,0.0,3.0298823043704033,45.5394172668457,1.7881393432617188e-07
1.7249999999999979,38,105,1,23,81,3,0,3,8.58917597681284,0.0,4.532127007842064,45.379756927490234,1.7881393432617188e-07
1.7499999999999978,38,182,0,25,157,4,0,4,15.77332367748022,0.0,5.620598554611206,45.39314651489258,1.7881393432617188e-07
1.7749999999999977,38,246,0,45,201,4,0,4,20.784540601074696,0.0,6.5582292303442955,45.6507453918457,1.7881393432617188e-07
1.7999999999999976,38,288,0,58,230,4,0,4,24.18342774361372,0.0,7.517241187393665,45.68406295776367,1.7881393432617188e-07
1.8249999999999975,38,339,0,57,282,6,0,6,29.07525534182787,0.0,7.935857720673084,44.692264556884766,1.7881393432617188e-07
1.8499999999999974,38,400,0,50,350,6,0,6,35.181066669523716,0.0,8.070161178708076,45.03129577636719,1.7881393432617188e-07
1.8749999999999973,38,465,0,69,396,6,0,6,40.373361237347126,0.0,8.432316176593304,46.53730392456055,1.7881393432617188e-07
1.8999999999999972,38,516,0,78,438,6,0,6,44.80910339206457,0.0,9.000942423939705,47.48262405395508,1.7881393432617188e-07
1.9249999999999972,38,585,0,85,500,7,0,7,50.968091033399105,0.0,9.649417124688625,49.692264556884766,1.7881393432617188e-07
1.949999999999997,38,622,0,81,541,8,0,8,54.63558454066515,0.0,9.449796192348003,58.34645462036133,1.7881393432617188e-07
1.974999999999997,38,653,0,76,577,8,0,8,57.9058436229825,0.0,9.466333195567131,66.47718811035156,1.7881393432617188e-07
1.999999999999997,38,699,0,82,617,9,0,9,61.932655572891235,0.0,9.28324943780899,73.10836029052734,1.7881393432617188e-07
0.0,39,0,0,0,0,0,0,0,0.0,0.0,0.0,61.5125846862793,1.7881393432617188e-07
0.025,39,0,0,0,0,0,0,0,0.0,0.0,0.0,61.00783920288086,1.7881393432617188e-07
0.05,39,0,0,0,0,0,0,0,0.0,0.0,0.0,60.19095993041992,1.7881393432617188e-07
0.07500000000000001,39,52,0,11,41,2,0,2,4.226433038711548,0.0,2.978264607489109,59.23362731933594,1.7881393432617188e-07
0.1,39,102,0,18,84,2,0,2,8.622249960899353,0.0,4.367586389183998,58.77226257324219,1.7881393432617188e-07
0.125,39,144,0,14,130,3,0,3,12.799902580678463,0.0,5.347978882491589,58.43313980102539,1.7881393432617188e-07
0.15,39,200,0,20,180,4,0,4,17.847031481564045,0.0,6.039214864373207,57.84379959106445,1.7881393432617188e-07
0.175,39,267,0,38,229,4,0,4,23.288110561668873,0.0,6.817149095237255,58.6998176574707,1.7881393432617188e-07
0.19999999999999998,39,320,0,55,265,4,0,4,27.380688086152077,0.0,7.5950834304094315,59.54846954345703,1.7881393432617188e-07
0.22499999999999998,39,367,1,42,324,6,0,6,32.39557348936796,0.0,7.8773899376392365,62.0461311340332,1.7881393432617188e-07
0.24999999999999997,39,420,2,39,379,6,0,6,37.58869890123606,0.0,8.143159605562687,63.34152603149414,1.7881393432617188e-07
0.27499999999999997,39,464,2,48,414,6,0,6,41.34974130988121,0.0,8.439166143536568,68.396240234375,1.7881393432617188e-07
0.3,39,513,1,58,454,7,0,7,45.580570973455906,0.0,8.631937265396118,75.180419921875,1.7881393432617188e-07
0.325,39,594,2,65,527,8,0,8,52.75547883659601,0.0,8.74485969543457,83.1456069946289,1.7881393432617188e-07
0.35000000000000003,39,617,1,51,565,8,0,8,55.76280450820923,0.0,8.761396765708923,91.19412231445312,1.7881393432617188e-07
0.37500000000000006,39,646,3,53,590,8,0,8,58.41683231294155,0.0,8.625087097287178,104.47945404052734,1.7881393432617188e-07
0.4000000000000001,39,728,3,70,655,10,0,10,65.16783242672682,0.0,8.665011242032051,115.76168060302734,1.7881393432617188e-07
0.4250000000000001,39,784,0,73,711,10,0,10,70.4807308986783,0.0,8.744859755039215,129.2034149169922,1.7881393432617188e-07
0.4500000000000001,39,823,3,71,749,11,0,11,74.228072963655,0.0,8.704935543239117,142.4861297607422,1.7881393432617188e-07
0.47500000000000014,39,900,3,71,826,12,0,12,81.41222091764212,0.0,8.585162855684757,154.3065948486328,1.7881393432617188e-07
0.5000000000000001,39,943,3,74,866,12,0,12,85.44387704133987,0.0,8.505314484238625,162.69602966308594,1.7881393432617188e-07
0.5250000000000001,39,980,3,78,899,12,0,12,88.72783491760492,0.0,8.585162945091724,166.52774047851562,1.7881393432617188e-07
0.5500000000000002,39,1019,4,78,937,13,0,13,92.33402422070503,0.0,8.585162945091724,165.86517333984375,1.7881393432617188e-07
0.5750000000000002,39,1024,5,70,949,14,0,14,93.14302635192871,0.0,8.744859658181667,160.9741668701172,1.7881393432617188e-07
0.6000000000000002,39,1003,2,63,938,13,0,13,91.7516975402832,0.0,8.817858099937439,154.06163024902344,1.7881393432617188e-07
0.6250000000000002,39,955,2,52,901,12,0,12,87.84265230596066,0.0,8.698085442185402,150.39186096191406,1.7881393432617188e-07
0.6500000000000002,39,917,3,56,858,12,0,12,83.95415682345629,0.0,8.777933910489082,144.33335876464844,1.7881393432617188e-07
0.6750000000000003,39,839,2,58,779,11,0,11,76.44777745753527,0.0,8.817858077585697,134.1851806640625,1.7881393432617188e-07
0.7000000000000003,39,785,3,66,716,10,0,10,70.80296158790588,0.0,8.62508711963892,127.89290618896484,1.7881393432617188e-07
0.7250000000000003,39,742,2,68,672,10,0,10,66.63015381246805,0.0,8.625087186694145,121.15898895263672,1.7881393432617188e-07
0.7500000000000003,39,647,0,55,592,9,0,9,58.50107591599226,0.0,8.665011264383793,112.50133514404297,1.7881393432617188e-07
0.7750000000000004,39,603,0,50,553,8,0,8,54.58279125392437,0.0,8.488777488470078,101.33051300048828,1.7881393432617188e-07
0.8000000000000004,39,575,1,52,522,9,0,9,51.61822648346424,0.0,8.512164510786533,87.9520492553711,1.7881393432617188e-07
0.8250000000000004,39,553,1,62,490,9,0,9,49.07383632659912,0.0,8.688398368656635,73.5883560180664,1.7881393432617188e-07
0.8500000000000004,39,507,2,62,443,7,0,7,44.719950154423714,0.0,8.671861290931702,65.39634704589844,1.7881393432617188e-07
0.8750000000000004,39,417,0,50,367,7,0,7,36.751466035842896,0.0,8.359317645430565,61.29227066040039,1.7881393432617188e-07
0.9000000000000005,39,358,1,42,315,5,0,5,31.709180660545826,0.0,7.893926963210106,60.50401306152344,1.7881393432617188e-07
0.9250000000000005,39,320,1,37,282,5,0,5,28.300607077777386,0.0,7.548309430480003,59.35884475708008,1.7881393432617188e-07
0.9500000000000005,39,286,1,39,246,5,0,5,24.882345087826252,0.0,7.202691197395325,56.1131477355957,1.7881393432617188e-07
0.9750000000000005,39,193,0,31,162,3,0,3,16.591182500123978,0.0,6.744150921702385,54.75326919555664,1.7881393432617188e-07
1.0000000000000004,39,147,0,23,124,3,0,3,12.693381950259209,0.0,6.165837317705154,54.46139907836914,1.7881393432617188e-07
1.0250000000000004,39,132,0,17,115,3,0,3,11.502122908830643,0.0,5.211669348180294,54.66032791137695,1.7881393432617188e-07
1.0500000000000003,39,96,1,9,86,2,0,2,8.49562755972147,0.0,4.480509124696255,54.72404098510742,1.7881393432617188e-07
1.0750000000000002,39,82,1,13,68,2,0,2,6.948615193367004,0.0,3.8243536427617073,54.41557693481445,1.7881393432617188e-07
1.1,39,58,1,20,37,2,0,2,4.381286196410656,0.0,2.195486642420292,53.866485595703125,1.7881393432617188e-07
1.125,39,0,0,0,0,0,0,0,0.0,0.0,0.0,53.23191833496094,1.7881393432617188e-07
1.15,39,0,0,0,0,0,0,0,0.0,0.0,0.0,52.51062774658203,1.7881393432617188e-07
1.1749999999999998,39,0,0,0,0,0,0,0,0.0,0.0,0.0,51.70432662963867,1.7881393432617188e-07
1.1999999999999997,39,0,0,0,0,0,0,0,0.0,0.0,0.0,50.754852294921875,1.7881393432617188e-07
1.2249999999999996,39,0,0,0,0,0,0,0,0.0,0.0,0.0,49.7402458190918,1.7881393432617188e-07
1.2499999999999996,39,0,0,0,0,0,0,0,0.0,0.0,0.0,48.78183364868164,1.7881393432617188e-07
1.2749999999999995,39,0,0,0,0,0,0,0,0.0,0.0,0.0,48.81138610839844,1.7881393432617188e-07
1.2999999999999994,39,0,0,0,0,0,0,0,0.0,0.0,0.0,49.16841506958008,1.7881393432617188e-07
1.3249999999999993,39,0,0,0,0,0,0,0,0.0,0.0,0.0,49.413734436035156,1.7881393432617188e-07
1.3499999999999992,39,0,0,0,0,0,0,0,0.0,0.0,0.0,49.638729095458984,1.7881393432617188e-07
1.3749999999999991,39,0,0,0,0,0,0,0,0.0,0.0,0.0,49.759708404541016,1.7881393432617188e-07
1.399999999999999,39,0,0,0,0,0,0,0,0.0,0.0,0.0,49.740638732910156,1.7881393432617188e-07
1.424999999999999,39,0,0,0,0,0,0,0,0.0,0.0,0.0,49.59479904174805,1.7881393432617188e-07
1.4499999999999988,39,0,0,0,0,0,0,0,0.0,0.0,0.0,49.32965087890625,1.7881393432617188e-07
1.4749999999999988,39,0,0,0,0,0,0,0,0.0,0.0,0.0,48.93796157836914,1.7881393432617188e-07
1.4999999999999987,39,0,0,0,0,0,0,0,0.0,0.0,0.0,48.43190383911133,1.7881393432617188e-07
1.5249999999999986,39,0,0,0,0,0,0,0,0.0,0.0,0.0,47.82331466674805,1.7881393432617188e-07
1.5499999999999985,39,0,0,0,0,0,0,0,0.0,0.0,0.0,47.433143615722656,1.7881393432617188e-07
1.5749999999999984,39,0,0,0,0,0,0,0,0.0,0.0,0.0,47.372005462646484,1.7881393432617188e-07
1.5999999999999983,39,0,0,0,0,0,0,0,0.0,0.0,0.0,47.49591064453125,1.7881393432617188e-07
1.6249999999999982,39,0,0,0,0,0,0,0,0.0,0.0,0.0,47.5120964050293,1.7881393432617188e-07
1.6499999999999981,39,0,0,0,0,0,0,0,0.0,0.0,0.0,47.43128204345703,1.7881393432617188e-07
1.674999999999998,39,0,0,0,0,0,0,0,0.0,0.0,0.0,47.24966812133789,1.7881393432617188e-07
1.699999999999998,39,50,0,5,45,2,0,2,4.344199277460575,0.0,3.2440341413021088,46.91878128051758,1.7881393432617188e-07
1.7249999999999979,39,101,0,14,87,2,0,2,8.779940702021122,0.0,4.769665852189064,46.534053802490234,1.7881393432617188e-07
1.7499999999999978,39,158,1,23,134,3,0,3,13.612917222082615,0.0,5.756908126175404,46.2030029296875,1.7881393432617188e-07
1.7749999999999977,39,217,1,30,186,4,0,4,18.808049209415913,0.0,6.278759978711605,45.64811325073242,1.7881393432617188e-07
1.7999999999999976,39,269,0,50,219,4,0,4,22.83202374726534,0.0,7.425699412822723,45.318077087402344,1.7881393432617188e-07
1.8249999999999975,39,307,0,48,259,5,0,5,26.454750895500183,0.0,8.100398153066635,44.69713592529297,1.7881393432617188e-07
1.8499999999999974,39,407,0,55,352,6,0,6,35.54522876441479,0.0,8.406091801822186,44.410552978515625,1.7881393432617188e-07
1.8749999999999973,39,438,0,48,390,6,0,6,39.06956289708614,0.0,8.479090437293053,46.424190521240234,1.7881393432617188e-07
1.8999999999999972,39,480,0,61,419,6,0,6,42.44021920859814,0.0,8.671861410140991,47.38162612915039,1.7881393432617188e-07
1.9249999999999972,39,569,0,77,492,8,0,8,50.00662446022034,0.0,8.91424398869276,49.29096984863281,1.7881393432617188e-07
1.949999999999997,39,632,3,75,554,8,0,8,55.90952945500612,0.0,9.353410452604294,55.47883987426758,1.7881393432617188e-07
1.974999999999997,39,668,0,67,601,8,0,8,59.85977951437235,0.0,9.323173373937607,61.039493560791016,1.7881393432617188e-07
1.999999999999997,39,691,0,74,617,8,0,8,61.737877398729324,0.0,9.386484816670418,70.43851470947266,1.7881393432617188e-07
0.0,40,0,0,0,0,0,0,0,0.0,0.0,0.0,59.466548919677734,1.7881393432617188e-07
0.025,40,0,0,0,0,0,0,0,0.0,0.0,0.0,58.85127258300781,1.7881393432617188e-07
0.05,40,11,0,2,9,1,0,1,0.9351767748594284,0.0,0.9351767748594284,58.08926010131836,1.7881393432617188e-07
0.07500000000000001,40,77,0,10,67,2,0,2,6.664302118122578,0.0,3.4368051141500473,58.434654235839844,1.7881393432617188e-07
0.1,40,97,0,7,90,2,0,2,8.761397071182728,0.0,4.440584942698479,59.124385833740234,1.7881393432617188e-07
0.125,40,149,0,19,130,3,0,3,13.027753971517086,0.0,5.484288543462753,59.446292877197266,1.7881393432617188e-07
0.15,40,246,0,41,205,4,0,4,21.010385684669018,0.0,6.125913076102734,58.776206970214844,1.7881393432617188e-07
0.175,40,274,0,33,241,4,0,4,24.16087183356285,0.0,6.664302311837673,59.71647644042969,1.7881393432617188e-07
0.19999999999999998,40,287,0,29,258,4,0,4,25.667959697544575,0.0,7.106305621564388,61.45546340942383,1.7881393432617188e-07
0.22499999999999998,40,293,0,24,269,4,0,4,26.5003495067358,0.0,7.372075304389,64.6031494140625,1.7881393432617188e-07
0.24999999999999997,40,376,1,43,332,6,0,6,33.40330048650503,0.0,7.814078666269779,65.50679779052734,1.7881393432617188e-07
0.27499999999999997,40,494,3,65,426,6,0,6,43.19677307456732,0.0,8.279469326138496,68.74231719970703,1.7881393432617188e-07
0.3,40,513,2,54,457,6,0,6,45.73386427760124,0.0,8.728322513401508,72.4875717163086,1.7881393432617188e-07
0.325,40,507,0,40,467,7,0,7,45.99077799171209,0.0,8.761396884918213,84.21806335449219,1.7881393432617188e-07
0.35000000000000003,40,547,0,37,510,8,0,8,49.91919790953398,0.0,8.681548446416855,93.76029205322266,1.7881393432617188e-07
0.37500000000000006,40,676,1,62,613,9,0,9,60.76032228767872,0.0,8.58516300469637,105.94326782226562,1.7881393432617188e-07
0.4000000000000001,40,708,0,53,655,10,0,10,64.31288672983646,0.0,8.625087097287178,120.16645050048828,1.7881393432617188e-07
0.4250000000000001,40,745,3,45,697,10,0,10,68.21792054921389,0.0,8.761396735906601,134.10243225097656,1.7881393432617188e-07
0.4500000000000001,40,793,2,47,744,11,0,11,72.60688751190901,0.0,8.721472583711147,145.85467529296875,1.7881393432617188e-07
0.47500000000000014,40,877,3,50,824,12,0,12,80.4092723056674,0.0,8.585162982344627,155.49586486816406,1.7881393432617188e-07
0.5000000000000001,40,910,1,40,869,12,0,12,84.23930130898952,0.0,8.625087134540081,160.6126708984375,1.7881393432617188e-07
0.5250000000000001,40,953,4,43,906,12,0,12,88.07334119081497,0.0,8.681548371911049,161.55271911621094,1.7881393432617188e-07
0.5500000000000002,40,1012,1,50,961,14,0,14,93.31324135512114,0.0,8.68154838681221,159.87982177734375,1.7881393432617188e-07
0.5750000000000002,40,1026,3,51,972,14,0,14,94.49325593560934,0.0,8.834395602345467,156.83140563964844,1.7881393432617188e-07
0.6000000000000002,40,969,3,36,930,15,0,15,89.83450518548489,0.0,8.738009676337242,154.18748474121094,1.7881393432617188e-07
0.6250000000000002,40,947,4,44,899,12,0,12,87.46679749339819,0.0,8.738009750843048,148.70358276367188,1.7881393432617188e-07
0.6500000000000002,40,918,3,63,852,12,0,12,83.59885257482529,0.0,8.665011368691921,145.71018981933594,1.7881393432617188e-07
0.6750000000000003,40,831,3,57,771,11,0,11,75.70492342114449,0.0,8.665011323988438,141.1943359375,1.7881393432617188e-07
0.7000000000000003,40,760,3,44,713,10,0,10,69.63547265529633,0.0,8.641624204814434,133.98471069335938,1.7881393432617188e-07
0.7250000000000003,40,690,3,39,648,9,0,9,63.26717735081911,0.0,8.665011405944824,123.57154846191406,1.7881393432617188e-07
0.7500000000000003,40,648,0,37,611,9,0,9,59.52952212840319,0.0,8.585162997245789,110.31441497802734,1.7881393432617188e-07
0.7750000000000004,40,601,1,45,555,8,0,8,54.6158656552434,0.0,8.665011376142502,96.93257141113281,1.7881393432617188e-07
0.8000000000000004,40,565,1,56,508,8,0,8,50.55314179509878,0.0,8.801321104168892,83.76244354248047,1.7881393432617188e-07
0.8250000000000004,40,490,1,44,445,6,0,6,44.10984065383673,0.0,8.688398279249668,76.27809143066406,1.7881393432617188e-07
0.8500000000000004,40,458,0,35,423,6,0,6,41.590118072927,0.0,8.455703102052212,68.2834243774414,1.7881393432617188e-07
0.8750000000000004,40,427,0,35,392,7,0,7,38.534011885523796,0.0,8.1032355427742,60.34395980834961,1.7881393432617188e-07
0.9000000000000005,40,368,0,36,332,6,0,6,32.91541872173548,0.0,7.814078710973263,56.02370834350586,1.7881393432617188e-07
0.9250000000000005,40,303,0,36,267,4,0,4,26.814898923039436,0.0,7.6846188977360725,55.261253356933594,1.7881393432617188e-07
0.9500000000000005,40,278,0,37,241,4,0,4,24.37702999264002,0.0,7.475310653448105,53.576324462890625,1.7881393432617188e-07
0.9750000000000005,40,241,0,29,212,4,0,4,21.205994457006454,0.0,6.896997451782227,53.65890884399414,1.7881393432617188e-07
1.0000000000000004,40,188,0,18,170,4,0,4,16.74686636775732,0.0,6.215448774397373,54.393714904785156,1.7881393432617188e-07
1.0250000000000004,40,129,1,10,118,3,0,3,11.5235036611557,0.0,5.387903191149235,54.20034408569336,1.7881393432617188e-07
1.0500000000000003,40,107,1,19,87,2,0,2,9.019485883414745,0.0,4.656743057072163,53.50374984741211,1.7881393432617188e-07
1.0750000000000002,40,81,0,20,61,2,0,2,6.569922938942909,0.0,3.6928874850273132,52.806007385253906,1.7881393432617188e-07
1.1,40,29,1,5,23,1,0,1,2.360027089715004,0.0,2.360027089715004,52.18034744262695,1.7881393432617188e-07
1.125,40,0,0,0,0,0,0,0,0.0,0.0,0.0,52.180213928222656,1.7881393432617188e-07
1.15,40,0,0,0,0,0,0,0,0.0,0.0,0.0,52.57777786254883,1.7881393432617188e-07
1.1749999999999998,40,0,0,0,0,0,0,0,0.0,0.0,0.0,52.827335357666016,1.7881393432617188e-07
1.1999999999999997,40,0,0,0,0,0,0,0,0.0,0.0,0.0,52.86970520019531,1.7881393432617188e-07
1.2249999999999996,40,0,0,0,0,0,0,0,0.0,0.0,0.0,52.730186462402344,1.7881393432617188e-07
1.2499999999999996,40,0,0,0,0,0,0,0,0.0,0.0,0.0,52.40048599243164,1.7881393432617188e-07
1.2749999999999995,40,0,0,0,0,0,0,0,0.0,0.0,0.0,51.896060943603516,1.7881393432617188e-07
1.2999999999999994,40,0,0,0,0,0,0,0,0.0,0.0,0.0,51.23346710205078,1.7881393432617188e-07
1.3249999999999993,40,0,0,0,0,0,0,0,0.0,0.0,0.0,51.16720962524414,1.7881393432617188e-07
1.3499999999999992,40,0,0,0,0,0,0,0,0.0,0.0,0.0,51.34510803222656,1.7881393432617188e-07
1.3749999999999991,40,0,0,0,0,0,0,0,0.0,0.0,0.0,51.32536315917969,1.7881393432617188e-07
1.399999999999999,40,0,0,0,0,0,0,0,0.0,0.0,0.0,51.13272476196289,1.7881393432617188e-07
1.424999999999999,40,0,0,0,0,0,0,0,0.0,0.0,0.0,50.77538299560547,1.7881393432617188e-07
1.4499999999999988,40,0,0,0,0,0,0,0,0.0,0.0,0.0,50.40113067626953,1.7881393432617188e-07
1.4749999999999988,40,0,0,0,0,0,0,0,0.0,0.0,0.0,49.85550308227539,1.7881393432617188e-07
1.4999999999999987,40,0,0,0,0,0,0,0,0.0,0.0,0.0,49.153499603271484,1.7881393432617188e-07
1.5249999999999986,40,0,0,0,0,0,0,0,0.0,0.0,0.0,48.3196907043457,1.7881393432617188e-07
1.5499999999999985,40,0,0,0,0,0,0,0,0.0,0.0,0.0,47.36550521850586,1.7881393432617188e-07
1.5749999999999984,40,0,0,0,0,0,0,0,0.0,0.0,0.0,47.33235549926758,1.7881393432617188e-07
1.5999999999999983,40,0,0,0,0,0,0,0,0.0,0.0,0.0,47.42271423339844,1.7881393432617188e-07
1.6249999999999982,40,0,0,0,0,0,0,0,0.0,0.0,0.0,47.35499954223633,1.7881393432617188e-07
1.6499999999999981,40,0,0,0,0,0,0,0,0.0,0.0,0.0,47.1649284362793,1.7881393432617188e-07
1.674999999999998,40,0,0,0,0,0,0,0,0.0,0.0,0.0,46.82510757446289,1.7881393432617188e-07
1.699999999999998,40,44,0,3,41,2,0,2,3.9630527421832085,0.0,1.9954176992177963,46.318397521972656,1.7881393432617188e-07
1.7249999999999979,40,87,0,9,78,2,0,2,7.684618964791298,0.0,3.9421200081706047,45.72489929199219,1.7881393432617188e-07
1.7499999999999978,40,142,0,21,121,3,0,3,12.26836334168911,0.0,5.338291652500629,45.15816879272461,1.7881393432617188e-07
1.7749999999999977,40,222,0,33,189,4,0,4,19.148823961615562,0.0,6.302147015929222,44.392662048339844,1.7881393432617188e-07
1.7999999999999976,40,270,0,29,241,4,0,4,24.001175582408905,0.0,6.953458875417709,43.35054016113281,1.7881393432617188e-07
1.8249999999999975,40,297,0,23,274,4,0,4,26.94235298782587,0.0,7.508385106921196,43.08490753173828,1.7881393432617188e-07
1.8499999999999974,40,380,0,38,342,6,0,6,33.93089182674885,0.0,7.8540028259158134,43.011165618896484,1.7881393432617188e-07
1.8749999999999973,40,453,0,57,396,6,0,6,39.89427171647549,0.0,8.302856586873531,44.067562103271484,1.7881393432617188e-07
1.8999999999999972,40,486,0,48,438,6,0,6,43.58314613997936,0.0,8.55208883434534,46.32900619506836,1.7881393432617188e-07
1.9249999999999972,40,514,0,41,473,6,0,6,46.64893950521946,0.0,8.857782237231731,48.472110748291016,1.7881393432617188e-07
1.949999999999997,40,583,0,53,530,8,0,8,52.51392634212971,0.0,8.897706255316734,55.75254821777344,1.7881393432617188e-07
1.974999999999997,40,656,0,73,583,8,0,8,58.36438353359699,0.0,9.034016698598862,62.86786651611328,1.7881393432617188e-07
1.999999999999997,40,696,0,76,620,8,0,8,62.05042219161987,0.0,9.18686380982399,68.8871841430664,1.7881393432617188e-07
0.0,41,0,0,0,0,0,0,0,0.0,0.0,0.0,61.367191314697266,1.7881393432617188e-07
0.025,41,0,0,0,0,0,0,0,0.0,0.0,0.0,60.966651916503906,1.7881393432617188e-07
0.05,41,0,0,0,0,0,0,0,0.0,0.0,0.0,60.23746871948242,1.7881393432617188e-07
0.07500000000000001,41,67,0,9,58,2,0,2,5.756908230483532,0.0,3.0911873057484627,59.572513580322266,1.7881393432617188e-07
0.1,41,108,1,16,91,2,0,2,9.257024593651295,0.0,4.776515617966652,60.7424430847168,1.7881393432617188e-07
0.125,41,149,0,24,125,4,0,4,12.677292451262474,0.0,5.848450124263763,61.045711517333984,1.7881393432617188e-07
0.15,41,216,0,33,183,4,0,4,18.626971922814846,0.0,6.375145569443703,61.099510192871094,1.7881393432617188e-07
0.175,41,251,0,35,216,4,0,4,21.83108166605234,0.0,6.823998972773552,62.50077438354492,1.7881393432617188e-07
0.19999999999999998,41,282,0,32,250,4,0,4,24.98841769248247,0.0,7.339001066982746,63.72555160522461,1.7881393432617188e-07
0.22499999999999998,41,316,0,36,280,4,0,4,28.03968082368374,0.0,7.814078889787197,62.4755973815918,1.7881393432617188e-07
0.24999999999999997,41,418,1,47,370,6,0,6,37.08539072424173,0.0,8.422629207372665,62.91377258300781,1.7881393432617188e-07
0.27499999999999997,41,480,2,61,417,6,0,6,42.12968201190233,0.0,8.775096796453,67.0253677368164,1.7881393432617188e-07
0.3,41,503,1,60,442,7,0,7,44.39131774753332,0.0,8.768246918916702,73.8067626953125,1.7881393432617188e-07
0.325,41,540,1,53,486,7,0,7,48.3245809301734,0.0,8.784783944487572,81.77072143554688,1.7881393432617188e-07
0.35000000000000003,41,605,3,49,553,8,0,8,54.63440928608179,0.0,8.824708208441734,93.4913101196289,1.7881393432617188e-07
0.37500000000000006,41,648,0,54,594,8,0,8,58.6378338560462,0.0,8.824708193540573,106.66334533691406,1.7881393432617188e-07
0.4000000000000001,41,718,1,75,642,9,0,9,64.04628729820251,0.0,8.848095200955868,120.1606674194336,1.7881393432617188e-07
0.4250000000000001,41,786,2,87,697,12,0,12,69.71850283443928,0.0,8.904556386172771,132.6941680908203,1.7881393432617188e-07
0.4500000000000001,41,842,2,74,766,12,0,12,75.84964283555746,0.0,8.801321059465408,143.5928497314453,1.7881393432617188e-07
0.47500000000000014,41,894,3,58,833,12,0,12,81.59613606333733,0.0,8.8178581148386,151.54681396484375,1.7881393432617188e-07
0.5000000000000001,41,962,6,73,883,12,0,12,87.1905103996396,0.0,8.857782311737537,156.15489196777344,1.7881393432617188e-07
0.5250000000000001,41,1002,3,84,915,12,0,12,90.50954785197973,0.0,8.921093538403511,158.11502075195312,1.7881393432617188e-07
0.5500000000000002,41,1034,3,84,947,13,0,13,93.52573022246361,0.0,8.977554775774479,158.15696716308594,1.7881393432617188e-07
0.5750000000000002,41,1023,5,62,956,13,0,13,93.56648628413677,0.0,8.857782296836376,156.98202514648438,1.7881393432617188e-07
0.6000000000000002,41,995,4,51,940,13,0,13,91.60168819129467,0.0,8.777933791279793,155.09088134765625,1.7881393432617188e-07
0.6250000000000002,41,967,3,70,894,12,0,12,87.92651289701462,0.0,8.801320895552635,151.9130096435547,1.7881393432617188e-07
0.6500000000000002,41,909,2,76,831,12,0,12,82.0820764824748,0.0,8.881169244647026,147.02757263183594,1.7881393432617188e-07
0.6750000000000003,41,821,2,66,753,11,0,11,74.26114778220654,0.0,8.921093620359898,140.00401306152344,1.7881393432617188e-07
0.7000000000000003,41,780,1,70,709,10,0,10,70.26457332074642,0.0,8.74485982209444,131.43238830566406,1.7881393432617188e-07
0.7250000000000003,41,717,1,63,653,10,0,10,64.55928265303373,0.0,8.777933828532696,120.72664642333984,1.7881393432617188e-07
0.7500000000000003,41,672,1,72,599,8,0,8,59.934782683849335,0.0,8.897706530988216,108.07635498046875,1.7881393432617188e-07
0.7750000000000004,41,652,1,86,565,8,0,8,57.27307468652725,0.0,8.961017735302448,94.56391906738281,1.7881393432617188e-07
0.8000000000000004,41,614,1,81,532,8,0,8,53.86449968069792,0.0,8.927943587303162,83.14366912841797,1.7881393432617188e-07
0.8250000000000004,41,552,5,71,476,10,0,10,48.062824077904224,0.0,8.695248417556286,74.69197082519531,1.7881393432617188e-07
0.8500000000000004,41,488,2,58,428,6,0,6,43.12661149352789,0.0,8.512164495885372,66.58299255371094,1.7881393432617188e-07
0.8750000000000004,41,470,3,65,402,6,0,6,40.96821177750826,0.0,8.462553478777409,58.996429443359375,1.7881393432617188e-07
0.9000000000000005,41,426,0,69,357,6,0,6,36.699017845094204,0.0,8.42262913286686,57.67899703979492,1.7881393432617188e-07
0.9250000000000005,41,385,0,65,320,6,0,6,32.94482436776161,0.0,8.196783393621445,55.74247741699219,1.7881393432617188e-07
0.9500000000000005,41,314,0,49,265,4,0,4,27.11291240155697,0.0,7.668082073330879,53.09334182739258,1.7881393432617188e-07
0.9750000000000005,41,267,0,41,226,4,0,4,23.09094411879778,0.0,7.016770288348198,52.2883415222168,1.7881393432617188e-07
1.0000000000000004,41,214,0,30,184,4,0,4,18.60358540713787,0.0,6.353765092790127,52.29486083984375,1.7881393432617188e-07
1.0250000000000004,41,178,0,35,143,4,0,4,15.01988634467125,0.0,6.0198401883244514,52.15708923339844,1.7881393432617188e-07
1.0500000000000003,41,123,0,28,95,2,0,2,10.081732951104641,0.0,5.305217407643795,51.472774505615234,1.7881393432617188e-07
1.0750000000000002,41,95,0,24,71,2,0,2,7.608783200383186,0.0,3.9723569601774216,50.795230865478516,1.7881393432617188e-07
1.1,41,37,1,7,29,2,0,2,2.921803168952465,0.0,2.0708704441785812,50.68708801269531,1.7881393432617188e-07
1.125,41,0,0,0,0,0,0,0,0.0,0.0,0.0,51.208290100097656,1.7881393432617188e-07
1.15,41,0,0,0,0,0,0,0,0.0,0.0,0.0,51.60250473022461,1.7881393432617188e-07
1.1749999999999998,41,0,0,0,0,0,0,0,0.0,0.0,0.0,51.81987762451172,1.7881393432617188e-07
1.1999999999999997,41,0,0,0,0,0,0,0,0.0,0.0,0.0,51.885581970214844,1.7881393432617188e-07
1.2249999999999996,41,0,0,0,0,0,0,0,0.0,0.0,0.0,51.77933120727539,1.7881393432617188e-07
1.2499999999999996,41,0,0,0,0,0,0,0,0.0,0.0,0.0,51.535423278808594,1.7881393432617188e-07
1.2749999999999995,41,0,0,0,0,0,0,0,0.0,0.0,0.0,51.16941452026367,1.7881393432617188e-07
1.2999999999999994,41,0,0,0,0,0,0,0,0.0,0.0,0.0,50.64554977416992,1.7881393432617188e-07
1.3249999999999993,41,0,0,0,0,0,0,0,0.0,0.0,0.0,50.03995895385742,1.7881393432617188e-07
1.3499999999999992,41,0,0,0,0,0,0,0,0.0,0.0,0.0,49.268123626708984,1.7881393432617188e-07
1.3749999999999991,41,0,0,0,0,0,0,0,0.0,0.0,0.0,49.20556640625,1.7881393432617188e-07
1.399999999999999,41,0,0,0,0,0,0,0,0.0,0.0,0.0,49.472896575927734,1.7881393432617188e-07
1.424999999999999,41,0,0,0,0,0,0,0,0.0,0.0,0.0,49.650665283203125,1.7881393432617188e-07
1.4499999999999988,41,0,0,0,0,0,0,0,0.0,0.0,0.0,49.68051528930664,1.7881393432617188e-07
1.4749999999999988,41,0,0,0,0,0,0,0,0.0,0.0,0.0,49.58944320678711,1.7881393432617188e-07
1.4999999999999987,41,0,0,0,0,0,0,0,0.0,0.0,0.0,49.37007522583008,1.7881393432617188e-07
1.5249999999999986,41,0,0,0,0,0,0,0,0.0,0.0,0.0,49.008644104003906,1.7881393432617188e-07
1.5499999999999985,41,0,0,0,0,0,0,0,0.0,0.0,0.0,48.5300178527832,1.7881393432617188e-07
1.5749999999999984,41,0,0,0,0,0,0,0,0.0,0.0,0.0,47.96511459350586,1.7881393432617188e-07
1.5999999999999983,41,0,0,0,0,0,0,0,0.0,0.0,0.0,47.30554962158203,1.7881393432617188e-07
1.6249999999999982,41,0,0,0,0,0,0,0,0.0,0.0,0.0,46.50905227661133,1.7881393432617188e-07
1.6499999999999981,41,0,0,0,0,0,0,0,0.0,0.0,0.0,45.92951202392578,1.7881393432617188e-07
1.674999999999998,41,22,0,6,16,2,0,2,1.6454040557146072,0.0,1.1517828553915024,45.963016510009766,1.7881393432617188e-07
1.699999999999998,41,75,0,18,57,2,0,2,6.048071071505547,0.0,3.3073453679680824,45.91836929321289,1.7881393432617188e-07
1.7249999999999979,41,103,0,19,84,3,0,3,8.594019211828709,0.0,4.543820217251778,45.69309997558594,1.7881393432617188e-07
1.7499999999999978,41,169,1,25,143,4,0,4,14.492080636322498,0.0,5.47460150718689,45.444454193115234,1.7881393432617188e-07
1.7749999999999977,41,223,1,36,186,4,0,4,19.047594092786312,0.0,6.222298756241798,44.764217376708984,1.7881393432617188e-07
1.7999999999999976,41,252,0,35,217,4,0,4,21.927467800676823,0.0,6.896997570991516,44.2701416015625,1.7881393432617188e-07
1.8249999999999975,41,320,0,48,272,5,0,5,27.679531924426556,0.0,7.651544913649559,43.979366302490234,1.7881393432617188e-07
1.8499999999999974,41,375,0,58,317,6,0,6,32.376198545098305,0.0,8.281475685536861,44.04001998901367,1.7881393432617188e-07
1.8749999999999973,41,444,0,70,374,6,0,6,38.43395712971687,0.0,8.598862960934639,46.09400939941406,1.7881393432617188e-07
1.8999999999999972,41,479,0,61,418,6,0,6,42.23091148585081,0.0,8.808171078562737,49.22575378417969,1.7881393432617188e-07
1.9249999999999972,41,518,0,60,458,6,0,6,46.1024227142334,0.0,9.017479576170444,50.904972076416016,1.7881393432617188e-07
1.949999999999997,41,598,0,74,524,8,0,8,52.77402279525995,0.0,9.353410340845585,55.53230285644531,1.7881393432617188e-07
1.974999999999997,41,656,0,94,562,8,0,8,57.263386748731136,0.0,9.433258347213268,64.82489776611328,1.7881393432617188e-07
1.999999999999997,41,692,0,81,611,8,0,8,61.382574148476124,0.0,9.386484667658806,73.72105407714844,1.7881393432617188e-07
0.0,42,0,0,0,0,0,0,0,0.0,0.0,0.0,61.88607406616211,1.7881393432617188e-07
0.025,42,0,0,0,0,0,0,0,0.0,0.0,0.0,61.74299240112305,1.7881393432617188e-07
0.05,42,0,0,0,0,0,0,0,0.0,0.0,0.0,61.303646087646484,1.7881393432617188e-07
0.07500000000000001,42,67,0,12,55,2,0,2,5.643985539674759,0.0,2.938340373337269,60.54117202758789,1.7881393432617188e-07
0.1,42,100,0,16,84,2,0,2,8.542401850223541,0.0,4.287738062441349,59.53620147705078,1.7881393432617188e-07
0.125,42,123,1,13,109,3,0,3,10.888280972838402,0.0,5.467751502990723,59.72051239013672,1.7881393432617188e-07
0.15,42,168,1,12,155,3,0,3,15.169617004692554,0.0,6.175524510443211,60.73129653930664,1.7881393432617188e-07
0.175,42,249,0,33,216,4,0,4,21.77946437895298,0.0,6.953458935022354,62.15793991088867,1.7881393432617188e-07
0.19999999999999998,42,284,0,35,249,4,0,4,25.040034987032413,0.0,7.259152702987194,62.03642654418945,1.7881393432617188e-07
0.22499999999999998,42,319,0,41,278,5,0,5,28.09085027128458,0.0,7.701155997812748,60.758033752441406,1.7881393432617188e-07
0.24999999999999997,42,412,1,44,367,6,0,6,36.64823078364134,0.0,8.086698032915592,63.45323944091797,1.7881393432617188e-07
0.27499999999999997,42,448,3,33,412,6,0,6,40.5698010250926,0.0,8.19962102919817,67.4150619506836,1.7881393432617188e-07
0.3,42,490,1,46,443,6,0,6,44.0251495167613,0.0,8.512164384126663,72.51525115966797,1.7881393432617188e-07
0.325,42,572,3,66,503,8,0,8,50.57853554189205,0.0,8.728322602808475,84.16532135009766,1.7881393432617188e-07
0.35000000000000003,42,603,1,56,546,8,0,8,54.2435752004385,0.0,8.665011294186115,97.01004791259766,1.7881393432617188e-07
0.37500000000000006,42,622,2,41,579,8,0,8,56.78111569583416,0.0,8.625087201595306,109.37681579589844,1.7881393432617188e-07
0.4000000000000001,42,662,3,32,627,9,0,9,61.02007309347391,0.0,8.505314536392689,121.75479125976562,1.7881393432617188e-07
0.4250000000000001,42,759,1,58,700,10,0,10,68.91801230609417,0.0,8.585162915289402,132.51193237304688,1.7881393432617188e-07
0.4500000000000001,42,818,0,64,754,12,0,12,74.18569514155388,0.0,8.535551562905312,141.25698852539062,1.7881393432617188e-07
0.47500000000000014,42,909,2,69,838,12,0,12,82.53331883996725,0.0,8.608549855649471,148.06063842773438,1.7881393432617188e-07
0.5000000000000001,42,938,3,49,886,12,0,12,86.34525148570538,0.0,8.738009601831436,153.20411682128906,1.7881393432617188e-07
0.5250000000000001,42,962,4,35,923,13,0,13,89.29611656814814,0.0,8.681548357009888,156.74778747558594,1.7881393432617188e-07
0.5500000000000002,42,988,4,36,948,13,0,13,91.71744832396507,0.0,8.698085464537144,160.11924743652344,1.7881393432617188e-07
0.5750000000000002,42,996,1,43,952,14,0,14,92.16630257666111,0.0,8.545238763093948,161.3854217529297,1.7881393432617188e-07
0.6000000000000002,42,957,3,38,916,13,0,13,88.67303565889597,0.0,8.505314446985722,160.09829711914062,1.7881393432617188e-07
0.6250000000000002,42,921,2,34,885,12,0,12,85.58184836059809,0.0,8.561775796115398,155.75709533691406,1.7881393432617188e-07
0.6500000000000002,42,900,2,48,850,12,0,12,82.76729363948107,0.0,8.545238673686981,148.36024475097656,1.7881393432617188e-07
0.6750000000000003,42,837,2,50,785,13,0,13,76.5703876838088,0.0,8.561775796115398,139.07684326171875,1.7881393432617188e-07
0.7000000000000003,42,765,3,48,714,10,0,10,70.00402919203043,0.0,8.585162952542305,128.68075561523438,1.7881393432617188e-07
0.7250000000000003,42,707,2,42,663,10,0,10,64.75288481265306,0.0,8.721472650766373,117.10260772705078,1.7881393432617188e-07
0.7500000000000003,42,651,2,39,610,9,0,9,59.62106391787529,0.0,8.625087179243565,105.16352081298828,1.7881393432617188e-07
0.7750000000000004,42,610,0,42,568,8,0,8,55.680950321257114,0.0,8.601700097322464,93.4082260131836,1.7881393432617188e-07
0.8000000000000004,42,565,0,41,524,8,0,8,51.456523574888706,0.0,8.556932419538498,82.60409545898438,1.7881393432617188e-07
0.8250000000000004,42,496,0,34,462,7,0,7,45.241074837744236,0.0,8.625087045133114,72.86709594726562,1.7881393432617188e-07
0.8500000000000004,42,466,1,35,430,6,0,6,42.332971669733524,0.0,8.608550027012825,64.58723449707031,1.7881393432617188e-07
0.8750000000000004,42,430,1,37,392,7,0,7,38.653783813118935,0.0,8.296006329357624,59.721656799316406,1.7881393432617188e-07
0.9000000000000005,42,344,0,30,314,7,0,7,30.87277889996767,0.0,7.910464331507683,56.992977142333984,1.7881393432617188e-07
0.9250000000000005,42,290,0,19,271,4,0,4,26.49349993467331,0.0,7.468460857868195,56.68601989746094,1.7881393432617188e-07
0.9500000000000005,42,267,0,21,246,4,0,4,24.16370916366577,0.0,7.146229833364487,55.08242416381836,1.7881393432617188e-07
0.9750000000000005,42,227,0,26,201,4,0,4,20.025980971753597,0.0,6.591303683817387,56.203182220458984,1.7881393432617188e-07
1.0000000000000004,42,131,0,16,115,2,0,2,11.53035370260477,0.0,5.789982579648495,56.39653778076172,1.7881393432617188e-07
1.0250000000000004,42,110,0,10,100,2,0,2,9.873255774378777,0.0,4.939049668610096,55.92802047729492,1.7881393432617188e-07
1.0500000000000003,42,90,0,6,84,2,0,2,8.143159627914429,0.0,4.1280412301421165,55.504051208496094,1.7881393432617188e-07
1.0750000000000002,42,60,0,7,53,2,0,2,5.195131950080395,0.0,2.762106366455555,55.1707878112793,1.7881393432617188e-07
1.1,42,0,0,0,0,0,0,0,0.0,0.0,0.0,54.648929595947266,1.7881393432617188e-07
1.125,42,0,0,0,0,0,0,0,0.0,0.0,0.0,53.82675552368164,1.7881393432617188e-07
1.15,42,0,0,0,0,0,0,0,0.0,0.0,0.0,52.754638671875,1.7881393432617188e-07
1.1749999999999998,42,0,0,0,0,0,0,0,0.0,0.0,0.0,51.56256103515625,1.7881393432617188e-07
1.1999999999999997,42,0,0,0,0,0,0,0,0.0,0.0,0.0,50.70341110229492,1.7881393432617188e-07
1.2249999999999996,42,0,0,0,0,0,0,0,0.0,0.0,0.0,50.421470642089844,1.7881393432617188e-07
1.2499999999999996,42,0,0,0,0,0,0,0,0.0,0.0,0.0,50.0113525390625,1.7881393432617188e-07
1.2749999999999995,42,0,0,0,0,0,0,0,0.0,0.0,0.0,49.45915985107422,1.7881393432617188e-07
1.2999999999999994,42,0,0,0,0,0,0,0,0.0,0.0,0.0,48.94844436645508,1.7881393432617188e-07
1.3249999999999993,42,0,0,0,0,0,0,0,0.0,0.0,0.0,49.209564208984375,1.7881393432617188e-07
1.3499999999999992,42,0,0,0,0,0,0,0,0.0,0.0,0.0,49.29954528808594,1.7881393432617188e-07
1.3749999999999991,42,0,0,0,0,0,0,0,0.0,0.0,0.0,49.277889251708984,1.7881393432617188e-07
1.399999999999999,42,0,0,0,0,0,0,0,0.0,0.0,0.0,49.0924186706543,1.7881393432617188e-07
1.424999999999999,42,0,0,0,0,0,0,0,0.0,0.0,0.0,48.76516342163086,1.7881393432617188e-07
1.4499999999999988,42,0,0,0,0,0,0,0,0.0,0.0,0.0,48.292728424072266,1.7881393432617188e-07
1.4749999999999988,42,0,0,0,0,0,0,0,0.0,0.0,0.0,47.67593765258789,1.7881393432617188e-07
1.4999999999999987,42,0,0,0,0,0,0,0,0.0,0.0,0.0,47.464542388916016,1.7881393432617188e-07
1.5249999999999986,42,0,0,0,0,0,0,0,0.0,0.0,0.0,47.58782196044922,1.7881393432617188e-07
1.5499999999999985,42,0,0,0,0,0,0,0,0.0,0.0,0.0,47.57536697387695,1.7881393432617188e-07
1.5749999999999984,42,0,0,0,0,0,0,0,0.0,0.0,0.0,47.420188903808594,1.7881393432617188e-07
1.5999999999999983,42,0,0,0,0,0,0,0,0.0,0.0,0.0,47.1402702331543,1.7881393432617188e-07
1.6249999999999982,42,0,0,0,0,0,0,0,0.0,0.0,0.0,46.739009857177734,1.7881393432617188e-07
1.6499999999999981,42,0,0,0,0,0,0,0,0.0,0.0,0.0,46.23238754272461,1.7881393432617188e-07
1.674999999999998,42,16,0,5,11,2,0,2,1.1517828479409218,0.0,1.1517828479409218,45.62148666381836,1.7881393432617188e-07
1.699999999999998,42,99,0,20,79,2,0,2,8.220170713961124,0.0,4.743441186845303,44.92320251464844,1.7881393432617188e-07
1.7249999999999979,42,112,0,23,89,2,0,2,9.33202962577343,0.0,5.049135223031044,44.223812103271484,1.7881393432617188e-07
1.7499999999999978,42,159,0,40,119,4,0,4,12.765997305512428,0.0,5.1737512946128845,44.624046325683594,1.7881393432617188e-07
1.7749999999999977,42,264,1,67,196,5,0,5,21.546600192785263,0.0,6.189224660396576,44.342620849609375,1.7881393432617188e-07
1.7999999999999976,42,291,2,49,240,4,0,4,24.839583232998848,0.0,6.892154224216938,43.85091781616211,1.7881393432617188e-07
1.8249999999999975,42,311,0,38,273,6,0,6,27.449225716292858,0.0,7.491847701370716,44.637142181396484,1.7881393432617188e-07
1.8499999999999974,42,363,0,59,304,6,0,6,31.13487968593836,0.0,8.133471950888634,45.45466613769531,1.7881393432617188e-07
1.8749999999999973,42,478,0,94,384,8,0,8,40.13499154895544,0.0,8.742022566497326,45.46802520751953,1.7881393432617188e-07
1.8999999999999972,42,560,0,111,449,7,0,7,47.28807193040848,0.0,9.235643714666367,45.9984130859375,1.7881393432617188e-07
1.9249999999999972,42,589,0,88,501,9,0,9,51.301567271351814,0.0,9.029172793030739,50.3870964050293,1.7881393432617188e-07
1.949999999999997,42,604,0,64,540,8,0,8,53.91694922745228,0.0,8.87431988120079,58.00416946411133,1.7881393432617188e-07
1.974999999999997,42,671,0,98,573,8,0,8,58.42686411738396,0.0,9.313486121594906,64.14368438720703,1.7881393432617188e-07
1.999999999999997,42,763,0,120,643,9,0,9,65.92756827920675,0.0,9.409872002899647,70.98628997802734,1.7881393432617188e-07
0.0,43,0,0,0,0,0,0,0,0.0,0.0,0.0,61.72581481933594,1.7881393432617188e-07
0.025,43,0,0,0,0,0,0,0,0.0,0.0,0.0,61.839725494384766,1.7881393432617188e-07
0.05,43,15,0,0,15,1,0,1,1.349397599697113,0.0,1.349397599697113,61.70121383666992,1.7881393432617188e-07
0.07500000000000001,43,61,1,5,55,2,0,2,5.376209542155266,0.0,3.493266485631466,61.310543060302734,1.7881393432617188e-07
0.1,43,98,0,12,86,2,0,2,8.575475990772247,0.0,4.384123653173447,60.46389389038086,1.7881393432617188e-07
0.125,43,113,0,12,101,2,0,2,10.021258912980556,0.0,5.195131801068783,59.262149810791016,1.7881393432617188e-07
0.15,43,132,0,8,124,3,0,3,11.982044354081154,0.0,5.902905151247978,58.668277740478516,1.7881393432617188e-07
0.175,43,225,0,17,208,4,0,4,20.369593009352684,0.0,6.521142691373825,59.49612045288086,1.7881393432617188e-07
0.19999999999999998,43,272,0,28,244,4,0,4,24.250407338142395,0.0,7.179304137825966,59.10651779174805,1.7881393432617188e-07
0.22499999999999998,43,326,0,43,283,5,0,5,28.540151990950108,0.0,7.621307753026485,60.797367095947266,1.7881393432617188e-07
0.24999999999999997,43,384,1,44,339,6,0,6,33.94943614304066,0.0,7.990312643349171,63.614295959472656,1.7881393432617188e-07
0.27499999999999997,43,457,4,41,412,6,0,6,41.041593722999096,0.0,8.159696817398071,67.69659423828125,1.7881393432617188e-07
0.3,43,480,4,35,441,6,0,6,43.51298479735851,0.0,8.56862585246563,73.95858764648438,1.7881393432617188e-07
0.325,43,531,2,44,485,7,0,7,47.937031917274,0.0,8.585162825882435,85.09812927246094,1.7881393432617188e-07
0.35000000000000003,43,605,1,72,532,8,0,8,53.448720917105675,0.0,8.665011294186115,98.56891632080078,1.7881393432617188e-07
0.37500000000000006,43,654,3,62,589,9,1,8,58.77615051716566,0.4254666492342949,8.625087060034275,110.93970489501953,1.7881393432617188e-07
0.4000000000000001,43,712,2,54,656,10,0,10,64.50081495195627,0.0,8.665011383593082,121.28917694091797,1.7881393432617188e-07
0.4250000000000001,43,751,2,42,707,10,0,10,68.93738674372435,0.0,8.545238800346851,129.9285430908203,1.7881393432617188e-07
0.4500000000000001,43,837,3,60,774,12,0,12,75.98923703283072,0.0,8.585162855684757,137.96238708496094,1.7881393432617188e-07
0.47500000000000014,43,911,3,64,844,12,0,12,82.89592220634222,0.0,8.60170003771782,146.16458129882812,1.7881393432617188e-07
0.5000000000000001,43,960,3,67,890,12,0,12,87.44942941516638,0.0,8.641624167561531,153.36119079589844,1.7881393432617188e-07
0.5250000000000001,43,989,3,72,914,12,0,12,89.96230325102806,0.0,8.721472427248955,158.7013702392578,1.7881393432617188e-07
0.5500000000000002,43,1004,2,64,938,14,0,14,91.75169781595469,0.0,8.641624204814434,161.71478271484375,1.7881393432617188e-07
0.5750000000000002,43,1018,5,62,951,14,0,14,93.01640336960554,0.0,8.681548438966274,163.06703186035156,1.7881393432617188e-07
0.6000000000000002,43,978,5,59,914,13,0,13,89.39852125197649,0.0,8.561775766313076,161.58834838867188,1.7881393432617188e-07
0.6250000000000002,43,954,4,66,884,12,0,12,86.84288558363914,0.0,8.54523878544569,156.65426635742188,1.7881393432617188e-07
0.6500000000000002,43,918,4,68,846,12,0,12,83.26008374243975,0.0,8.585162922739983,148.22007751464844,1.7881393432617188e-07
0.6750000000000003,43,859,4,58,797,12,0,12,78.19441036880016,0.0,8.641624197363853,137.35806274414062,1.7881393432617188e-07
0.7000000000000003,43,755,3,37,715,10,0,10,69.60523503273726,0.0,8.658161275088787,126.24886322021484,1.7881393432617188e-07
0.7250000000000003,43,682,2,33,647,9,0,9,62.91955258697271,0.0,8.698085524141788,116.53508758544922,1.7881393432617188e-07
0.7500000000000003,43,656,1,48,607,9,0,9,59.65130119025707,0.0,8.721472710371017,106.65347290039062,1.7881393432617188e-07
0.7750000000000004,43,631,0,63,568,8,0,8,56.51935815066099,0.0,8.66501135379076,95.92186737060547,1.7881393432617188e-07
0.8000000000000004,43,541,1,43,497,8,0,8,48.973886385560036,0.0,8.585162937641144,84.5400390625,1.7881393432617188e-07
0.8250000000000004,43,481,2,23,456,6,0,6,44.371598459780216,0.0,8.545238755643368,73.0949935913086,1.7881393432617188e-07
0.8500000000000004,43,474,2,31,441,6,0,6,43.27343989163637,0.0,8.392391987144947,64.75624084472656,1.7881393432617188e-07
0.8750000000000004,43,448,0,51,397,7,0,7,39.851445749402046,0.0,8.302856333553791,61.514915466308594,1.7881393432617188e-07
0.9000000000000005,43,363,0,47,316,5,0,5,31.852340422570705,0.0,7.860852666199207,60.46795654296875,1.7881393432617188e-07
0.9250000000000005,43,301,0,32,269,4,0,4,26.87620460242033,0.0,7.491847895085812,57.480552673339844,1.7881393432617188e-07
0.9500000000000005,43,274,0,20,254,4,0,4,24.951330482959747,0.0,7.2192284390330315,54.3332633972168,1.7881393432617188e-07
0.9750000000000005,43,245,0,16,229,4,0,4,22.32553420960903,0.0,6.77722504734993,53.256553649902344,1.7881393432617188e-07
1.0000000000000004,43,191,0,19,172,4,0,4,17.063805982470512,0.0,6.0626019313931465,53.22042465209961,1.7881393432617188e-07
1.0250000000000004,43,117,0,12,105,2,0,2,10.40680118650198,0.0,5.291517421603203,53.5285758972168,1.7881393432617188e-07
1.0500000000000003,43,92,0,8,84,2,0,2,8.223007924854755,0.0,4.384123347699642,53.589664459228516,1.7881393432617188e-07
1.0750000000000002,43,64,0,7,57,2,0,2,5.580674283206463,0.0,3.3803438544273376,53.33707809448242,1.7881393432617188e-07
1.1,43,13,0,2,11,1,0,1,1.071934498846531,0.0,1.071934498846531,52.955528259277344,1.7881393432617188e-07
1.125,43,0,0,0,0,0,0,0,0.0,0.0,0.0,52.31398391723633,1.7881393432617188e-07
1.15,43,0,0,0,0,0,0,0,0.0,0.0,0.0,51.530269622802734,1.7881393432617188e-07
1.1749999999999998,43,0,0,0,0,0,0,0,0.0,0.0,0.0,50.595516204833984,1.7881393432617188e-07
1.1999999999999997,43,0,0,0,0,0,0,0,0.0,0.0,0.0,49.53746795654297,1.7881393432617188e-07
1.2249999999999996,43,0,0,0,0,0,0,0,0.0,0.0,0.0,49.20359802246094,1.7881393432617188e-07
1.2499999999999996,43,0,0,0,0,0,0,0,0.0,0.0,0.0,48.91397476196289,1.7881393432617188e-07
1.2749999999999995,43,0,0,0,0,0,0,0,0.0,0.0,0.0,48.479026794433594,1.7881393432617188e-07
1.2999999999999994,43,0,0,0,0,0,0,0,0.0,0.0,0.0,47.927947998046875,1.7881393432617188e-07
1.3249999999999993,43,0,0,0,0,0,0,0,0.0,0.0,0.0,47.68026351928711,1.7881393432617188e-07
1.3499999999999992,43,0,0,0,0,0,0,0,0.0,0.0,0.0,47.674095153808594,1.7881393432617188e-07
1.3749999999999991,43,0,0,0,0,0,0,0,0.0,0.0,0.0,47.648597717285156,1.7881393432617188e-07
1.399999999999999,43,0,0,0,0,0,0,0,0.0,0.0,0.0,47.63374328613281,1.7881393432617188e-07
1.424999999999999,43,0,0,0,0,0,0,0,0.0,0.0,0.0,47.49119186401367,1.7881393432617188e-07
1.4499999999999988,43,0,0,0,0,0,0,0,0.0,0.0,0.0,47.23073196411133,1.7881393432617188e-07
1.4749999999999988,43,0,0,0,0,0,0,0,0.0,0.0,0.0,46.83793258666992,1.7881393432617188e-07
1.4999999999999987,43,0,0,0,0,0,0,0,0.0,0.0,0.0,46.31361770629883,1.7881393432617188e-07
1.5249999999999986,43,0,0,0,0,0,0,0,0.0,0.0,0.0,45.81487274169922,1.7881393432617188e-07
1.5499999999999985,43,0,0,0,0,0,0,0,0.0,0.0,0.0,45.481292724609375,1.7881393432617188e-07
1.5749999999999984,43,0,0,0,0,0,0,0,0.0,0.0,0.0,45.21614074707031,1.7881393432617188e-07
1.5999999999999983,43,0,0,0,0,0,0,0,0.0,0.0,0.0,44.86465072631836,1.7881393432617188e-07
1.6249999999999982,43,0,0,0,0,0,0,0,0.0,0.0,0.0,44.41690444946289,1.7881393432617188e-07
1.6499999999999981,43,0,0,0,0,0,0,0,0.0,0.0,0.0,43.84196853637695,1.7881393432617188e-07
1.674999999999998,43,0,0,0,0,0,0,0,0.0,0.0,0.0,43.3308219909668,1.7881393432617188e-07
1.699999999999998,43,54,0,12,42,2,0,2,4.3627427741885185,0.0,2.360027126967907,43.75438690185547,1.7881393432617188e-07
1.7249999999999979,43,100,0,15,85,2,0,2,8.598863042891026,0.0,4.3675864189863205,44.341156005859375,1.7881393432617188e-07
1.7499999999999978,43,168,0,18,150,4,0,4,14.81915532052517,0.0,5.404440484941006,44.883270263671875,1.7881393432617188e-07
1.7749999999999977,43,214,0,21,193,4,0,4,19.083506613969803,0.0,6.215448968112469,44.75200653076172,1.7881393432617188e-07
1.7999999999999976,43,264,0,34,230,4,0,4,23.197016544640064,0.0,7.009920224547386,45.02174758911133,1.7881393432617188e-07
1.8249999999999975,43,325,0,44,281,5,0,5,28.41553558409214,0.0,7.4753110855817795,46.05050277709961,1.7881393432617188e-07
1.8499999999999974,43,413,0,55,358,6,0,6,36.12354180961847,0.0,7.900776959955692,46.387203216552734,1.7881393432617188e-07
1.8749999999999973,43,463,0,52,411,6,0,6,41.16866444051266,0.0,8.495627470314503,45.04692459106445,1.7881393432617188e-07
1.8999999999999972,43,492,1,48,443,6,0,6,44.18969017267227,0.0,8.817858554422855,46.62910842895508,1.7881393432617188e-07
1.9249999999999972,43,523,0,63,460,6,0,6,46.387183003127575,0.0,8.972711525857449,51.0761604309082,1.7881393432617188e-07
1.949999999999997,43,637,0,75,562,8,0,8,56.476597256958485,0.0,9.170326516032219,54.350460052490234,1.7881393432617188e-07
1.974999999999997,43,686,0,79,607,8,0,8,60.94541347771883,0.0,9.346560634672642,61.61685562133789,1.7881393432617188e-07
1.999999999999997,43,699,0,67,632,8,0,8,62.87596045434475,0.0,9.180013872683048,69.13520812988281,1.7881393432617188e-07
0.0,44,0,0,0,0,0,0,0,0.0,0.0,0.0,59.70620346069336,1.7881393432617188e-07
0.025,44,0,0,0,0,0,0,0,0.0,0.0,0.0,59.5460319519043,1.7881393432617188e-07
0.05,44,11,0,2,9,1,0,1,0.8509326949715614,0.0,0.8509326949715614,59.65132522583008,1.7881393432617188e-07
0.07500000000000001,44,65,0,14,51,2,0,2,5.310061000287533,0.0,2.75726281106472,59.691097259521484,1.7881393432617188e-07
0.1,44,102,0,25,77,2,0,2,8.255251452326775,0.0,4.214739628136158,59.321800231933594,1.7881393432617188e-07
0.125,44,130,0,25,105,2,0,2,10.92581544816494,0.0,5.620598271489143,59.12359619140625,1.7881393432617188e-07
0.15,44,203,0,30,173,5,0,5,17.418727956712246,0.0,6.335221394896507,60.99348831176758,1.7881393432617188e-07
0.175,44,241,0,37,204,4,0,4,20.810765594244003,0.0,6.880460508167744,61.49903869628906,1.7881393432617188e-07
0.19999999999999998,44,279,0,42,237,4,0,4,24.16287837922573,0.0,7.515235081315041,60.950645446777344,1.7881393432617188e-07
0.22499999999999998,44,348,1,58,289,6,0,6,29.773341417312622,0.0,8.253244869410992,62.29087829589844,1.7881393432617188e-07
0.24999999999999997,44,431,0,55,376,6,0,6,37.88671184331179,0.0,8.455703355371952,63.855079650878906,1.7881393432617188e-07
0.27499999999999997,44,465,2,51,412,6,0,6,41.2767429202795,0.0,8.52870150655508,68.81180572509766,1.7881393432617188e-07
0.3,44,483,0,55,428,6,0,6,42.98300497233868,0.0,8.552088662981987,76.22763061523438,1.7881393432617188e-07
0.325,44,562,1,74,487,8,0,8,49.24768075346947,0.0,8.688398353755474,84.86608123779297,1.7881393432617188e-07
0.35000000000000003,44,627,1,70,556,8,0,8,55.65389462560415,0.0,8.944480635225773,96.58497619628906,1.7881393432617188e-07
0.37500000000000006,44,654,4,57,593,8,0,8,58.84914856404066,0.0,8.738010235130787,107.82259368896484,1.7881393432617188e-07
0.4000000000000001,44,675,5,48,622,9,0,9,61.256780445575714,0.0,8.681548483669758,120.12665557861328,1.7881393432617188e-07
0.4250000000000001,44,768,1,68,699,10,0,10,69.19263876229525,0.0,8.625087030231953,132.77967834472656,1.7881393432617188e-07
0.4500000000000001,44,865,3,84,778,12,0,12,77.38942075520754,0.0,8.824708081781864,143.3805694580078,1.7881393432617188e-07
0.47500000000000014,44,935,5,95,835,12,0,12,83.40241266787052,0.0,8.80132095515728,151.13339233398438,1.7881393432617188e-07
0.5000000000000001,44,976,4,91,881,12,0,12,87.60829658806324,0.0,8.8178586140275,155.7911376953125,1.7881393432617188e-07
0.5250000000000001,44,989,5,64,920,13,0,13,90.17645508795977,0.0,8.641624204814434,159.5629119873047,1.7881393432617188e-07
0.5500000000000002,44,1016,2,72,942,13,0,13,92.4965585321188,0.0,8.641624242067337,162.2921142578125,1.7881393432617188e-07
0.5750000000000002,44,1013,1,67,945,13,0,13,92.54616950452328,0.0,8.78478391468525,162.11119079589844,1.7881393432617188e-07
0.6000000000000002,44,1014,3,78,933,13,0,13,91.93678819388151,0.0,8.977554962038994,158.95404052734375,1.7881393432617188e-07
0.6250000000000002,44,949,3,51,895,12,0,12,87.29256998002529,0.0,8.761396862566471,153.22694396972656,1.7881393432617188e-07
0.6500000000000002,44,906,3,45,858,12,0,12,83.45852978527546,0.0,8.641624122858047,146.49859619140625,1.7881393432617188e-07
0.6750000000000003,44,823,1,55,767,12,0,12,75.14754425734282,0.0,8.72147261351347,140.2694549560547,1.7881393432617188e-07
0.7000000000000003,44,774,1,62,711,10,0,10,70.08148914575577,0.0,8.66501134634018,131.6375732421875,1.7881393432617188e-07
0.7250000000000003,44,738,1,67,670,10,0,10,66.41399455070496,0.0,8.88116942346096,120.69888305664062,1.7881393432617188e-07
0.7500000000000003,44,671,4,56,611,9,0,9,60.476008765399456,0.0,8.881169341504574,107.91512298583984,1.7881393432617188e-07
0.7750000000000004,44,599,3,39,557,8,0,8,54.6489392966032,0.0,8.665011279284954,94.42835235595703,1.7881393432617188e-07
0.8000000000000004,44,560,1,50,509,8,0,8,50.40998296439648,0.0,8.648474343121052,84.11007690429688,1.7881393432617188e-07
0.8250000000000004,44,526,1,59,466,7,0,7,46.636416144669056,0.0,8.399242036044598,76.96663665771484,1.7881393432617188e-07
0.8500000000000004,44,498,0,65,433,6,0,6,43.75169879198074,0.0,8.655324287712574,68.29728698730469,1.7881393432617188e-07
0.8750000000000004,44,455,0,55,400,6,0,6,40.17173398286104,0.0,8.631937131285667,59.42341995239258,1.7881393432617188e-07
0.9000000000000005,44,330,0,32,298,4,0,4,29.64315465092659,0.0,8.126622445881367,59.34757995605469,1.7881393432617188e-07
0.9250000000000005,44,315,0,35,280,4,0,4,27.99975671619177,0.0,7.781004548072815,58.34089279174805,1.7881393432617188e-07
0.9500000000000005,44,302,0,42,260,4,0,4,26.351514920592308,0.0,7.378925129771233,55.608951568603516,1.7881393432617188e-07
0.9750000000000005,44,288,1,48,239,4,0,4,24.60688827931881,0.0,7.0401570573449135,52.947540283203125,1.7881393432617188e-07
1.0000000000000004,44,215,0,39,176,4,0,4,18.163587547838688,0.0,6.36545854061842,53.83366775512695,1.7881393432617188e-07
1.0250000000000004,44,129,0,22,107,3,0,3,10.930659428238869,0.0,5.324592098593712,53.82308578491211,1.7881393432617188e-07
1.0500000000000003,44,100,0,13,87,2,0,2,8.711785726249218,0.0,4.457122057676315,53.2740478515625,1.7881393432617188e-07
1.0750000000000002,44,79,0,11,68,2,0,2,6.800612062215805,0.0,3.420268215239048,52.70778274536133,1.7881393432617188e-07
1.1,44,24,0,6,18,1,0,1,1.9063300266861916,0.0,1.9063300266861916,52.18609619140625,1.7881393432617188e-07
1.125,44,0,0,0,0,0,0,0,0.0,0.0,0.0,51.77903366088867,1.7881393432617188e-07
1.15,44,0,0,0,0,0,0,0,0.0,0.0,0.0,52.02658462524414,1.7881393432617188e-07
1.1749999999999998,44,0,0,0,0,0,0,0,0.0,0.0,0.0,52.0722541809082,1.7881393432617188e-07
1.1999999999999997,44,0,0,0,0,0,0,0,0.0,0.0,0.0,51.933902740478516,1.7881393432617188e-07
1.2249999999999996,44,0,0,0,0,0,0,0,0.0,0.0,0.0,51.61115264892578,1.7881393432617188e-07
1.2499999999999996,44,0,0,0,0,0,0,0,0.0,0.0,0.0,51.13307189941406,1.7881393432617188e-07
1.2749999999999995,44,0,0,0,0,0,0,0,0.0,0.0,0.0,50.53716278076172,1.7881393432617188e-07
1.2999999999999994,44,0,0,0,0,0,0,0,0.0,0.0,0.0,49.88648986816406,1.7881393432617188e-07
1.3249999999999993,44,0,0,0,0,0,0,0,0.0,0.0,0.0,49.16764450073242,1.7881393432617188e-07
1.3499999999999992,44,0,0,0,0,0,0,0,0.0,0.0,0.0,48.56846618652344,1.7881393432617188e-07
1.3749999999999991,44,0,0,0,0,0,0,0,0.0,0.0,0.0,48.69852066040039,1.7881393432617188e-07
1.399999999999999,44,0,0,0,0,0,0,0,0.0,0.0,0.0,48.73066711425781,1.7881393432617188e-07
1.424999999999999,44,0,0,0,0,0,0,0,0.0,0.0,0.0,48.651527404785156,1.7881393432617188e-07
1.4499999999999988,44,0,0,0,0,0,0,0,0.0,0.0,0.0,48.45513153076172,1.7881393432617188e-07
1.4749999999999988,44,0,0,0,0,0,0,0,0.0,0.0,0.0,48.239036560058594,1.7881393432617188e-07
1.4999999999999987,44,0,0,0,0,0,0,0,0.0,0.0,0.0,47.88645935058594,1.7881393432617188e-07
1.5249999999999986,44,0,0,0,0,0,0,0,0.0,0.0,0.0,47.40765380859375,1.7881393432617188e-07
1.5499999999999985,44,0,0,0,0,0,0,0,0.0,0.0,0.0,46.825191497802734,1.7881393432617188e-07
1.5749999999999984,44,0,0,0,0,0,0,0,0.0,0.0,0.0,46.14521408081055,1.7881393432617188e-07
1.5999999999999983,44,0,0,0,0,0,0,0,0.0,0.0,0.0,45.556636810302734,1.7881393432617188e-07
1.6249999999999982,44,0,0,0,0,0,0,0,0.0,0.0,0.0,45.74374771118164,1.7881393432617188e-07
1.6499999999999981,44,0,0,0,0,0,0,0,0.0,0.0,0.0,45.8030891418457,1.7881393432617188e-07
1.674999999999998,44,6,0,2,4,1,0,1,0.3972356915473938,0.0,0.3972356915473938,45.71257019042969,1.7881393432617188e-07
1.699999999999998,44,26,0,8,18,2,0,2,1.8897928670048714,0.0,1.0437038093805313,45.52816390991211,1.7881393432617188e-07
1.7249999999999979,44,124,0,32,92,3,0,3,9.884118184447289,0.0,4.823289602994919,45.30775833129883,1.7881393432617188e-07
1.7499999999999978,44,166,1,33,132,3,0,3,13.819388091564178,0.0,5.853293903172016,44.9068717956543,1.7881393432617188e-07
1.7749999999999977,44,185,2,34,149,3,0,3,15.566020987927914,0.0,6.5066115483641624,44.11916732788086,1.7881393432617188e-07
1.7999999999999976,44,268,0,52,216,4,0,4,22.650498911738396,0.0,7.169617205858231,43.982303619384766,1.7881393432617188e-07
1.8249999999999975,44,357,2,72,283,6,0,6,29.822569459676743,0.0,7.7362367287278175,43.56767654418945,1.7881393432617188e-07
1.8499999999999974,44,413,2,68,343,7,0,7,35.293158404529095,0.0,8.44601620733738,42.71372604370117,1.7881393432617188e-07
1.8749999999999973,44,437,1,62,374,6,0,6,38.12625654041767,0.0,8.63193716108799,43.3215217590332,1.7881393432617188e-07
1.8999999999999972,44,512,0,77,435,7,0,7,44.38363618403673,0.0,9.25702428817749,44.885684967041016,1.7881393432617188e-07
1.9249999999999972,44,590,0,95,495,7,0,7,50.997880317270756,0.0,9.330023415386677,48.22068786621094,1.7881393432617188e-07
1.949999999999997,44,656,1,97,558,8,0,8,57.009312838315964,0.0,9.186863884329796,54.17558288574219,1.7881393432617188e-07
1.974999999999997,44,689,1,97,591,8,0,8,60.24649614840746,0.0,9.273561887443066,61.12904739379883,1.7881393432617188e-07
1.999999999999997,44,717,0,92,625,9,0,9,63.15944416075945,0.0,9.266712337732315,67.10740661621094,1.7881393432617188e-07
0.0,45,0,0,0,0,0,0,0,0.0,0.0,0.0,58.32266616821289,1.7881393432617188e-07
0.025,45,0,0,0,0,0,0,0,0.0,0.0,0.0,58.52788543701172,1.7881393432617188e-07
0.05,45,29,0,3,26,2,0,2,2.4612563401460648,0.0,1.6784784719347954,59.18930435180664,1.7881393432617188e-07
0.07500000000000001,45,64,0,7,57,2,0,2,5.580674231052399,0.0,3.1476485654711723,59.52798080444336,1.7881393432617188e-07
0.1,45,99,0,13,86,2,0,2,8.61540001630783,0.0,4.360736444592476,59.82914352416992,1.7881393432617188e-07
0.125,45,150,0,24,126,4,0,4,12.773678235709667,0.0,5.338291570544243,60.2660026550293,1.7881393432617188e-07
0.15,45,223,0,35,188,4,0,4,19.18874828517437,0.0,6.046064838767052,60.205074310302734,1.7881393432617188e-07
0.175,45,253,0,32,221,4,0,4,22.193236969411373,0.0,6.760687865316868,58.819671630859375,1.7881393432617188e-07
0.19999999999999998,45,299,1,43,255,5,0,5,25.909511148929596,0.0,7.458773538470268,59.965980529785156,1.7881393432617188e-07
0.22499999999999998,45,387,0,58,329,6,0,6,33.532825633883476,0.0,7.917314104735851,60.628387451171875,1.7881393432617188e-07
0.24999999999999997,45,422,0,54,368,6,0,6,37.10393397510052,0.0,8.143159784376621,64.0704574584961,1.7881393432617188e-07
0.27499999999999997,45,476,2,50,424,6,0,6,42.36521492153406,0.0,8.41577909141779,68.42562103271484,1.7881393432617188e-07
0.3,45,496,1,50,445,7,0,7,44.28123216331005,0.0,8.40892893821001,74.90911865234375,1.7881393432617188e-07
0.325,45,559,2,57,500,8,0,8,49.80544475466013,0.0,8.535551726818085,86.42002868652344,1.7881393432617188e-07
0.35000000000000003,45,621,2,65,554,8,0,8,55.3578879237175,0.0,8.688398502767086,97.07844543457031,1.7881393432617188e-07
0.37500000000000006,45,641,0,49,592,8,0,8,58.24544245749712,0.0,8.601699993014336,108.9948501586914,1.7881393432617188e-07
0.4000000000000001,45,704,3,56,645,10,0,10,63.67326933890581,0.0,8.585162989795208,120.13430786132812,1.7881393432617188e-07
0.4250000000000001,45,766,2,61,703,10,0,10,69.36686550080776,0.0,8.761396892368793,129.9717254638672,1.7881393432617188e-07
0.4500000000000001,45,819,2,61,756,12,0,12,74.2825286462903,0.0,8.841245323419571,138.32334899902344,1.7881393432617188e-07
0.47500000000000014,45,919,4,69,846,12,0,12,83.32823853939772,0.0,8.7049355879426,145.98641967773438,1.7881393432617188e-07
0.5000000000000001,45,944,2,55,887,12,0,12,86.61302756518126,0.0,8.721472673118114,154.21551513671875,1.7881393432617188e-07
0.5250000000000001,45,948,2,33,913,12,0,12,88.24071863293648,0.0,8.601700015366077,160.5045623779297,1.7881393432617188e-07
0.5500000000000002,45,981,2,39,940,13,0,13,90.98628837615252,0.0,8.761396706104279,163.7678680419922,1.7881393432617188e-07
0.5750000000000002,45,1006,0,65,941,13,0,13,92.04085478186607,0.0,8.897706434130669,163.8857879638672,1.7881393432617188e-07
0.6000000000000002,45,966,5,50,911,12,0,12,88.87466317415237,0.0,8.801321014761925,160.55836486816406,1.7881393432617188e-07
0.6250000000000002,45,946,2,54,890,12,0,12,86.89049089699984,0.0,8.721472710371017,154.09719848632812,1.7881393432617188e-07
0.6500000000000002,45,895,0,44,851,12,0,12,82.68059595674276,0.0,8.834395699203014,145.44430541992188,1.7881393432617188e-07
0.6750000000000003,45,811,0,54,757,12,0,12,74.27232844382524,0.0,8.754547260701656,135.44175720214844,1.7881393432617188e-07
0.7000000000000003,45,778,1,63,714,10,0,10,70.46703120321035,0.0,8.92109351605177,125.54999542236328,1.7881393432617188e-07
0.7250000000000003,45,731,2,60,669,10,0,10,66.02160230278969,0.0,8.744859717786312,115.30638122558594,1.7881393432617188e-07
0.7500000000000003,45,658,2,49,607,8,0,8,59.771072924137115,0.0,8.761396735906601,105.00398254394531,1.7881393432617188e-07
0.7750000000000004,45,628,2,55,571,8,0,8,56.568968906998634,0.0,8.681548409163952,95.013916015625,1.7881393432617188e-07
0.8000000000000004,45,593,2,60,531,8,0,8,52.969630144536495,0.0,8.681548282504082,85.82157897949219,1.7881393432617188e-07
0.8250000000000004,45,512,1,53,458,6,0,6,45.7221711948514,0.0,8.784783869981766,75.6922836303711,1.7881393432617188e-07
0.8500000000000004,45,489,1,50,438,6,0,6,43.70291855931282,0.0,8.728322610259056,66.41575622558594,1.7881393432617188e-07
0.8750000000000004,45,461,0,51,410,6,0,6,41.004123985767365,0.0,8.808171071112156,59.36238098144531,1.7881393432617188e-07
0.9000000000000005,45,379,1,39,339,5,0,5,33.84620002657175,0.0,8.3476243019104,56.69204330444336,1.7881393432617188e-07
0.9250000000000005,45,345,0,41,304,5,0,5,30.456169068813324,0.0,7.837465733289719,54.66679763793945,1.7881393432617188e-07
0.9500000000000005,45,298,0,39,259,4,0,4,26.163587734103203,0.0,7.254309117794037,53.97531509399414,1.7881393432617188e-07
0.9750000000000005,45,260,0,29,231,4,0,4,23.093780919909477,0.0,6.584453769028187,53.21410369873047,1.7881393432617188e-07
1.0000000000000004,45,201,0,18,183,4,0,4,18.02810925990343,0.0,5.92629237473011,53.39102554321289,1.7881393432617188e-07
1.0250000000000004,45,146,0,19,127,3,0,3,12.710366904735565,0.0,5.587524123489857,53.0919075012207,1.7881393432617188e-07
1.0500000000000003,45,106,0,16,90,2,0,2,9.120715014636517,0.0,4.68013009428978,52.732181549072266,1.7881393432617188e-07
1.0750000000000002,45,77,1,11,65,2,0,2,6.579610243439674,0.0,3.323882572352886,52.557926177978516,1.7881393432617188e-07
1.1,45,26,0,2,24,2,0,2,2.228561043739319,0.0,1.8712494894862175,52.240943908691406,1.7881393432617188e-07
1.125,45,0,0,0,0,0,0,0,0.0,0.0,0.0,51.674381256103516,1.7881393432617188e-07
1.15,45,0,0,0,0,0,0,0,0.0,0.0,0.0,50.90956115722656,1.7881393432617188e-07
1.1749999999999998,45,0,0,0,0,0,0,0,0.0,0.0,0.0,50.2774772644043,1.7881393432617188e-07
1.1999999999999997,45,0,0,0,0,0,0,0,0.0,0.0,0.0,49.954341888427734,1.7881393432617188e-07
1.2249999999999996,45,0,0,0,0,0,0,0,0.0,0.0,0.0,50.01164627075195,1.7881393432617188e-07
1.2499999999999996,45,0,0,0,0,0,0,0,0.0,0.0,0.0,49.91337585449219,1.7881393432617188e-07
1.2749999999999995,45,0,0,0,0,0,0,0,0.0,0.0,0.0,49.72850036621094,1.7881393432617188e-07
1.2999999999999994,45,0,0,0,0,0,0,0,0.0,0.0,0.0,49.38785934448242,1.7881393432617188e-07
1.3249999999999993,45,0,0,0,0,0,0,0,0.0,0.0,0.0,48.99843978881836,1.7881393432617188e-07
1.3499999999999992,45,0,0,0,0,0,0,0,0.0,0.0,0.0,48.60663604736328,1.7881393432617188e-07
1.3749999999999991,45,0,0,0,0,0,0,0,0.0,0.0,0.0,48.16781234741211,1.7881393432617188e-07
1.399999999999999,45,0,0,0,0,0,0,0,0.0,0.0,0.0,47.66142272949219,1.7881393432617188e-07
1.424999999999999,45,0,0,0,0,0,0,0,0.0,0.0,0.0,47.533756256103516,1.7881393432617188e-07
1.4499999999999988,45,0,0,0,0,0,0,0,0.0,0.0,0.0,47.580081939697266,1.7881393432617188e-07
1.4749999999999988,45,0,0,0,0,0,0,0,0.0,0.0,0.0,47.47799301147461,1.7881393432617188e-07
1.4999999999999987,45,0,0,0,0,0,0,0,0.0,0.0,0.0,47.233524322509766,1.7881393432617188e-07
1.5249999999999986,45,0,0,0,0,0,0,0,0.0,0.0,0.0,46.83036804199219,1.7881393432617188e-07
1.5499999999999985,45,0,0,0,0,0,0,0,0.0,0.0,0.0,46.308834075927734,1.7881393432617188e-07
1.5749999999999984,45,0,0,0,0,0,0,0,0.0,0.0,0.0,45.6717414855957,1.7881393432617188e-07
1.5999999999999983,45,0,0,0,0,0,0,0,0.0,0.0,0.0,45.07854080200195,1.7881393432617188e-07
1.6249999999999982,45,0,0,0,0,0,0,0,0.0,0.0,0.0,45.10183334350586,1.7881393432617188e-07
1.6499999999999981,45,0,0,0,0,0,0,0,0.0,0.0,0.0,45.07589340209961,1.7881393432617188e-07
1.674999999999998,45,0,0,0,0,0,0,0,0.0,0.0,0.0,44.923133850097656,1.7881393432617188e-07
1.699999999999998,45,54,0,7,47,2,0,2,4.616818785667419,0.0,2.858491949737072,44.72500228881836,1.7881393432617188e-07
1.7249999999999979,45,85,0,8,77,2,0,2,7.548309177160263,0.0,3.8788087368011475,44.640037536621094,1.7881393432617188e-07
1.7499999999999978,45,117,0,11,106,2,0,2,10.463262423872948,0.0,5.291517674922943,44.4644889831543,1.7881393432617188e-07
1.7749999999999977,45,205,0,34,171,4,0,4,17.594513848423958,0.0,6.398532651364803,44.546180725097656,1.7881393432617188e-07
1.7999999999999976,45,262,0,47,215,4,0,4,22.270247884094715,0.0,7.0050767213106155,44.758392333984375,1.7881393432617188e-07
1.8249999999999975,45,301,0,40,261,4,0,4,26.39628278464079,0.0,7.759623542428017,44.963253021240234,1.7881393432617188e-07
1.8499999999999974,45,367,0,51,316,5,0,5,32.09672984480858,0.0,8.26493851840496,44.2938346862793,1.7881393432617188e-07
1.8749999999999973,45,439,0,64,375,8,0,8,38.06934833526611,0.0,8.5823258087039,44.229034423828125,1.7881393432617188e-07
1.8999999999999972,45,490,0,66,424,6,0,6,42.95238394290209,0.0,8.864632241427898,46.63463592529297,1.7881393432617188e-07
1.9249999999999972,45,567,0,80,487,11,0,11,49.24283791333437,0.0,9.050554119050503,49.7901725769043,1.7881393432617188e-07
1.949999999999997,45,603,0,68,535,8,0,8,53.62294866889715,0.0,9.266712248325348,55.89600372314453,1.7881393432617188e-07
1.974999999999997,45,647,0,68,579,8,0,8,57.86391355097294,0.0,9.22678778320551,61.970027923583984,1.7881393432617188e-07
1.999999999999997,45,711,0,77,634,9,0,9,63.315127462148666,0.0,9.3630977794528,68.1533203125,1.7881393432617188e-07
0.0,46,0,0,0,0,0,0,0,0.0,0.0,0.0,59.427127838134766,1.7881393432617188e-07
0.025,46,0,0,0,0,0,0,0,0.0,0.0,0.0,58.8077392578125,1.7881393432617188e-07
0.05,46,19,0,1,18,1,0,1,1.6784785091876984,0.0,1.6784785091876984,59.04085159301758,1.7881393432617188e-07
0.07500000000000001,46,62,0,7,55,2,0,2,5.472147233784199,0.0,2.9314904883503914,59.98344039916992,1.7881393432617188e-07
0.1,46,102,0,16,86,2,0,2,8.735172659158707,0.0,4.623668655753136,60.93722915649414,1.7881393432617188e-07
0.125,46,139,0,17,122,4,0,4,12.108666747808456,0.0,5.371366083621979,61.40476989746094,1.7881393432617188e-07
0.15,46,205,0,22,183,4,0,4,18.131344608962536,0.0,6.022677838802338,60.76469802856445,1.7881393432617188e-07
0.175,46,246,0,19,227,4,0,4,22.25253551453352,0.0,6.61752824485302,59.83129119873047,1.7881393432617188e-07
0.19999999999999998,46,285,0,22,263,4,0,4,25.842187359929085,0.0,7.315613940358162,61.07573318481445,1.7881393432617188e-07
0.22499999999999998,46,336,0,37,299,5,0,5,29.871005713939667,0.0,7.74108012765646,62.110958099365234,1.7881393432617188e-07
0.24999999999999997,46,419,3,47,369,6,0,6,37.04062347859144,0.0,8.12662261724472,64.21981048583984,1.7881393432617188e-07
0.27499999999999997,46,464,2,49,413,6,0,6,41.265049532055855,0.0,8.43916617333889,67.0089340209961,1.7881393432617188e-07
0.3,46,474,3,37,434,6,0,6,42.93467162549496,0.0,8.472240336239338,75.59362030029297,1.7881393432617188e-07
0.325,46,495,2,31,462,7,0,7,45.22938022017479,0.0,8.448853224515915,86.53934478759766,1.7881393432617188e-07
0.35000000000000003,46,585,1,46,538,8,0,8,53.017235681414604,0.0,8.585162848234177,96.45182800292969,1.7881393432617188e-07
0.37500000000000006,46,633,1,51,581,8,0,8,57.33320443332195,0.0,8.665011338889599,107.43014526367188,1.7881393432617188e-07
0.4000000000000001,46,707,0,61,646,10,0,10,63.793042063713074,0.0,8.625087194144726,118.25995635986328,1.7881393432617188e-07
0.4250000000000001,46,752,1,42,709,10,0,10,69.09023328125477,0.0,8.681548371911049,128.69528198242188,1.7881393432617188e-07
0.4500000000000001,46,815,3,47,765,13,0,13,74.64707255363464,0.0,8.64162414520979,138.8483123779297,1.7881393432617188e-07
0.47500000000000014,46,910,6,62,842,12,0,12,82.74307595193386,0.0,8.721472673118114,148.25027465820312,1.7881393432617188e-07
0.5000000000000001,46,948,1,60,887,12,0,12,86.77272419631481,0.0,8.761396773159504,155.97412109375,1.7881393432617188e-07
0.5250000000000001,46,961,0,52,909,12,0,12,88.53388871997595,0.0,8.585162863135338,163.2976837158203,1.7881393432617188e-07
0.5500000000000002,46,1008,1,57,950,14,0,14,92.53246988356113,0.0,8.58516301214695,166.76988220214844,1.7881393432617188e-07
0.5750000000000002,46,997,3,42,952,14,0,14,92.23445703834295,0.0,8.54523879289627,165.7435760498047,1.7881393432617188e-07
0.6000000000000002,46,974,3,39,932,14,0,14,90.24298672378063,0.0,8.641624212265015,160.49990844726562,1.7881393432617188e-07
0.6250000000000002,46,951,2,50,899,12,0,12,87.57003250718117,0.0,8.681548357009888,152.15194702148438,1.7881393432617188e-07
0.6500000000000002,46,916,4,54,858,12,0,12,83.85777214169502,0.0,8.721472539007664,143.14146423339844,1.7881393432617188e-07
0.6750000000000003,46,819,4,51,764,12,0,12,74.79068000614643,0.0,8.777933947741985,134.75352478027344,1.7881393432617188e-07
0.7000000000000003,46,770,3,33,734,10,0,10,71.24863316118717,0.0,8.681548409163952,126.09159851074219,1.7881393432617188e-07
0.7250000000000003,46,731,2,43,686,10,0,10,67.06613713502884,0.0,8.60170005261898,117.15036010742188,1.7881393432617188e-07
0.7500000000000003,46,655,1,45,609,9,0,9,59.75252977758646,0.0,8.681548275053501,107.57039642333984,1.7881393432617188e-07
0.7750000000000004,46,615,1,43,571,8,0,8,56.04995485395193,0.0,8.528701573610306,97.03150939941406,1.7881393432617188e-07
0.8000000000000004,46,569,1,38,530,8,0,8,51.870296493172646,0.0,8.48877751082182,86.79447937011719,1.7881393432617188e-07
0.8250000000000004,46,520,0,42,478,8,0,8,47.06271307170391,0.0,8.392391845583916,76.11688995361328,1.7881393432617188e-07
0.8500000000000004,46,466,1,39,426,6,0,6,42.13535640388727,0.0,8.392391882836819,66.7010498046875,1.7881393432617188e-07
0.8750000000000004,46,446,1,41,404,6,0,6,40.03826166689396,0.0,8.45570308715105,60.070560455322266,1.7881393432617188e-07
0.9000000000000005,46,408,1,44,363,6,0,6,36.23445746302605,0.0,8.246395014226437,55.92546844482422,1.7881393432617188e-07
0.9250000000000005,46,324,0,38,286,6,0,6,28.6457764133811,0.0,7.668081641197205,55.0079231262207,1.7881393432617188e-07
0.9500000000000005,46,272,0,26,246,4,0,4,24.363330371677876,0.0,7.235765643417835,54.279788970947266,1.7881393432617188e-07
0.9750000000000005,46,230,0,23,207,5,0,5,20.444597274065018,0.0,6.673989504575729,53.156227111816406,1.7881393432617188e-07
1.0000000000000004,46,174,0,25,149,3,0,3,15.098624877631664,0.0,6.295297235250473,53.59910202026367,1.7881393432617188e-07
1.0250000000000004,46,138,0,24,114,3,0,3,11.685206457972527,0.0,5.531062737107277,53.5651741027832,1.7881393432617188e-07
1.0500000000000003,46,102,0,17,85,2,0,2,8.678711421787739,0.0,4.407510615885258,53.0491828918457,1.7881393432617188e-07
1.0750000000000002,46,67,0,9,58,2,0,2,5.756908118724823,0.0,3.011338897049427,52.53200149536133,1.7881393432617188e-07
1.1,46,19,0,1,18,1,0,1,1.6784784495830536,0.0,1.6784784495830536,52.288883209228516,1.7881393432617188e-07
1.125,46,0,0,0,0,0,0,0,0.0,0.0,0.0,52.9429817199707,1.7881393432617188e-07
1.15,46,0,0,0,0,0,0,0,0.0,0.0,0.0,53.421546936035156,1.7881393432617188e-07
1.1749999999999998,46,0,0,0,0,0,0,0,0.0,0.0,0.0,53.67746353149414,1.7881393432617188e-07
1.1999999999999997,46,0,0,0,0,0,0,0,0.0,0.0,0.0,53.721439361572266,1.7881393432617188e-07
1.2249999999999996,46,0,0,0,0,0,0,0,0.0,0.0,0.0,53.555782318115234,1.7881393432617188e-07
1.2499999999999996,46,0,0,0,0,0,0,0,0.0,0.0,0.0,53.19404983520508,1.7881393432617188e-07
1.2749999999999995,46,0,0,0,0,0,0,0,0.0,0.0,0.0,52.65480422973633,1.7881393432617188e-07
1.2999999999999994,46,0,0,0,0,0,0,0,0.0,0.0,0.0,51.898494720458984,1.7881393432617188e-07
1.3249999999999993,46,0,0,0,0,0,0,0,0.0,0.0,0.0,51.02724838256836,1.7881393432617188e-07
1.3499999999999992,46,0,0,0,0,0,0,0,0.0,0.0,0.0,50.16750717163086,1.7881393432617188e-07
1.3749999999999991,46,0,0,0,0,0,0,0,0.0,0.0,0.0,50.32549285888672,1.7881393432617188e-07
1.399999999999999,46,0,0,0,0,0,0,0,0.0,0.0,0.0,50.49348831176758,1.7881393432617188e-07
1.424999999999999,46,0,0,0,0,0,0,0,0.0,0.0,0.0,50.5345344543457,1.7881393432617188e-07
1.4499999999999988,46,0,0,0,0,0,0,0,0.0,0.0,0.0,50.43026351928711,1.7881393432617188e-07
1.4749999999999988,46,0,0,0,0,0,0,0,0.0,0.0,0.0,50.16829299926758,1.7881393432617188e-07
1.4999999999999987,46,0,0,0,0,0,0,0,0.0,0.0,0.0,49.78001022338867,1.7881393432617188e-07
1.5249999999999986,46,0,0,0,0,0,0,0,0.0,0.0,0.0,49.25861740112305,1.7881393432617188e-07
1.5499999999999985,46,0,0,0,0,0,0,0,0.0,0.0,0.0,48.59670639038086,1.7881393432617188e-07
1.5749999999999984,46,0,0,0,0,0,0,0,0.0,0.0,0.0,47.81373977661133,1.7881393432617188e-07
1.5999999999999983,46,0,0,0,0,0,0,0,0.0,0.0,0.0,47.101463317871094,1.7881393432617188e-07
1.6249999999999982,46,0,0,0,0,0,0,0,0.0,0.0,0.0,47.12885284423828,1.7881393432617188e-07
1.6499999999999981,46,0,0,0,0,0,0,0,0.0,0.0,0.0,47.055145263671875,1.7881393432617188e-07
1.674999999999998,46,4,0,0,4,1,0,1,0.28915661573410034,0.0,0.28915661573410034,46.8531379699707,1.7881393432617188e-07
1.699999999999998,46,70,0,11,59,2,0,2,5.933142207562923,0.0,3.2674213126301765,46.57735824584961,1.7881393432617188e-07
1.7249999999999979,46,111,0,20,91,3,0,3,9.336872845888138,0.0,4.390973396599293,46.32901382446289,1.7881393432617188e-07
1.7499999999999978,46,149,0,23,126,3,0,3,12.801908694207668,0.0,5.20198181271553,45.93570327758789,1.7881393432617188e-07
1.7749999999999977,46,178,0,24,154,3,0,3,15.568858943879604,0.0,5.886368155479431,45.18639373779297,1.7881393432617188e-07
1.7999999999999976,46,246,2,32,212,4,0,4,21.433845177292824,0.0,6.8336862698197365,45.15708541870117,1.7881393432617188e-07
1.8249999999999975,46,326,1,45,280,6,0,6,28.359074287116528,0.0,7.458773605525494,45.01217269897461,1.7881393432617188e-07
1.8499999999999974,46,407,0,57,350,6,0,6,35.54522821307182,0.0,8.253244794905186,44.095279693603516,1.7881393432617188e-07
1.8749999999999973,46,452,0,52,400,6,0,6,40.08019273728132,0.0,8.43916629999876,45.04341125488281,1.7881393432617188e-07
1.8999999999999972,46,490,0,53,437,6,0,6,43.68638165295124,0.0,8.728322729468346,47.77422332763672,1.7881393432617188e-07
1.9249999999999972,46,548,0,56,492,7,0,7,49.01097422838211,0.0,9.153789348900318,49.04264831542969,1.7881393432617188e-07
1.949999999999997,46,610,0,67,543,8,0,8,54.269416995346546,0.0,9.153789289295673,57.367374420166016,1.7881393432617188e-07
1.974999999999997,46,638,0,66,572,8,0,8,57.10936543345451,0.0,9.266712322831154,66.38298797607422,1.7881393432617188e-07
1.999999999999997,46,663,0,54,609,8,0,8,60.08361782133579,0.0,9.05055421590805,73.9239730834961,1.7881393432617188e-07
0.0,47,0,0,0,0,0,0,0,0.0,0.0,0.0,60.49761199951172,1.7881393432617188e-07
0.025,47,0,0,0,0,0,0,0,0.0,0.0,0.0,59.852867126464844,1.7881393432617188e-07
0.05,47,18,0,4,14,3,0,3,1.2763990983366966,0.0,1.1400893554091454,59.009849548339844,1.7881393432617188e-07
0.07500000000000001,47,76,0,14,62,2,0,2,6.3985327035188675,0.0,3.239190585911274,57.95075607299805,1.7881393432617188e-07
0.1,47,100,0,13,87,2,0,2,8.711785703897476,0.0,4.463971950113773,58.263736724853516,1.7881393432617188e-07
0.125,47,126,0,16,110,3,0,3,10.952040299773216,0.0,5.331441827118397,59.06672286987305,1.7881393432617188e-07
0.15,47,191,0,19,172,4,0,4,17.007792226970196,0.0,5.886368051171303,60.611480712890625,1.7881393432617188e-07
0.175,47,249,0,19,230,4,0,4,22.5416928678751,0.0,6.640915349125862,60.7718620300293,1.7881393432617188e-07
0.19999999999999998,47,291,0,28,263,4,0,4,26.081732489168644,0.0,7.242615319788456,60.42850112915039,1.7881393432617188e-07
0.22499999999999998,47,314,0,33,281,4,0,4,28.044524364173412,0.0,7.576539933681488,63.35128402709961,1.7881393432617188e-07
0.24999999999999997,47,375,2,36,337,5,0,5,33.545349933207035,0.0,7.933851219713688,66.12059783935547,1.7881393432617188e-07
0.27499999999999997,47,466,2,48,416,6,0,6,41.542513608932495,0.0,8.279469475150108,66.97162628173828,1.7881393432617188e-07
0.3,47,494,3,36,455,7,0,7,44.76599703729153,0.0,8.488777458667755,71.93842315673828,1.7881393432617188e-07
0.325,47,508,4,33,471,9,0,9,46.06377633661032,0.0,8.625087149441242,81.17891693115234,1.7881393432617188e-07
0.35000000000000003,47,598,2,53,543,8,0,8,53.76209497451782,0.0,8.665011338889599,94.8579330444336,1.7881393432617188e-07
0.37500000000000006,47,671,0,70,601,9,0,9,59.939627289772034,0.0,8.625087089836597,109.14400482177734,1.7881393432617188e-07
0.4000000000000001,47,695,0,59,636,9,0,9,62.817492954432964,0.0,8.625087179243565,122.7248306274414,1.7881393432617188e-07
0.4250000000000001,47,752,0,45,707,10,0,10,69.03377228975296,0.0,8.545238688588142,134.28111267089844,1.7881393432617188e-07
0.4500000000000001,47,789,0,44,745,10,0,10,72.60003755241632,0.0,8.58516288548708,143.03810119628906,1.7881393432617188e-07
0.47500000000000014,47,873,0,60,813,11,0,11,79.72488694638014,0.0,8.545238763093948,149.1781005859375,1.7881393432617188e-07
0.5000000000000001,47,957,2,64,891,13,0,13,87.28973293304443,0.0,8.6017000451684,153.17367553710938,1.7881393432617188e-07
0.5250000000000001,47,997,5,55,937,13,0,13,91.45569135248661,0.0,8.65816131234169,155.5325469970703,1.7881393432617188e-07
0.5500000000000002,47,1048,5,58,985,14,0,14,96.10558421909809,0.0,8.777933947741985,156.56785583496094,1.7881393432617188e-07
0.5750000000000002,47,1036,2,51,983,14,0,14,95.5135714635253,0.0,8.658161289989948,156.7492218017578,1.7881393432617188e-07
0.6000000000000002,47,1013,2,60,951,14,0,14,92.78855183720589,0.0,8.777933806180954,155.96063232421875,1.7881393432617188e-07
0.6250000000000002,47,931,2,43,886,12,0,12,86.03755211830139,0.0,8.50531454384327,153.97596740722656,1.7881393432617188e-07
0.6500000000000002,47,902,3,53,846,12,0,12,82.67775762081146,0.0,8.505314514040947,149.5371551513672,1.7881393432617188e-07
0.6750000000000003,47,859,3,60,796,12,0,12,78.13794969022274,0.0,8.585162878036499,142.02525329589844,1.7881393432617188e-07
0.7000000000000003,47,773,2,58,713,11,0,11,70.17057611048222,0.0,8.6250871270895,131.51100158691406,1.7881393432617188e-07
0.7250000000000003,47,698,2,52,644,10,0,10,63.29257033765316,0.0,8.62508711963892,118.78572082519531,1.7881393432617188e-07
0.7500000000000003,47,640,0,40,600,8,0,8,58.65720858424902,0.0,8.704935535788536,105.46392059326172,1.7881393432617188e-07
0.7750000000000004,47,607,0,37,570,8,0,8,55.64586979150772,0.0,8.625087149441242,92.51811981201172,1.7881393432617188e-07
0.8000000000000004,47,556,0,45,511,8,0,8,50.39099033176899,0.0,8.625087022781372,84.2995834350586,1.7881393432617188e-07
0.8250000000000004,47,478,1,39,438,6,0,6,43.263752430677414,0.0,8.472240433096886,75.53872680664062,1.7881393432617188e-07
0.8500000000000004,47,470,1,46,423,6,0,6,42.097438491880894,0.0,8.495627358555794,65.88585662841797,1.7881393432617188e-07
0.8750000000000004,47,420,1,35,384,6,0,6,38.01171196997166,0.0,8.183084018528461,62.53214645385742,1.7881393432617188e-07
0.9000000000000005,47,346,0,32,314,5,0,5,31.08893708139658,0.0,7.973775528371334,59.83982849121094,1.7881393432617188e-07
0.9250000000000005,47,289,0,32,257,4,0,4,25.69134747982025,0.0,7.372075289487839,59.938270568847656,1.7881393432617188e-07
0.9500000000000005,47,259,0,34,225,4,0,4,22.68685770779848,0.0,7.026457227766514,58.344879150390625,1.7881393432617188e-07
0.9750000000000005,47,220,0,29,191,4,0,4,19.181898452341557,0.0,6.5844540521502495,57.417869567871094,1.7881393432617188e-07
1.0000000000000004,47,134,0,16,118,2,0,2,11.819510459899902,0.0,5.989603593945503,57.63631820678711,1.7881393432617188e-07
1.0250000000000004,47,119,0,15,104,2,0,2,10.430188305675983,0.0,5.314904578030109,57.79925537109375,1.7881393432617188e-07
1.0500000000000003,47,99,0,16,83,2,0,2,8.474246837198734,0.0,4.282894484698772,57.210914611816406,1.7881393432617188e-07
1.0750000000000002,47,67,0,12,55,2,0,2,5.615754842758179,0.0,2.9383403956890106,56.11970901489258,1.7881393432617188e-07
1.1,47,0,0,0,0,0,0,0,0.0,0.0,0.0,54.93098831176758,1.7881393432617188e-07
1.125,47,0,0,0,0,0,0,0,0.0,0.0,0.0,53.7390022277832,1.7881393432617188e-07
1.15,47,0,0,0,0,0,0,0,0.0,0.0,0.0,52.52109146118164,1.7881393432617188e-07
1.1749999999999998,47,0,0,0,0,0,0,0,0.0,0.0,0.0,52.42683410644531,1.7881393432617188e-07
1.1999999999999997,47,0,0,0,0,0,0,0,0.0,0.0,0.0,52.14689636230469,1.7881393432617188e-07
1.2249999999999996,47,0,0,0,0,0,0,0,0.0,0.0,0.0,51.722782135009766,1.7881393432617188e-07
1.2499999999999996,47,0,0,0,0,0,0,0,0.0,0.0,0.0,51.13751983642578,1.7881393432617188e-07
1.2749999999999995,47,0,0,0,0,0,0,0,0.0,0.0,0.0,50.42113494873047,1.7881393432617188e-07
1.2999999999999994,47,0,0,0,0,0,0,0,0.0,0.0,0.0,49.611427307128906,1.7881393432617188e-07
1.3249999999999993,47,0,0,0,0,0,0,0,0.0,0.0,0.0,48.670684814453125,1.7881393432617188e-07
1.3499999999999992,47,0,0,0,0,0,0,0,0.0,0.0,0.0,47.90780258178711,1.7881393432617188e-07
1.3749999999999991,47,0,0,0,0,0,0,0,0.0,0.0,0.0,47.99189758300781,1.7881393432617188e-07
1.399999999999999,47,0,0,0,0,0,0,0,0.0,0.0,0.0,47.94869613647461,1.7881393432617188e-07
1.424999999999999,47,0,0,0,0,0,0,0,0.0,0.0,0.0,47.796852111816406,1.7881393432617188e-07
1.4499999999999988,47,0,0,0,0,0,0,0,0.0,0.0,0.0,47.518375396728516,1.7881393432617188e-07
1.4749999999999988,47,0,0,0,0,0,0,0,0.0,0.0,0.0,47.11561965942383,1.7881393432617188e-07
1.4999999999999987,47,0,0,0,0,0,0,0,0.0,0.0,0.0,46.58678436279297,1.7881393432617188e-07
1.5249999999999986,47,0,0,0,0,0,0,0,0.0,0.0,0.0,46.75149154663086,1.7881393432617188e-07
1.5499999999999985,47,0,0,0,0,0,0,0,0.0,0.0,0.0,47.06369400024414,1.7881393432617188e-07
1.5749999999999984,47,0,0,0,0,0,0,0,0.0,0.0,0.0,47.24662399291992,1.7881393432617188e-07
1.5999999999999983,47,0,0,0,0,0,0,0,0.0,0.0,0.0,47.29501724243164,1.7881393432617188e-07
1.6249999999999982,47,0,0,0,0,0,0,0,0.0,0.0,0.0,47.21121597290039,1.7881393432617188e-07
1.6499999999999981,47,0,0,0,0,0,0,0,0.0,0.0,0.0,46.99309158325195,1.7881393432617188e-07
1.674999999999998,47,0,0,0,0,0,0,0,0.0,0.0,0.0,46.668556213378906,1.7881393432617188e-07
1.699999999999998,47,17,0,2,15,1,0,1,1.4292459189891815,0.0,1.4292459189891815,46.24204635620117,1.7881393432617188e-07
1.7249999999999979,47,117,0,28,89,3,0,3,9.435264825820923,0.0,4.783365398645401,45.660762786865234,1.7881393432617188e-07
1.7499999999999978,47,162,2,32,128,5,0,5,13.325767561793327,0.0,5.796832397580147,44.892539978027344,1.7881393432617188e-07
1.7749999999999977,47,232,1,31,200,4,0,4,20.28161508589983,0.0,6.079139016568661,44.72941207885742,1.7881393432617188e-07
1.7999999999999976,47,287,1,45,241,4,0,4,24.708116613328457,0.0,6.880460254848003,45.089847564697266,1.7881393432617188e-07
1.8249999999999975,47,308,1,46,261,4,0,4,26.647520668804646,0.0,7.329313643276691,46.22636032104492,1.7881393432617188e-07
1.8499999999999974,47,358,0,51,307,5,0,5,31.257041834294796,0.0,8.020549558103085,46.49573516845703,1.7881393432617188e-07
1.8749999999999973,47,426,0,65,361,6,0,6,36.92486324161291,0.0,8.387548595666885,44.97080612182617,1.7881393432617188e-07
1.8999999999999972,47,515,0,73,442,6,0,6,44.99502422660589,0.0,8.8412451967597,46.911720275878906,1.7881393432617188e-07
1.9249999999999972,47,556,0,76,480,7,0,7,48.681061908602715,0.0,9.313486151397228,52.574851989746094,1.7881393432617188e-07
1.949999999999997,47,596,0,78,518,8,0,8,52.32717501372099,0.0,9.513107113540173,56.349613189697266,1.7881393432617188e-07
1.974999999999997,47,652,0,88,564,8,0,8,57.21661478281021,0.0,9.546181716024876,61.55604934692383,1.7881393432617188e-07
1.999999999999997,47,713,0,75,638,9,0,9,63.649051658809185,0.0,9.51594452559948,68.21321868896484,1.7881393432617188e-07
0.0,48,0,0,0,0,0,0,0,0.0,0.0,0.0,58.095420837402344,1.7881393432617188e-07
0.025,48,0,0,0,0,0,0,0,0.0,0.0,0.0,58.09011459350586,1.7881393432617188e-07
0.05,48,13,0,2,11,1,0,1,1.0719345286488533,0.0,1.0719345286488533,58.24077606201172,1.7881393432617188e-07
0.07500000000000001,48,67,0,8,59,2,0,2,5.813369393348694,0.0,2.9948015958070755,59.30979537963867,1.7881393432617188e-07
0.1,48,95,0,11,84,2,0,2,8.342780530452728,0.0,4.271200679242611,60.22810745239258,1.7881393432617188e-07
0.125,48,121,0,16,105,2,0,2,10.566497884690762,0.0,5.4278272688388824,60.53604507446289,1.7881393432617188e-07
0.15,48,180,0,26,154,3,0,3,15.620476268231869,0.0,6.471530966460705,60.22938537597656,1.7881393432617188e-07
0.175,48,244,0,34,210,4,0,4,21.241075038909912,0.0,6.817149192094803,61.78633499145508,1.7881393432617188e-07
0.19999999999999998,48,267,0,23,244,4,0,4,24.079016894102097,0.0,7.179304324090481,63.04127883911133,1.7881393432617188e-07
0.22499999999999998,48,298,0,22,276,4,0,4,27.09520000219345,0.0,7.644694708287716,61.9920768737793,1.7881393432617188e-07
0.24999999999999997,48,372,1,38,333,6,0,6,33.103346817195415,0.0,8.08669849485159,64.75060272216797,1.7881393432617188e-07
0.27499999999999997,48,480,0,65,415,6,0,6,42.04499112069607,0.0,8.479090444743633,68.99089050292969,1.7881393432617188e-07
0.3,48,490,2,51,437,6,0,6,43.65815091878176,0.0,8.455703310668468,76.70944213867188,1.7881393432617188e-07
0.325,48,501,4,36,461,7,0,7,45.46847780793905,0.0,8.352467745542526,85.31961059570312,1.7881393432617188e-07
0.35000000000000003,48,578,3,31,544,8,0,8,53.04830399155617,0.0,8.460547022521496,97.9870376586914,1.7881393432617188e-07
0.37500000000000006,48,638,1,49,588,9,0,9,57.83166862279177,0.0,8.585162982344627,110.01798248291016,1.7881393432617188e-07
0.4000000000000001,48,700,3,61,636,9,0,9,63.1018059104681,0.0,8.665011301636696,120.62089538574219,1.7881393432617188e-07
0.4250000000000001,48,776,0,72,704,10,0,10,69.76610700041056,0.0,8.625087223947048,129.73072814941406,1.7881393432617188e-07
0.4500000000000001,48,839,1,62,776,12,0,12,76.2102382928133,0.0,8.68154838681221,137.9016876220703,1.7881393432617188e-07
0.47500000000000014,48,894,3,49,842,12,0,12,82.10428860783577,0.0,8.54523877799511,147.5630340576172,1.7881393432617188e-07
0.5000000000000001,48,941,3,53,885,12,0,12,86.38033206760883,0.0,8.585162974894047,155.54104614257812,1.7881393432617188e-07
0.5250000000000001,48,977,3,65,909,12,0,12,89.20090585947037,0.0,8.665011242032051,160.9446258544922,1.7881393432617188e-07
0.5500000000000002,48,1026,5,73,948,14,0,14,93.24453691393137,0.0,8.761396735906601,163.1651153564453,1.7881393432617188e-07
0.5750000000000002,48,1036,6,68,962,14,0,14,94.35611382871866,0.0,8.62508700788021,162.06910705566406,1.7881393432617188e-07
0.6000000000000002,48,982,4,49,929,14,0,14,90.33698326349258,0.0,8.545238763093948,160.7272491455078,1.7881393432617188e-07
0.6250000000000002,48,955,5,64,886,12,0,12,87.02396330237389,0.0,8.585162959992886,156.01724243164062,1.7881393432617188e-07
0.6500000000000002,48,899,2,67,830,13,0,13,81.72670650482178,0.0,8.777933791279793,148.1701202392578,1.7881393432617188e-07
0.6750000000000003,48,821,2,62,757,12,0,12,74.41883783787489,0.0,8.761396877467632,137.9392547607422,1.7881393432617188e-07
0.7000000000000003,48,774,2,48,724,10,0,10,70.87194725871086,0.0,8.585162982344627,126.32164764404297,1.7881393432617188e-07
0.7250000000000003,48,726,2,58,666,10,0,10,65.70905902981758,0.0,8.585162781178951,116.85759735107422,1.7881393432617188e-07
0.7500000000000003,48,671,2,62,607,9,0,9,60.25016429275274,0.0,8.585162982344627,106.91563415527344,1.7881393432617188e-07
0.7750000000000004,48,591,1,51,539,10,0,10,53.148701548576355,0.0,8.62508711963892,96.1739273071289,1.7881393432617188e-07
0.8000000000000004,48,549,1,46,502,7,0,7,49.61551095545292,0.0,8.585162848234177,84.82022094726562,1.7881393432617188e-07
0.8250000000000004,48,533,1,52,480,7,0,7,47.734575159847736,0.0,8.665011316537857,73.1532211303711,1.7881393432617188e-07
0.8500000000000004,48,487,1,55,431,8,0,8,43.28824996203184,0.0,8.448853246867657,63.518611907958984,1.7881393432617188e-07
0.8750000000000004,48,391,0,44,347,7,1,6,34.81690578907728,0.40892913192510605,8.415779165923595,59.19160079956055,1.7881393432617188e-07
0.9000000000000005,48,358,0,41,317,5,0,5,31.765642903745174,0.0,8.013699926435947,57.541324615478516,1.7881393432617188e-07
0.9250000000000005,48,313,0,40,273,4,0,4,27.524678505957127,0.0,7.6446948274970055,56.0700798034668,1.7881393432617188e-07
0.9500000000000005,48,282,0,36,246,4,0,4,24.87549488991499,0.0,7.1793043166399,54.0300407409668,1.7881393432617188e-07
0.9750000000000005,48,252,0,33,219,4,0,4,22.125081941485405,0.0,6.640915282070637,53.36573791503906,1.7881393432617188e-07
1.0000000000000004,48,169,0,20,149,3,0,3,14.899003885686398,0.0,6.062601909041405,53.58340072631836,1.7881393432617188e-07
1.0250000000000004,48,143,0,20,123,3,0,3,12.392979443073273,0.0,5.467751480638981,53.505245208740234,1.7881393432617188e-07
1.0500000000000003,48,105,0,16,89,2,0,2,9.024329282343388,0.0,4.696667142212391,52.891517639160156,1.7881393432617188e-07
1.0750000000000002,48,83,0,14,69,2,0,2,7.045000649988651,0.0,3.789273090660572,52.256614685058594,1.7881393432617188e-07
1.1,48,17,0,2,15,1,0,1,1.4292459785938263,0.0,1.4292459785938263,51.67287826538086,1.7881393432617188e-07
1.125,48,0,0,0,0,0,0,0,0.0,0.0,0.0,50.9716911315918,1.7881393432617188e-07
1.15,48,0,0,0,0,0,0,0,0.0,0.0,0.0,50.8214111328125,1.7881393432617188e-07
1.1749999999999998,48,0,0,0,0,0,0,0,0.0,0.0,0.0,50.85904312133789,1.7881393432617188e-07
1.1999999999999997,48,0,0,0,0,0,0,0,0.0,0.0,0.0,50.72017288208008,1.7881393432617188e-07
1.2249999999999996,48,0,0,0,0,0,0,0,0.0,0.0,0.0,50.397342681884766,1.7881393432617188e-07
1.2499999999999996,48,0,0,0,0,0,0,0,0.0,0.0,0.0,49.91630935668945,1.7881393432617188e-07
1.2749999999999995,48,0,0,0,0,0,0,0,0.0,0.0,0.0,49.404422760009766,1.7881393432617188e-07
1.2999999999999994,48,0,0,0,0,0,0,0,0.0,0.0,0.0,49.3466682434082,1.7881393432617188e-07
1.3249999999999993,48,0,0,0,0,0,0,0,0.0,0.0,0.0,49.116188049316406,1.7881393432617188e-07
1.3499999999999992,48,0,0,0,0,0,0,0,0.0,0.0,0.0,48.820072174072266,1.7881393432617188e-07
1.3749999999999991,48,0,0,0,0,0,0,0,0.0,0.0,0.0,48.38320541381836,1.7881393432617188e-07
1.399999999999999,48,0,0,0,0,0,0,0,0.0,0.0,0.0,47.93352127075195,1.7881393432617188e-07
1.424999999999999,48,0,0,0,0,0,0,0,0.0,0.0,0.0,47.4616813659668,1.7881393432617188e-07
1.4499999999999988,48,0,0,0,0,0,0,0,0.0,0.0,0.0,47.09013366699219,1.7881393432617188e-07
1.4749999999999988,48,0,0,0,0,0,0,0,0.0,0.0,0.0,46.59471130371094,1.7881393432617188e-07
1.4999999999999987,48,0,0,0,0,0,0,0,0.0,0.0,0.0,46.91605758666992,1.7881393432617188e-07
1.5249999999999986,48,0,0,0,0,0,0,0,0.0,0.0,0.0,47.177703857421875,1.7881393432617188e-07
1.5499999999999985,48,0,0,0,0,0,0,0,0.0,0.0,0.0,47.33539581298828,1.7881393432617188e-07
1.5749999999999984,48,0,0,0,0,0,0,0,0.0,0.0,0.0,47.37845230102539,1.7881393432617188e-07
1.5999999999999983,48,0,0,0,0,0,0,0,0.0,0.0,0.0,47.30168914794922,1.7881393432617188e-07
1.6249999999999982,48,0,0,0,0,0,0,0,0.0,0.0,0.0,47.108272552490234,1.7881393432617188e-07
1.6499999999999981,48,0,0,0,0,0,0,0,0.0,0.0,0.0,46.7924690246582,1.7881393432617188e-07
1.674999999999998,48,0,0,0,0,0,0,0,0.0,0.0,0.0,46.355751037597656,1.7881393432617188e-07
1.699999999999998,48,40,1,6,33,1,0,1,3.392037555575371,0.0,3.392037555575371,45.80674743652344,1.7881393432617188e-07
1.7249999999999979,48,104,2,15,87,4,0,4,8.735172979533672,0.0,4.576894633471966,45.177608489990234,1.7881393432617188e-07
1.7499999999999978,48,140,1,10,129,3,0,3,12.583744078874588,0.0,5.195131987333298,45.02906036376953,1.7881393432617188e-07
1.7749999999999977,48,208,2,23,183,4,0,4,18.307577781379223,0.0,6.198911659419537,44.5449333190918,1.7881393432617188e-07
1.7999999999999976,48,262,0,42,220,4,0,4,22.63724698871374,0.0,7.146230079233646,44.15599060058594,1.7881393432617188e-07
1.8249999999999975,48,301,0,45,256,4,0,4,26.198668256402016,0.0,7.611620530486107,44.77157974243164,1.7881393432617188e-07
1.8499999999999974,48,391,0,53,338,6,0,6,34.200674556195736,0.0,8.156859494745731,45.04367446899414,1.7881393432617188e-07
1.8749999999999973,48,450,0,51,399,6,0,6,39.97211340814829,0.0,8.871482320129871,44.64452362060547,1.7881393432617188e-07
1.8999999999999972,48,479,0,53,426,6,0,6,42.59791013598442,0.0,8.88116991519928,47.4919548034668,1.7881393432617188e-07
1.9249999999999972,48,534,0,75,459,10,0,10,46.553729712963104,0.0,9.073940724134445,48.8289909362793,1.7881393432617188e-07
1.949999999999997,48,614,0,88,526,8,0,8,53.49750133603811,0.0,9.097327455878258,55.583885192871094,1.7881393432617188e-07
1.974999999999997,48,658,0,77,581,8,0,8,58.387771382927895,0.0,9.193713456392288,62.39521789550781,1.7881393432617188e-07
1.999999999999997,48,681,0,62,619,8,0,8,61.36686751246452,0.0,9.266712218523026,68.86643981933594,1.7881393432617188e-07
0.0,49,0,0,0,0,0,0,0,0.0,0.0,0.0,59.98068618774414,1.7881393432617188e-07
0.025,49,0,0,0,0,0,0,0,0.0,0.0,0.0,59.621917724609375,1.7881393432617188e-07
0.05,49,37,0,6,31,2,0,2,3.119417943060398,0.0,1.661941297352314,59.19229507446289,1.7881393432617188e-07
0.07500000000000001,49,71,0,13,58,2,0,2,5.944835491478443,0.0,3.046419359743595,60.41218185424805,1.7881393432617188e-07
0.1,49,93,0,17,76,2,0,2,7.867702774703503,0.0,4.094966873526573,61.24263381958008,1.7881393432617188e-07
0.125,49,137,0,19,118,4,0,4,11.85898593813181,0.0,5.251593269407749,61.198482513427734,1.7881393432617188e-07
0.15,49,211,0,35,176,4,0,4,18.00389116257429,0.0,6.029527738690376,60.878456115722656,1.7881393432617188e-07
0.175,49,248,0,32,216,4,0,4,21.711309254169464,0.0,6.704226404428482,61.7624397277832,1.7881393432617188e-07
0.19999999999999998,49,271,0,30,241,4,0,4,24.06932982802391,0.0,7.242615394294262,63.273292541503906,1.7881393432617188e-07
0.22499999999999998,49,337,1,31,305,6,0,6,30.125081978738308,0.0,7.764467403292656,62.356449127197266,1.7881393432617188e-07
0.24999999999999997,49,404,0,47,357,6,0,6,35.764223508536816,0.0,8.133472137153149,64.93673706054688,1.7881393432617188e-07
0.27499999999999997,49,479,3,62,414,6,0,6,42.03329650312662,0.0,8.592012971639633,67.70332336425781,1.7881393432617188e-07
0.3,49,526,2,63,461,7,0,7,46.49481392651796,0.0,9.040866047143936,72.3551254272461,1.7881393432617188e-07
0.325,49,535,3,50,482,7,0,7,47.89911499619484,0.0,8.688398443162441,86.79008483886719,1.7881393432617188e-07
0.35000000000000003,49,584,1,46,537,9,0,9,52.79623395204544,0.0,8.864632204174995,100.84210205078125,1.7881393432617188e-07
0.37500000000000006,49,652,1,66,585,8,0,8,58.31760934740305,0.0,8.82470803707838,112.86605072021484,1.7881393432617188e-07
0.4000000000000001,49,715,0,75,640,9,0,9,63.84182186424732,0.0,8.721472673118114,123.4824447631836,1.7881393432617188e-07
0.4250000000000001,49,784,2,70,712,10,0,10,70.5371923148632,0.0,8.704935669898987,131.54983520507812,1.7881393432617188e-07
0.4500000000000001,49,808,3,57,748,10,0,10,73.58444156497717,0.0,8.784784011542797,137.7091827392578,1.7881393432617188e-07
0.47500000000000014,49,910,5,57,848,12,0,12,83.13785675168037,0.0,8.841245107352734,143.4092559814453,1.7881393432617188e-07
0.5000000000000001,49,971,4,72,895,12,0,12,88.1991336196661,0.0,8.857782304286957,150.3778076171875,1.7881393432617188e-07
0.5250000000000001,49,992,4,71,917,12,0,12,90.22322979569435,0.0,8.834395579993725,155.91297912597656,1.7881393432617188e-07
0.5500000000000002,49,1010,2,69,939,13,0,13,92.08762938529253,0.0,8.698085986077785,161.09475708007812,1.7881393432617188e-07
0.5750000000000002,49,1008,1,66,941,13,0,13,92.12070291489363,0.0,8.721472665667534,163.83279418945312,1.7881393432617188e-07
0.6000000000000002,49,997,4,70,923,13,0,13,90.6934638991952,0.0,8.704935662448406,163.01724243164062,1.7881393432617188e-07
0.6250000000000002,49,953,2,64,887,13,0,13,86.93242138624191,0.0,8.681548438966274,159.7109375,1.7881393432617188e-07
0.6500000000000002,49,901,3,61,837,12,0,12,82.1014511063695,0.0,8.738010168075562,151.83551025390625,1.7881393432617188e-07
0.6750000000000003,49,842,3,65,774,12,0,12,76.38557698577642,0.0,8.777934171259403,140.22012329101562,1.7881393432617188e-07
0.7000000000000003,49,802,3,74,725,10,0,10,72.01805547624826,0.0,8.937630735337734,126.64561462402344,1.7881393432617188e-07
0.7250000000000003,49,719,3,58,658,10,0,10,64.94966826587915,0.0,8.93763080239296,113.41374969482422,1.7881393432617188e-07
0.7500000000000003,49,649,2,42,605,9,0,9,59.28713916987181,0.0,8.841245330870152,103.5754623413086,1.7881393432617188e-07
0.7750000000000004,49,614,3,42,569,8,0,8,55.92533930391073,0.0,8.81785849481821,95.57537078857422,1.7881393432617188e-07
0.8000000000000004,49,585,1,54,530,8,0,8,52.53731396794319,0.0,8.704935505986214,85.2190933227539,1.7881393432617188e-07
0.8250000000000004,49,531,2,62,467,8,0,8,46.936817578971386,0.0,8.761396802961826,73.7698745727539,1.7881393432617188e-07
0.8500000000000004,49,489,1,54,434,6,0,6,43.47707283496857,0.0,8.592013001441956,64.28985595703125,1.7881393432617188e-07
0.8750000000000004,49,445,0,43,402,6,0,6,39.885414972901344,0.0,8.342780761420727,60.40629959106445,1.7881393432617188e-07
0.9000000000000005,49,384,0,32,352,6,0,6,34.655202619731426,0.0,7.966925509274006,58.63786697387695,1.7881393432617188e-07
0.9250000000000005,49,334,0,32,302,5,0,5,29.90408055484295,0.0,7.837465852499008,56.00986862182617,1.7881393432617188e-07
0.9500000000000005,49,296,0,37,259,4,0,4,26.055508852005005,0.0,7.651544623076916,53.31972885131836,1.7881393432617188e-07
0.9750000000000005,49,266,0,36,230,4,0,4,23.248634912073612,0.0,6.704226545989513,53.22587203979492,1.7881393432617188e-07
1.0000000000000004,49,219,0,26,193,4,0,4,19.423385247588158,0.0,5.86983086168766,53.29362869262695,1.7881393432617188e-07
1.0250000000000004,49,142,2,12,128,3,0,3,12.607131712138653,0.0,5.035435326397419,52.82942199707031,1.7881393432617188e-07
1.0500000000000003,49,99,2,15,82,2,0,2,8.389554902911186,0.0,4.4075106382369995,52.6032600402832,1.7881393432617188e-07
1.0750000000000002,49,67,0,10,57,2,0,2,5.700446903705597,0.0,3.3404195830225945,52.61821365356445,1.7881393432617188e-07
1.1,49,18,0,2,16,1,0,1,1.5538621544837952,0.0,1.5538621544837952,52.46560287475586,1.7881393432617188e-07
1.125,49,0,0,0,0,0,0,0,0.0,0.0,0.0,52.574161529541016,1.7881393432617188e-07
1.15,49,0,0,0,0,0,0,0,0.0,0.0,0.0,52.469886779785156,1.7881393432617188e-07
1.1749999999999998,49,0,0,0,0,0,0,0,0.0,0.0,0.0,52.221412658691406,1.7881393432617188e-07
1.1999999999999997,49,0,0,0,0,0,0,0,0.0,0.0,0.0,51.80721664428711,1.7881393432617188e-07
1.2249999999999996,49,0,0,0,0,0,0,0,0.0,0.0,0.0,51.281131744384766,1.7881393432617188e-07
1.2499999999999996,49,0,0,0,0,0,0,0,0.0,0.0,0.0,50.63589096069336,1.7881393432617188e-07
1.2749999999999995,49,0,0,0,0,0,0,0,0.0,0.0,0.0,50.18207931518555,1.7881393432617188e-07
1.2999999999999994,49,0,0,0,0,0,0,0,0.0,0.0,0.0,50.05923843383789,1.7881393432617188e-07
1.3249999999999993,49,0,0,0,0,0,0,0,0.0,0.0,0.0,49.83366394042969,1.7881393432617188e-07
1.3499999999999992,49,0,0,0,0,0,0,0,0.0,0.0,0.0,49.563541412353516,1.7881393432617188e-07
1.3749999999999991,49,0,0,0,0,0,0,0,0.0,0.0,0.0,49.1741943359375,1.7881393432617188e-07
1.399999999999999,49,0,0,0,0,0,0,0,0.0,0.0,0.0,48.8095588684082,1.7881393432617188e-07
1.424999999999999,49,0,0,0,0,0,0,0,0.0,0.0,0.0,48.403038024902344,1.7881393432617188e-07
1.4499999999999988,49,0,0,0,0,0,0,0,0.0,0.0,0.0,47.898311614990234,1.7881393432617188e-07
1.4749999999999988,49,0,0,0,0,0,0,0,0.0,0.0,0.0,47.3768196105957,1.7881393432617188e-07
1.4999999999999987,49,0,0,0,0,0,0,0,0.0,0.0,0.0,47.73779296875,1.7881393432617188e-07
1.5249999999999986,49,0,0,0,0,0,0,0,0.0,0.0,0.0,47.94840621948242,1.7881393432617188e-07
1.5499999999999985,49,0,0,0,0,0,0,0,0.0,0.0,0.0,48.01593780517578,1.7881393432617188e-07
1.5749999999999984,49,0,0,0,0,0,0,0,0.0,0.0,0.0,47.928619384765625,1.7881393432617188e-07
1.5999999999999983,49,0,0,0,0,0,0,0,0.0,0.0,0.0,47.6764030456543,1.7881393432617188e-07
1.6249999999999982,49,0,0,0,0,0,0,0,0.0,0.0,0.0,47.2758903503418,1.7881393432617188e-07
1.6499999999999981,49,0,0,0,0,0,0,0,0.0,0.0,0.0,46.71135711669922,1.7881393432617188e-07
1.674999999999998,49,0,0,0,0,0,0,0,0.0,0.0,0.0,45.99782180786133,1.7881393432617188e-07
1.699999999999998,49,74,0,9,65,2,0,2,6.4316070303320885,0.0,3.2274970337748528,45.15456771850586,1.7881393432617188e-07
1.7249999999999979,49,102,0,15,87,2,0,2,8.791634142398834,0.0,4.536970354616642,44.22871017456055,1.7881393432617188e-07
1.7499999999999978,49,156,0,20,136,3,0,3,13.617761179804802,0.0,5.8299068212509155,43.18567657470703,1.7881393432617188e-07
1.7749999999999977,49,231,0,39,192,4,0,4,19.70575610548258,0.0,6.415069915354252,43.53154373168945,1.7881393432617188e-07
1.7999999999999976,49,274,0,45,229,4,0,4,23.511566817760468,0.0,6.823998905718327,44.07280349731445,1.7881393432617188e-07
1.8249999999999975,49,326,0,45,281,5,0,5,28.4836909994483,0.0,7.449086427688599,44.92505645751953,1.7881393432617188e-07
1.8499999999999974,49,425,1,67,357,6,0,6,36.715554147958755,0.0,8.288325436413288,45.168453216552734,1.7881393432617188e-07
1.8749999999999973,49,485,1,68,416,6,0,6,42.32930359989405,0.0,8.462553292512894,43.86758804321289,1.7881393432617188e-07
1.8999999999999972,49,513,0,73,440,6,0,6,44.74579230695963,0.0,8.824708133935928,47.19765853881836,1.7881393432617188e-07
1.9249999999999972,49,529,0,64,465,6,0,6,46.8243425488472,0.0,8.961017869412899,50.68114471435547,1.7881393432617188e-07
1.949999999999997,49,606,0,54,552,8,0,8,54.617873176932335,0.0,9.13040266931057,55.277320861816406,1.7881393432617188e-07
1.974999999999997,49,664,0,69,595,8,0,8,59.36131373792887,0.0,9.170326754450798,63.61789321899414,1.7881393432617188e-07
1.999999999999997,49,699,0,86,613,8,0,8,61.803196616470814,0.0,9.250175140798092,73.93071746826172,1.7881393432617188e-07
